id1,id2,sim_score
2540,13096,0.9316597
2540,16881,0.92636037
859,10256,0.9262533
1178,21224,0.91751814
2540,27667,0.91686165
2490,51336,0.9159353
1059,12182,0.9158754
828,30002,0.9153662
265,42599,0.9138904
2246,6250,0.9089258
840,50667,0.90880775
1989,13754,0.9087688
135,22973,0.9075079
2540,34826,0.9072955
674,53129,0.9072873
60,4040,0.90618825
1082,37919,0.90467393
649,21454,0.90425104
1918,49524,0.9041071
514,2754,0.9034196
2540,53970,0.90273213
2492,4589,0.90233743
2330,4589,0.90143985
2342,4589,0.90143985
883,45613,0.9005357
528,10163,0.8989525
2540,29360,0.8983934
665,21283,0.89746845
2544,40444,0.89659685
1905,13933,0.8959491
2540,53496,0.8958328
2483,4589,0.8952765
2330,27953,0.8949923
2342,27953,0.8949923
649,20876,0.8949895
2042,59907,0.8948096
2492,40444,0.89418256
2483,40444,0.8941686
581,31393,0.89378226
2053,38030,0.89338946
916,3822,0.89315355
2540,2244,0.89313745
2443,4589,0.89264524
4,60124,0.89238137
806,20029,0.8921604
840,8056,0.89213103
879,32384,0.89211667
1908,42599,0.8918575
559,7525,0.89174116
2042,43777,0.8914511
207,44003,0.8912413
1818,4443,0.8909621
2466,4589,0.89080274
2492,40642,0.890756
979,20029,0.89059377
2492,32656,0.8905426
1954,4312,0.8902528
2554,50008,0.8899292
18,7525,0.88953185
2144,57347,0.88947105
773,42029,0.88941276
2540,43640,0.88886285
2280,4589,0.8885802
2295,4589,0.8885802
1972,49855,0.8884139
16,24925,0.88837063
2492,27953,0.8880901
2443,27953,0.88798714
674,51641,0.887913
2466,40444,0.8877822
182,56576,0.88770056
1972,29702,0.8875265
1082,30906,0.8875071
207,61696,0.8874209
773,7386,0.88729936
1178,49293,0.8871855
1765,61585,0.887042
208,60089,0.8868825
1280,14415,0.8866303
1972,16106,0.88621646
2330,32656,0.886099
2342,32656,0.886099
2466,40642,0.8857461
2188,16106,0.8855256
674,21924,0.8852038
994,31888,0.8851403
1424,56576,0.8850486
2184,21032,0.88495547
2483,27953,0.88483584
2466,32656,0.8846227
2330,40642,0.8846016
2342,40642,0.8846016
2483,32656,0.88437545
2184,18910,0.88387245
2492,62857,0.88379925
674,53611,0.88373184
2443,32656,0.8833052
2342,40444,0.88324845
2330,40444,0.88324845
840,20734,0.8831669
2483,40642,0.88308096
528,33405,0.8830114
1972,13754,0.8828933
2443,40642,0.88249385
1439,47851,0.882463
916,23649,0.8824133
2144,60820,0.88231
1082,43777,0.8820834
2355,17062,0.8819843
503,31393,0.88159966
2206,2517,0.8815554
2550,40444,0.8812996
284,59163,0.8809698
1280,2863,0.880911
879,11758,0.88065904
2399,52946,0.88062304
1630,61694,0.8803165
805,12503,0.88021743
1108,17166,0.8799217
2540,4334,0.8799068
2295,40444,0.87973565
2280,40444,0.87973565
1082,51976,0.8797058
2355,31280,0.8796631
1964,30002,0.8795498
1424,10708,0.8795478
2295,40642,0.8795286
2280,40642,0.8795286
2042,30906,0.87933576
2538,53496,0.87929225
2443,40444,0.87919056
120,12676,0.8788697
665,60891,0.8783808
1178,2863,0.878345
840,37012,0.87823147
840,31888,0.8781617
2246,11134,0.87790847
2466,27953,0.87780416
674,46108,0.8777688
528,1268,0.87771547
581,25579,0.87770677
665,3779,0.87747556
178,21883,0.87747204
2295,32656,0.87742114
2280,32656,0.87742114
674,16274,0.87728864
1964,2195,0.8771163
454,59163,0.87699735
2565,57583,0.8769666
1090,36091,0.87691635
676,50248,0.8768081
1862,938,0.8766303
2049,45088,0.87660295
797,39605,0.87657654
4,49814,0.8765719
4,48837,0.87651134
2405,57875,0.87642634
676,57667,0.876261
265,56281,0.87612987
840,21177,0.87590003
996,54277,0.8758441
1818,61651,0.87583166
1964,30056,0.87580323
916,31888,0.8757498
2466,44761,0.8757326
2489,37787,0.87568575
1380,8129,0.87567025
840,34154,0.87531054
2612,6703,0.87501824
842,46608,0.8749375
566,4991,0.87485635
2295,27953,0.8746816
2280,27953,0.8746816
2540,62580,0.8745746
660,41762,0.8744259
859,12112,0.8741665
1423,56281,0.8737816
1068,27630,0.8737637
1082,59907,0.87374556
422,2583,0.8736087
535,27463,0.8735306
131,59907,0.8733367
1519,33681,0.8732168
1203,15861,0.87309045
528,27230,0.87283933
264,63403,0.8727876
2355,29409,0.8725077
667,12112,0.87247896
674,52946,0.8724704
1324,26633,0.8724328
916,34787,0.87238145
2184,48824,0.8723207
735,7677,0.8721254
340,12240,0.8721248
842,34154,0.87201643
2343,3973,0.87199116
879,10708,0.8719355
1945,37548,0.87183315
1408,49443,0.87182015
503,21924,0.8713914
4,15190,0.871287
1178,58865,0.8712764
120,7751,0.8711573
4,35892,0.87115073
454,59558,0.8711257
1380,21904,0.87107813
2355,52549,0.87098074
973,30721,0.87090665
773,12109,0.87077755
1964,20309,0.8706876
40,43907,0.87067723
1051,43777,0.87036717
1672,60210,0.87034416
1188,37787,0.87031525
1828,9299,0.8702719
2144,52470,0.87021065
1186,3253,0.870062
2565,50008,0.86993605
1203,6998,0.86992395
2188,41389,0.8699195
1348,33861,0.8698565
674,30721,0.86964476
804,59558,0.8696253
2540,28051,0.8694691
2385,34586,0.8694627
811,53129,0.86939055
2282,4370,0.86935973
999,10812,0.86934984
806,7363,0.8693304
503,50780,0.86924434
1964,9847,0.8691629
540,17510,0.86902046
2184,50155,0.8689953
1558,63141,0.868782
1991,18241,0.8687396
540,16948,0.86873955
265,7560,0.8686888
806,35236,0.86868423
1424,34331,0.86861277
674,21047,0.8680943
1082,47516,0.8680295
2029,55342,0.86799717
973,2464,0.86795163
1905,37108,0.86773455
1630,46369,0.8675554
2405,35434,0.86720276
986,12780,0.8671423
1082,12240,0.8670001
1925,1933,0.8669883
436,54938,0.86695963
657,13037,0.86687505
1051,30906,0.86651963
583,40053,0.8664989
131,22305,0.8664351
660,21475,0.8662625
1051,37919,0.86623883
1224,44767,0.8662275
2086,13754,0.8662173
2184,4298,0.86614865
916,48069,0.8661196
408,40444,0.8661083
2416,35914,0.86593246
2385,50005,0.8659255
840,61486,0.8658811
1750,22911,0.8658608
2184,29784,0.8658496
2554,46389,0.8657129
2565,44812,0.8655926
1082,63245,0.8655591
39,22911,0.8655404
1050,30906,0.8655129
1152,43176,0.8654479
2332,44542,0.8653139
503,7525,0.8651754
6,59202,0.86515164
2042,17236,0.86514306
1082,9939,0.8651047
60,32260,0.86504114
1439,33793,0.86503524
840,17041,0.86502135
2399,42542,0.8649939
2042,63245,0.8648145
280,20363,0.8648116
1082,56496,0.86477506
1818,41920,0.8646959
1625,50245,0.86469036
879,59907,0.8646171
773,11740,0.86448276
376,4589,0.8644436
189,4589,0.8644436
205,4589,0.8644436
1408,55684,0.86443305
2612,38815,0.8644144
642,38339,0.8644115
529,39290,0.86435986
2215,32114,0.8642817
916,46289,0.86425614
264,37919,0.86422324
674,50780,0.8641317
93,24034,0.86398214
934,23100,0.86387986
265,9847,0.86386454
2383,50644,0.8636505
994,44986,0.86361253
1188,56576,0.8635874
2385,44758,0.8635045
674,42542,0.8634941
1519,29138,0.8634775
1991,2357,0.8634733
1424,59907,0.8634492
51,37725,0.8634115
1737,35095,0.8633476
1519,13705,0.86333233
677,10256,0.863276
408,4589,0.8631967
175,53486,0.86306804
2489,56576,0.8628846
2385,43060,0.8628452
284,59558,0.86275625
2332,42439,0.8627051
107,58383,0.8626497
540,63622,0.86261976
1037,43577,0.86250925
996,48928,0.86240405
96,57609,0.86234874
1964,483,0.8622943
182,33034,0.86228395
2381,20480,0.8622092
842,48069,0.8621415
1989,49855,0.8621136
1178,61128,0.861998
649,10256,0.8619348
1908,56281,0.8619197
247,14081,0.86191916
526,51976,0.8618898
1145,51866,0.8618837
555,59936,0.86188227
2588,4589,0.8618049
228,4589,0.8618049
1759,38688,0.8617431
1989,18611,0.86174065
155,4589,0.8617375
994,20734,0.861671
2157,47993,0.8616699
6,43278,0.8615948
1925,57581,0.86158496
658,33580,0.861477
645,56137,0.86142176
1830,23711,0.86122763
2385,46567,0.86122215
406,60363,0.8612038
1082,19535,0.8611944
1050,46828,0.8611897
996,7525,0.86114347
74,57667,0.86099756
526,28751,0.8609756
1050,43777,0.8608862
228,40642,0.86084384
2588,40642,0.86084384
840,30120,0.8607907
1841,48928,0.86076236
2052,32392,0.86062825
120,9565,0.86045575
1498,15307,0.8603964
1394,22308,0.86038625
340,9939,0.8603488
1377,45113,0.86019397
2168,40316,0.860188
2193,23036,0.8601042
735,36549,0.8600875
1519,27630,0.86006534
1901,4589,0.86002517
2385,30048,0.8600197
1841,41055,0.85997844
1672,33175,0.85993326
855,1933,0.8597925
2212,61103,0.85967565
503,37320,0.85965717
1818,7564,0.8594934
562,13037,0.8592487
1972,40086,0.8590667
503,16274,0.8589887
408,40642,0.85890985
801,12503,0.8587642
195,44003,0.8587304
1945,6124,0.85851955
840,48069,0.8584808
503,44986,0.8584772
205,32656,0.85831547
189,32656,0.85831547
376,32656,0.85831547
406,63403,0.8583019
1865,31853,0.85829186
2184,23243,0.8582057
859,43308,0.8581903
581,27456,0.8581491
677,34154,0.8580819
1868,32373,0.8579639
2103,53969,0.85796374
68,15006,0.8579488
661,14605,0.85793364
767,14605,0.85793364
503,5730,0.857885
1773,14067,0.857828
2184,40965,0.8577983
2184,23036,0.8577384
1643,57875,0.85762
2385,32362,0.8575443
861,14605,0.85751504
886,14605,0.85751504
1976,4589,0.85751486
1895,4589,0.85751486
1945,54369,0.8575087
1000,14605,0.857242
961,14605,0.857242
879,45889,0.85720545
1498,4158,0.85711825
74,31393,0.8571109
1857,35609,0.8571015
264,6891,0.85707504
861,57047,0.8570603
886,57047,0.8570603
1188,46916,0.85704
1773,12964,0.8570372
2585,4589,0.85702014
76,4589,0.85702014
52,4589,0.85702014
568,4589,0.85696405
801,666,0.8569288
2042,18337,0.8568521
1818,50245,0.8568516
2391,22010,0.856837
503,52946,0.85682666
570,33681,0.8568243
1451,35793,0.85679555
198,18730,0.8567483
503,39695,0.856734
661,57047,0.85666513
767,57047,0.85666513
2588,40444,0.8566593
228,40444,0.8566593
45,7564,0.8566047
658,57284,0.8565767
1599,46857,0.85656416
115,57047,0.8563284
42,57047,0.8563284
2603,57047,0.8563284
3,57047,0.8563284
2399,30705,0.8563117
559,31393,0.8563062
436,45743,0.8562771
1203,10690,0.85618633
773,7564,0.8561325
2042,39396,0.8561293
1599,52075,0.85610247
1051,51976,0.85609186
973,5730,0.8560878
2042,47516,0.8560505
182,63403,0.8560461
2086,8511,0.8560277
406,43777,0.85602593
739,26342,0.85602486
1442,32111,0.8559082
1841,16499,0.85588276
169,57047,0.8558679
194,57047,0.8558679
1124,34798,0.8558676
658,21042,0.85585845
1890,59778,0.85585475
2027,57632,0.8558422
2068,18345,0.85583746
2442,29036,0.85582626
2374,31280,0.8556844
1486,52022,0.8556646
2500,9936,0.85562396
840,26011,0.85562116
1439,34274,0.85561025
295,10507,0.8555541
329,10507,0.8555541
353,10507,0.8555541
2042,21475,0.85548794
885,52285,0.85544276
1914,57047,0.85541147
1827,57047,0.85541147
1922,57047,0.85541147
2570,57047,0.85541147
1828,44385,0.8552971
581,2464,0.855204
2489,46916,0.8551067
406,38561,0.85509515
961,57047,0.85509443
1000,57047,0.85509443
1046,58432,0.85498697
667,43308,0.8549223
2612,38975,0.85486454
1901,40642,0.8547249
1972,16223,0.8547155
664,63141,0.85468173
570,10163,0.85466695
526,56496,0.85463816
189,44761,0.85458606
376,44761,0.85458606
205,44761,0.85458606
971,6044,0.8545678
879,43777,0.8545658
1519,47930,0.85456216
184,57499,0.85451055
2340,35459,0.8544986
879,23618,0.8544538
811,21924,0.8543171
773,31022,0.8542677
994,42920,0.8542448
986,1184,0.8542341
76,32656,0.85418475
2585,32656,0.85418475
52,32656,0.85418475
1498,39111,0.8541083
2074,9939,0.85407907
1078,33580,0.8539355
410,40444,0.85393226
580,40444,0.85393226
622,40444,0.85393226
205,40444,0.8539093
376,40444,0.8539093
189,40444,0.8539093
155,8559,0.85389835
1051,21004,0.8538842
503,58907,0.853876
120,55492,0.8538513
1050,51976,0.8538197
879,17236,0.85381293
2343,54979,0.85372794
1050,37919,0.85370743
528,4751,0.85367316
321,4589,0.8535993
278,4589,0.8535993
359,4589,0.8535993
1978,22305,0.8535149
2355,57384,0.85349786
2374,9299,0.8534941
1375,5079,0.85333604
175,60455,0.8533231
1326,21606,0.8531952
568,8559,0.8529875
175,30753,0.85295874
1519,31823,0.8528697
986,15801,0.8528668
1536,38552,0.8528507
798,15339,0.8528449
3,10507,0.8527998
42,10507,0.8527998
115,10507,0.8527998
2603,10507,0.8527998
811,31393,0.8527452
514,32599,0.8527272
1051,63245,0.8527225
1901,42156,0.8525968
503,57667,0.85255784
464,25579,0.8524798
1164,50670,0.8524618
545,4589,0.85244274
520,4589,0.85244274
773,49169,0.85239226
811,57667,0.8523652
74,50248,0.85234106
1736,34941,0.8523199
773,13025,0.85208863
1989,16106,0.85208523
1908,7560,0.8520812
1759,2195,0.852044
511,54340,0.85201204
18,15339,0.851948
1998,31393,0.85190195
131,37919,0.851895
1046,34301,0.85186887
2005,15847,0.8518597
1050,63245,0.85171354
60,18281,0.8516078
1945,15576,0.8515639
1776,58784,0.8515525
2383,6243,0.851549
580,4589,0.85154563
410,4589,0.85154563
622,4589,0.85154563
2450,37045,0.85153425
1377,57384,0.8515171
1898,30691,0.85150814
1828,17062,0.85150385
153,11758,0.851418
1914,14605,0.8514148
1827,14605,0.8514148
2570,14605,0.8514148
1922,14605,0.8514148
925,61651,0.8513813
1976,32656,0.8513456
1895,32656,0.8513456
228,42156,0.85129464
2588,42156,0.85129464
520,40444,0.85129267
545,40444,0.85129267
511,45010,0.85125977
528,7908,0.8512472
1050,60949,0.8512019
2037,50897,0.8511354
562,49169,0.851088
1502,54854,0.8509902
916,34154,0.8509526
131,55586,0.85093594
1050,47516,0.8509333
528,33681,0.8509296
2399,43912,0.8509234
2343,16092,0.85091794
1050,23224,0.8508899
1188,37919,0.8508573
340,53022,0.8508534
114,26552,0.8507605
264,34865,0.8507029
917,6850,0.8505851
2570,10507,0.85057306
1827,10507,0.85057306
1922,10507,0.85057306
1914,10507,0.85057306
520,32656,0.8505653
545,32656,0.8505653
677,29504,0.8505366
1068,17415,0.85050946
669,31981,0.85048723
1952,40332,0.8504528
1841,55313,0.85042846
570,33405,0.8504114
2042,23618,0.8503718
469,4589,0.85033613
460,4589,0.85033613
2489,37919,0.8502617
1382,48837,0.850193
498,51630,0.85019255
74,30721,0.85017407
842,48928,0.8501594
497,31497,0.85014087
45,29964,0.8501371
916,19343,0.8501154
1918,57383,0.85011536
107,63945,0.8501071
2565,60777,0.8500818
353,57047,0.85003984
295,57047,0.85003984
329,57047,0.85003984
105,12017,0.8500302
2193,51617,0.8500272
2294,49290,0.849802
189,27953,0.84979284
205,27953,0.84979284
376,27953,0.84979284
1432,29409,0.84974885
859,18704,0.8496729
329,14605,0.849653
353,14605,0.849653
295,14605,0.849653
228,32656,0.8495698
2588,32656,0.8495698
545,44761,0.84956914
520,44761,0.84956914
2215,40870,0.8495565
703,51769,0.84948623
1630,41972,0.8494472
2042,45889,0.8494133
2585,40444,0.8494039
52,40444,0.8494039
76,40444,0.8494039
1788,23894,0.8492845
460,32656,0.8492805
469,32656,0.8492805
18,5087,0.84925604
1908,9847,0.8492483
1324,54231,0.84920764
946,22911,0.84918463
195,61696,0.84916985
2282,41974,0.84913504
580,32656,0.84909415
410,32656,0.84909415
622,32656,0.84909415
2086,19786,0.84908795
1945,48392,0.8490533
829,16218,0.84901685
2074,12240,0.848904
973,31393,0.84889114
2585,44761,0.8488408
76,44761,0.8488408
52,44761,0.8488408
528,17415,0.84883666
569,52438,0.8487778
849,57581,0.84875077
317,37465,0.84873366
1841,40897,0.8487149
1966,36549,0.8486606
973,37702,0.84864575
622,44761,0.8486309
410,44761,0.8486309
580,44761,0.8486309
1958,2357,0.84859025
1377,23262,0.8485178
74,39550,0.8484405
851,60949,0.8483867
1815,9180,0.84838146
278,40444,0.84838116
359,40444,0.84838116
321,40444,0.84838116
1051,47516,0.84830534
1901,40444,0.8482847
986,38444,0.84820175
677,42920,0.8481821
840,46608,0.84813404
454,40488,0.8481269
1946,28422,0.8481212
659,60153,0.8481195
406,7950,0.8481107
278,32656,0.84810483
321,32656,0.84810483
359,32656,0.84810483
1486,11268,0.84810233
916,46608,0.8480689
2246,11180,0.8480642
505,23618,0.8480269
514,17415,0.84801805
676,2762,0.84801626
538,31531,0.847906
2338,54174,0.84788626
1408,54979,0.8478856
840,16972,0.84788084
2385,24966,0.847772
1841,55705,0.84776723
1964,42599,0.8477672
131,39396,0.84772897
1905,33750,0.8476898
2565,46389,0.84760904
709,36064,0.84759915
1000,10507,0.84758896
961,10507,0.84758896
2519,29409,0.8475671
514,50886,0.84756327
2168,37005,0.847518
996,55705,0.84745336
72,46106,0.8473122
540,61042,0.84725714
1773,2563,0.8472537
2399,35097,0.8471627
1818,11740,0.84715915
2464,50877,0.8471179
2086,28116,0.8471028
469,40444,0.8470626
460,40444,0.8470626
734,35337,0.84705687
1966,7677,0.8470062
2214,60949,0.84696305
859,29227,0.8469509
859,27619,0.84694415
1280,58865,0.84694093
169,10507,0.8468802
194,10507,0.8468802
767,10507,0.84685194
661,10507,0.84685194
1737,11856,0.8468154
1324,1544,0.8467994
39,9790,0.8467699
477,10507,0.8466816
483,10507,0.8466816
267,10507,0.8466816
2332,6179,0.84659964
733,35337,0.84657687
1423,483,0.8465665
1324,32246,0.8465087
677,7509,0.84648836
1759,56281,0.84648746
570,7908,0.8464675
193,15339,0.8464331
1976,44761,0.8463963
1895,44761,0.8463963
1860,47552,0.84638584
1652,26305,0.84638375
1818,12109,0.8463824
1816,57383,0.8463532
2565,17905,0.8462536
667,45637,0.84624887
2042,11758,0.84621483
469,44761,0.8461966
460,44761,0.8461966
2037,37028,0.84613496
363,32188,0.8461208
1431,38561,0.8461064
1498,23470,0.84609616
926,50780,0.84608126
39,14067,0.8460804
973,39695,0.8460378
1050,14217,0.8460317
1486,31257,0.8460228
1460,51273,0.8457743
361,6891,0.84573615
284,50304,0.8457083
2343,1908,0.84570277
2355,43811,0.84569573
773,4615,0.84567744
677,44986,0.8456765
2385,8825,0.8456719
1862,2357,0.845663
527,27630,0.84554875
773,31322,0.8455245
973,28335,0.84548926
1519,15455,0.84547466
1380,6890,0.84543574
454,50304,0.8453162
2306,41678,0.8451544
2042,32384,0.8450465
1408,22282,0.8449991
1380,24764,0.84495896
2332,43415,0.8449464
1068,47930,0.84493244
1828,45980,0.8449241
1536,50488,0.8449166
2399,39107,0.8448838
23,39394,0.84486175
18,16218,0.8448116
891,57047,0.844764
973,50780,0.8447373
90,43570,0.8446892
505,22305,0.84468776
566,63845,0.8446697
184,42348,0.8446688
359,44761,0.8446131
321,44761,0.8446131
278,44761,0.8446131
804,40488,0.84461117
1976,40444,0.84452784
1895,40444,0.84452784
82,9019,0.8444638
570,17415,0.84440804
811,61145,0.84439933
1053,29036,0.8443346
849,1933,0.8443006
2318,56541,0.8442334
322,35337,0.84416056
821,57047,0.8441527
889,57047,0.8441527
406,30906,0.8441407
115,14605,0.8441231
3,14605,0.8441231
42,14605,0.8441231
2603,14605,0.8441231
1050,28751,0.84406924
498,23604,0.84406376
1432,19158,0.84404504
2049,53957,0.84403825
926,61919,0.8440126
861,10507,0.8439971
886,10507,0.8439971
1978,3542,0.8439083
1012,57533,0.8438741
658,13336,0.8438531
828,45269,0.84378815
944,53417,0.84377605
2042,37919,0.8437577
676,51641,0.8437395
526,23224,0.8437314
703,13440,0.8437226
120,9292,0.84364796
2526,30458,0.84363353
996,16499,0.8436227
514,8178,0.84358126
1750,9880,0.84356976
1324,37169,0.8435008
1818,49169,0.84348947
64,30691,0.84347534
1796,34774,0.84346193
835,45165,0.84345543
916,44025,0.84345186
924,37702,0.84343034
1491,60742,0.84341955
1126,58030,0.84341085
812,42156,0.84340346
2049,34340,0.84337187
1972,18611,0.84336734
483,57047,0.8433651
267,57047,0.8433651
477,57047,0.8433651
570,27230,0.8433322
2332,58940,0.8433024
2416,52748,0.8433018
583,43577,0.8432692
1818,53668,0.8432457
284,40488,0.843219
18,23948,0.8431914
2509,2576,0.8431859
1166,61772,0.84311664
2332,42336,0.84303033
1895,27953,0.8430187
1976,27953,0.8430187
1151,15066,0.8429302
527,12890,0.8427856
1998,52946,0.8426765
916,7509,0.8426467
584,43912,0.84249336
1818,61117,0.84249234
1519,10163,0.84246445
1973,3287,0.84242105
1989,40086,0.84241486
811,5789,0.8423929
2374,52549,0.8423811
340,4810,0.84236246
2565,11310,0.84233874
2042,14217,0.8423319
19,5130,0.8423261
2214,31052,0.8423232
2341,63682,0.842317
321,27953,0.84223104
278,27953,0.84223104
359,27953,0.84223104
2399,56771,0.8421849
542,37320,0.842082
1701,63140,0.8419633
178,61103,0.84193885
1380,34720,0.841897
483,14605,0.8418658
477,14605,0.8418658
267,14605,0.8418658
996,36952,0.84180576
996,60153,0.8417308
2405,58965,0.8417306
2049,2475,0.84163797
1916,42326,0.8416265
1662,46299,0.84161067
677,19343,0.84159577
830,12270,0.84157157
393,57047,0.8415301
598,57047,0.8415301
425,57047,0.8415301
2194,19764,0.8415142
1972,8511,0.84145916
561,10805,0.8414339
659,7525,0.841429
1307,37787,0.84126747
851,6891,0.8412633
842,31888,0.8412505
2478,50005,0.84123313
916,44986,0.8411808
2500,23200,0.8411693
1519,34481,0.84116876
2037,24415,0.8411468
1998,53611,0.8411324
2579,24764,0.84109896
1051,23224,0.84108174
284,64255,0.8410752
733,9291,0.8410462
664,56347,0.8410003
973,61145,0.84099185
1930,7525,0.84095067
916,24285,0.84092474
986,51630,0.84091985
739,40526,0.8408729
1519,43474,0.84083414
1841,14659,0.84078467
528,17214,0.84076846
1050,56496,0.8407128
1108,36030,0.84071046
194,14605,0.8406528
169,14605,0.8406528
2416,16807,0.84065104
511,51633,0.84056294
986,28314,0.8405378
990,54254,0.8405204
175,10635,0.8405185
1087,60630,0.8404502
1037,10170,0.8404304
1898,50755,0.84040165
1012,17171,0.8403988
2540,29280,0.8403965
340,34865,0.84035224
1737,7563,0.84031165
1188,51976,0.8402719
628,10507,0.8402554
534,10507,0.8402554
425,10507,0.84018505
393,10507,0.84018505
598,10507,0.84018505
1972,31037,0.8401637
1046,26792,0.84016323
934,4810,0.8401598
1382,49814,0.8401482
1672,38688,0.84013486
340,50670,0.8400495
131,56576,0.8400336
1662,63622,0.8400298
624,16337,0.84002274
2405,55424,0.8400154
2574,1845,0.84000635
340,28636,0.8400051
282,1563,0.83994055
2294,35102,0.83990914
944,11678,0.8398864
155,27953,0.8398776
333,46239,0.83987164
364,43640,0.8398385
1946,31133,0.8398169
264,45805,0.83980155
1050,58223,0.83979714
798,5087,0.8397236
2374,17062,0.8397074
274,48708,0.83969545
1671,31853,0.8396801
584,53879,0.83962846
2489,51976,0.83953536
2597,58736,0.8395221
657,17713,0.83951
269,16666,0.8394834
1050,63403,0.8394309
1164,33856,0.8394065
2182,5574,0.8393901
543,30721,0.8393348
2188,27382,0.8393004
996,5730,0.8392824
1431,17124,0.8392669
317,32957,0.83923656
773,19923,0.8391961
1185,24925,0.8391931
911,2308,0.8391927
1519,17214,0.83917373
659,48928,0.8391093
2399,49296,0.8391044
1519,12890,0.8390423
1972,52956,0.83903134
2374,43811,0.8390095
131,18337,0.8390044
1868,28641,0.83895814
454,64255,0.8389059
2075,23618,0.8388724
2184,33580,0.83884454
1970,4540,0.8387798
361,16456,0.8387693
971,20341,0.8386878
60,1796,0.8385857
131,43777,0.83852667
361,39396,0.83844054
642,17562,0.8384368
2374,44385,0.83843064
1053,41972,0.8384103
2455,8728,0.8384084
2214,22952,0.83839345
2212,51617,0.8383783
2578,11758,0.83825743
1380,34018,0.8382119
526,37787,0.83819824
1486,41396,0.83819234
18,39550,0.8381655
1746,31919,0.83813524
1261,39032,0.8381134
973,51641,0.8380871
540,46299,0.83805376
135,21475,0.83804476
1818,42029,0.83802754
1671,31981,0.8380259
1737,55543,0.8379072
578,53879,0.8378956
1018,39715,0.8378867
967,39715,0.8378867
680,21454,0.83788455
836,33657,0.83786666
515,16923,0.83783597
2399,57777,0.83783007
590,21032,0.8378261
811,50780,0.8378145
703,7103,0.837793
1989,29702,0.8377887
572,57499,0.83778036
613,63356,0.8377042
535,17960,0.83766496
2538,43640,0.83764076
1380,1043,0.83763933
1122,51976,0.83763313
361,22952,0.837633
1051,56496,0.8376062
1051,34331,0.8375811
23,19237,0.83755445
2193,21032,0.8375386
1977,57630,0.83750296
1431,50897,0.8374697
363,35232,0.83743846
811,2762,0.83739495
988,7525,0.8373883
1050,1563,0.83737296
811,42542,0.83734787
2433,1845,0.83726335
2540,14213,0.83725727
1380,16624,0.8372233
2509,39229,0.8372135
322,32111,0.83718437
349,58940,0.8371527
349,53442,0.8371484
2249,45957,0.8371112
1626,57953,0.8370997
624,34023,0.83709407
1087,40866,0.8370766
534,57047,0.83706534
628,57047,0.83706534
345,34536,0.83705676
1913,29409,0.8370497
526,30906,0.837003
2306,56656,0.8369876
2355,6070,0.8369762
2457,52875,0.8369754
570,13705,0.83691806
2085,42192,0.83683515
659,63588,0.83679044
1630,21004,0.83674777
659,55705,0.8366307
1736,6044,0.8366016
1643,55424,0.83659846
1945,46437,0.836594
1380,7564,0.83657706
2188,37102,0.8365767
505,61694,0.8365484
2385,50108,0.83653826
617,6317,0.83651954
842,27753,0.83651006
1833,50611,0.83650666
595,54340,0.83638346
1975,23036,0.8363569
658,56771,0.8363267
514,27082,0.8362411
361,63403,0.83622754
624,37624,0.8362069
44,47112,0.8361837
1818,24963,0.836159
215,40296,0.8361501
23,37268,0.8361442
1829,7564,0.8361406
1625,42029,0.83613074
2519,46640,0.8361185
135,59907,0.8360866
2327,39926,0.8360331
773,61117,0.83600163
1280,61128,0.8359947
340,33856,0.8359628
514,33681,0.8359278
2399,26570,0.83591557
2037,54941,0.83587694
1842,30002,0.83586115
40,46661,0.8358573
946,35459,0.8358258
901,25824,0.83581626
1225,34920,0.8358016
1599,35543,0.83579206
1814,50008,0.8357884
734,9291,0.83577573
360,42372,0.8357729
806,27702,0.8357649
2328,4723,0.8357402
1997,1869,0.83573055
1998,2464,0.83567476
1408,4688,0.8356544
2037,21327,0.835644
212,56967,0.83563596
1913,17062,0.8356333
264,7950,0.8356294
184,14020,0.8356275
2328,34940,0.8355979
361,31052,0.83557516
74,2464,0.83557224
1382,35892,0.8355694
1051,28751,0.835546
1148,17415,0.83554316
1203,12182,0.83552396
542,38173,0.8355012
46,2357,0.83550066
349,22635,0.8354968
2282,7373,0.83547974
578,39107,0.8354575
185,7103,0.8354444
559,36952,0.83543247
60,8468,0.8354316
1222,15861,0.83540237
842,60153,0.8353808
619,6000,0.83536565
512,1818,0.83535826
1482,35562,0.8353577
282,63403,0.83533275
570,1268,0.8353263
2246,27234,0.8353181
1964,46752,0.8353028
1431,7950,0.8352779
811,52946,0.83527064
614,29154,0.83526814
2441,16,0.83526087
1957,34774,0.8352391
55,12067,0.8352382
1869,58607,0.83522
282,60337,0.835135
619,37894,0.83511937
2433,39474,0.835101
392,13754,0.83508265
1592,29963,0.8350725
667,58298,0.83505905
2473,12731,0.83503515
1662,15307,0.8350307
1750,5487,0.8350094
2361,51830,0.8350071
1818,4615,0.8349631
2464,28116,0.8349526
349,49039,0.8348955
2399,35609,0.8348952
266,3367,0.83488035
2500,27953,0.8348793
680,9709,0.83487076
1750,5702,0.8348491
1094,4711,0.8348417
660,59206,0.8348376
1776,18854,0.83483243
680,26191,0.83477926
2568,53442,0.83477235
6,28285,0.8347575
1534,48427,0.834732
264,50897,0.83472925
2049,49356,0.83472526
2332,30264,0.83471644
583,10170,0.83471274
1865,31919,0.8347118
1423,9847,0.8346838
2047,43087,0.8346614
1773,9880,0.83465993
1671,27899,0.8346456
392,41389,0.8346348
1051,45805,0.83462226
1506,17782,0.83461905
1506,30360,0.8346037
135,13815,0.8345648
1880,53775,0.8345452
1307,28636,0.8345315
840,63905,0.83452
361,60949,0.83449566
1585,56834,0.83448935
363,37202,0.834481
1431,45805,0.8344679
208,63386,0.8344659
571,27784,0.83446455
1377,17062,0.83443344
2355,36711,0.8344029
1502,44593,0.8343934
2018,18337,0.83438146
1625,49169,0.83431053
1078,46640,0.83429545
1377,43607,0.8342846
1630,63194,0.83425635
1186,29920,0.8342403
828,56281,0.83422303
1213,14999,0.83417535
458,54636,0.834169
204,45945,0.8341671
1779,30705,0.8341185
1432,17062,0.8341086
805,20029,0.83406734
578,43912,0.83401406
1865,15379,0.8339978
677,61690,0.8339809
527,27082,0.83387285
842,17041,0.83385074
1746,50575,0.8337898
107,9606,0.83377266
1620,30936,0.83371645
193,7525,0.8337009
798,23948,0.83369964
2049,58736,0.83369905
2214,37919,0.8336388
1324,13073,0.8335911
859,58298,0.83356196
1960,57047,0.83354425
536,19158,0.8335428
1660,1509,0.83353055
340,51976,0.83352405
2254,58055,0.83349615
1759,15350,0.83342266
996,27014,0.8334155
538,24185,0.83331704
1637,40642,0.83331645
1633,40642,0.83331645
393,14605,0.83331335
425,14605,0.83331335
598,14605,0.83331335
835,34920,0.83330274
2552,7729,0.8332718
891,38173,0.8332653
1395,13515,0.83326024
2489,16456,0.8332498
184,21475,0.83316797
999,60063,0.83316654
2068,34331,0.8331585
340,39854,0.8330736
18,31393,0.833058
2056,18279,0.83304936
1164,10708,0.8330431
1188,16456,0.83304286
1391,27060,0.8330371
571,42326,0.83298945
1324,6948,0.83296937
532,63382,0.83296144
1124,55351,0.8329611
2193,18910,0.8328631
1529,33023,0.83285725
562,12109,0.8328537
527,3246,0.832842
1244,50670,0.8328395
1442,18299,0.83283293
57,36209,0.83280164
1905,45614,0.83276
1765,63164,0.8327421
526,47516,0.83273876
677,48069,0.83270264
735,57750,0.83268243
1444,53276,0.83261794
882,31280,0.83259225
323,11938,0.8325718
649,43308,0.83256036
2450,12268,0.83253026
514,15455,0.8324691
996,9292,0.8324388
361,46828,0.83242637
44,41055,0.83238757
300,9847,0.8323629
2600,54103,0.83227384
2328,51252,0.8322376
90,24740,0.8322311
2338,7729,0.8322214
2037,36630,0.8322176
2214,63403,0.83221525
1164,43777,0.8321816
613,10805,0.8321732
2355,46661,0.8321705
1442,28202,0.83216596
280,41974,0.8321637
811,51641,0.83208835
1087,63382,0.83204305
16,4040,0.83200186
2399,21042,0.8319931
590,51617,0.831993
876,49296,0.83195794
667,29227,0.83190346
851,58223,0.83187103
1830,17865,0.8318579
2085,58432,0.8318473
2086,49855,0.83183885
1380,51347,0.8318361
2433,41792,0.83183455
2540,256,0.83181685
1913,23585,0.8318036
1786,13096,0.8317732
1012,34209,0.83176315
298,12263,0.831758
1377,62474,0.83172464
1750,2563,0.831704
131,17236,0.83170396
193,40897,0.831685
505,55586,0.83166987
657,1043,0.83165157
185,51769,0.83163404
2332,31138,0.83162814
2385,27639,0.83162457
628,14605,0.83162105
534,14605,0.83162105
1811,34787,0.8316095
1059,15861,0.8315864
1081,58907,0.8315798
1185,33807,0.83157045
461,35337,0.83156824
2433,33580,0.8314971
1432,56076,0.8314934
1087,5574,0.8314395
2607,12017,0.8314383
811,16274,0.8314362
264,60363,0.8314315
438,52265,0.8314305
39,5702,0.8314176
2364,50695,0.8314153
2188,18894,0.8313329
131,30906,0.8313186
514,37080,0.8313138
861,38173,0.8313043
886,38173,0.8313043
64,6664,0.8312856
2318,8129,0.8312763
84,31249,0.8312702
1101,9426,0.8312372
170,47849,0.8312187
2578,3542,0.8312012
1681,43645,0.8311828
184,19535,0.83118206
2503,61772,0.8311677
142,3542,0.8311329
805,666,0.8311176
1537,38355,0.8311002
282,3542,0.83107
805,26445,0.8309486
590,18910,0.8309201
1786,29360,0.83091825
131,58497,0.8309129
1188,47516,0.83090246
120,15790,0.830876
2188,49855,0.8308748
317,36975,0.83085567
1059,37005,0.8308552
2489,47516,0.8308508
1529,47010,0.8307724
1773,6519,0.8307684
340,28751,0.8307516
739,28202,0.8307305
2552,11310,0.8306848
798,7509,0.83068335
1507,30056,0.8306813
1964,60124,0.8306639
1377,29409,0.8306415
644,31853,0.83062845
2355,15253,0.83062464
364,28051,0.8306162
1224,18337,0.830591
1307,18337,0.8305907
2332,59548,0.83059
2265,55678,0.83056694
946,3833,0.83053565
677,30120,0.830508
676,31393,0.830502
68,3341,0.8304411
2355,12036,0.83037984
2391,25016,0.8303757
2200,52075,0.83037025
1432,46661,0.83034337
1324,8524,0.8303386
58,825,0.83033454
1060,59439,0.8303145
1634,7908,0.83028984
340,23224,0.8302784
1012,33808,0.83027625
204,12890,0.8302325
170,36331,0.8302225
364,10990,0.8302219
798,7525,0.830208
1323,19268,0.8302021
1698,35337,0.8301917
364,4334,0.8301898
2597,45088,0.83012795
1890,2204,0.8300975
882,33240,0.8300545
1377,36529,0.8300176
515,28385,0.829962
2559,52942,0.8299522
345,60512,0.8299458
561,63356,0.82987225
1012,32994,0.8298662
356,3109,0.82986367
1442,21422,0.8298445
2579,51347,0.82983565
1122,60949,0.82978374
2332,26107,0.8297186
1964,48837,0.8296876
274,1521,0.829674
2361,30350,0.8296241
1068,15455,0.82961535
2249,55007,0.8295721
1673,27113,0.8295479
1122,34331,0.829533
882,60710,0.82952696
335,15551,0.8295249
1382,60124,0.829508
1492,46661,0.8295076
1558,24560,0.8294762
2246,50696,0.8294609
1242,45999,0.8294605
1737,55802,0.82945323
2049,49290,0.82944435
57,34393,0.82943004
874,51653,0.829341
1818,9988,0.8293408
135,37919,0.82933754
661,4589,0.8293375
767,4589,0.8293375
1883,53417,0.8293112
2074,57499,0.8292694
322,37800,0.82926905
2505,17062,0.8292378
1972,42372,0.82923746
963,27146,0.829212
2489,28751,0.8291849
889,39715,0.829149
821,39715,0.829149
1062,40851,0.8291064
1164,30906,0.8290839
840,41015,0.82901424
1361,38759,0.8290067
694,1845,0.8289813
872,30368,0.82894605
443,52265,0.8289341
2049,53225,0.82889295
1868,47348,0.8288783
2249,9403,0.8288611
1750,9790,0.8288583
2332,20258,0.82884365
2351,48623,0.8288122
340,47516,0.8287996
2115,5595,0.82879794
2600,14009,0.82875514
454,14093,0.8287183
2074,4810,0.82871777
59,47739,0.82870954
75,12142,0.82870436
1553,17253,0.82868695
2433,43952,0.8286113
667,40022,0.82860714
575,13873,0.828604
851,45543,0.8285246
696,25579,0.82850456
74,25579,0.82850355
360,50877,0.82849675
734,32111,0.8284675
1046,46193,0.8284601
1750,35459,0.8284549
714,32392,0.8284414
1012,45452,0.8283911
2195,50833,0.8283897
514,47930,0.8283842
2049,1303,0.82837296
1865,63141,0.82833725
2212,59998,0.8283366
17,43419,0.8283156
505,21004,0.8282403
2070,3367,0.8282217
739,21422,0.8282113
801,7363,0.82815397
1178,50873,0.828066
514,42916,0.8280536
766,3542,0.8280058
2391,30105,0.82798034
1142,13907,0.8279491
1828,43811,0.8279481
184,3542,0.8278387
1880,48837,0.82780325
2355,33788,0.8277844
326,4589,0.82778066
1978,55586,0.8277772
1491,17415,0.82777417
1377,33788,0.8277738
1946,24560,0.8277662
1124,21488,0.82775074
136,13700,0.8276912
1330,2475,0.8276556
23,7459,0.82765394
84,48154,0.8276197
2289,34845,0.8276087
811,46108,0.82759273
836,41450,0.8275893
1296,39229,0.8275796
677,8795,0.82755244
467,44931,0.8275491
562,21904,0.8275486
470,24338,0.8275296
1087,7720,0.8274181
274,63354,0.82738954
745,32111,0.8273808
1625,31322,0.8273579
2227,41974,0.82735777
924,50248,0.82733977
1701,22336,0.8273336
185,13440,0.82731366
2215,7373,0.82725906
2454,35887,0.8272518
2433,19950,0.8272511
2364,24764,0.827245
1655,24437,0.82723814
694,61145,0.82723767
1625,4443,0.82723594
2552,54174,0.8272358
323,21475,0.82723147
74,5789,0.82722884
1868,53620,0.8272145
1323,32373,0.8272086
202,57047,0.82718444
570,17214,0.82718015
2579,37526,0.82717264
979,62272,0.8271697
2540,7420,0.8271632
1655,47385,0.8271351
1558,28422,0.8271302
1444,18205,0.8271294
1431,54941,0.8270994
392,49855,0.82708955
1323,37217,0.82708126
570,12890,0.82707614
911,35543,0.82706773
340,56496,0.8270675
249,11758,0.82706463
1623,54474,0.8270355
2478,8825,0.82702315
1865,15099,0.82698935
2215,21883,0.82697093
85,8561,0.8269585
498,21423,0.8269563
661,38173,0.82689834
767,38173,0.82689834
32,7424,0.82689595
142,22305,0.82689285
2416,43016,0.8268925
927,55358,0.82688046
107,45864,0.82685333
2590,30691,0.8268314
1706,35777,0.82678366
946,5702,0.82675326
2188,31037,0.826731
514,43474,0.82672715
184,20704,0.8266868
1380,14827,0.82666504
1916,5087,0.82664084
2186,47440,0.8266094
1258,5087,0.8265701
2374,45980,0.82656753
331,30190,0.8265575
2282,28876,0.826557
884,30082,0.8265507
133,19205,0.8265276
2385,16258,0.82652277
1945,55975,0.8265016
875,49923,0.8264661
340,18337,0.8264488
1431,63403,0.8264342
1880,60124,0.8264256
891,11452,0.8264115
184,11758,0.8263964
1053,28636,0.82639563
1977,53192,0.8263826
2607,12198,0.8263576
1252,59037,0.82635295
1012,43486,0.8263434
1978,23618,0.8263357
1438,33807,0.82633483
1382,20309,0.82630634
2214,58223,0.8263054
1380,19574,0.826301
2478,28959,0.8262875
2214,43575,0.8262688
798,34018,0.8262626
60,17317,0.8262385
875,12798,0.8262229
59,53775,0.8262215
170,22803,0.826186
1298,29409,0.82616764
1914,38815,0.82616043
2570,38815,0.82616043
1922,38815,0.82616043
1827,38815,0.82616043
1964,49814,0.82610524
1180,53446,0.8260864
735,6948,0.82607394
1423,38688,0.8260615
694,58907,0.8260445
142,11223,0.82603705
1952,44245,0.8260126
67,56053,0.82599825
505,38561,0.82598686
326,24338,0.8259828
1916,50780,0.8259791
1740,20626,0.8259681
1934,2357,0.8259244
1506,38474,0.8259069
1444,32260,0.8258766
340,37919,0.8258489
798,29504,0.82584727
1046,5221,0.82581997
677,46608,0.825812
1122,30906,0.8258068
1633,4589,0.82579654
1637,4589,0.82579654
1964,23825,0.82577926
1434,17165,0.8257782
1152,31919,0.8257649
2193,4298,0.8257475
578,48416,0.8257376
2509,35698,0.82573724
806,46567,0.8257312
170,12731,0.82572603
559,39550,0.82572293
208,51653,0.8257075
1188,19535,0.82568884
1918,43264,0.8256651
526,14217,0.8256512
1224,59823,0.8256439
559,15339,0.82563347
1126,46857,0.82555956
1442,22463,0.8255482
2385,52181,0.82552373
1367,47824,0.82550853
532,60630,0.82549894
145,27593,0.82549655
834,38173,0.8254745
330,33305,0.8254729
1972,50877,0.82542634
2464,13754,0.8254231
1529,22975,0.82540154
821,3253,0.82538986
889,3253,0.82538986
660,39854,0.82537645
689,26191,0.8253643
1431,43777,0.82532275
1303,41489,0.8253081
264,60949,0.8253009
1081,38355,0.8252481
2538,256,0.82521904
2614,51697,0.8252181
2478,44758,0.82519364
2577,29138,0.8251895
184,47248,0.82517695
1945,28613,0.8251615
811,50248,0.8251549
644,31981,0.8251302
1417,52075,0.82511914
175,13741,0.8251182
184,59206,0.82510245
1585,51336,0.8250841
2052,57661,0.8250411
140,38692,0.8250286
322,28202,0.82500887
1671,33123,0.8249883
349,26107,0.8249879
526,43777,0.8249719
1786,53970,0.8249566
1408,15862,0.82494265
44,39550,0.8249397
665,7115,0.8249182
1242,36845,0.82489616
169,38815,0.82488275
194,38815,0.82488275
2306,51956,0.8248787
2018,39854,0.824875
1989,8511,0.8248375
2074,927,0.8247968
834,16724,0.8247922
2186,59951,0.8247902
2301,31190,0.8247877
632,12109,0.8247826
468,55342,0.82478166
856,36567,0.8247448
1130,40316,0.82472587
1964,7560,0.82472557
264,45543,0.82470524
364,62580,0.8246973
1973,35887,0.8246708
898,38173,0.8246379
505,30232,0.8246379
118,57047,0.82461965
63,57047,0.82461965
2598,57047,0.82461965
21,57047,0.82461965
190,38863,0.8246082
326,40444,0.824584
1877,32158,0.8245646
1980,32158,0.8245646
317,55360,0.8245448
1203,62941,0.8245432
202,38046,0.8245422
1164,14217,0.8245395
2184,36401,0.8245299
2146,57588,0.82450587
537,21155,0.82449806
487,41450,0.82446826
532,42469,0.8244643
2249,51356,0.82446116
45,42029,0.8244477
1916,7525,0.8244447
559,50780,0.82443416
225,55586,0.8244283
677,9709,0.8244047
2001,48213,0.8243936
1124,38294,0.8243878
1303,46437,0.82438385
619,62941,0.82437205
1905,58154,0.82433724
924,2464,0.82432115
1382,30056,0.8242986
733,22463,0.8242657
680,61690,0.82418454
1868,37217,0.82418394
1815,14454,0.8241809
1066,22803,0.82415974
1916,61650,0.8241571
1388,37526,0.824156
282,37919,0.8241277
811,13336,0.8241203
680,5647,0.8240775
1736,35337,0.8240701
2442,41972,0.8240662
1814,46389,0.8240575
2008,2576,0.82403886
514,60742,0.82401955
804,14093,0.8240138
1842,56281,0.8240063
193,16499,0.82400274
1918,33213,0.8239936
591,17566,0.82397836
60,18205,0.82395387
1811,23649,0.8239337
2282,57572,0.8239229
269,57588,0.8239188
1821,16624,0.8238966
591,9606,0.8238318
638,15796,0.82382643
1513,22722,0.82382065
2340,1794,0.8238189
2397,568,0.8238169
884,59202,0.8238046
117,52946,0.82379025
326,27953,0.8237659
2559,33023,0.82373965
804,35718,0.8237363
1989,42372,0.8237345
1108,23579,0.8236173
2607,45088,0.8236003
1625,42631,0.82357806
1920,39694,0.8235698
1222,6998,0.8235563
1018,3253,0.8234932
967,3253,0.8234932
135,3542,0.82348263
989,41450,0.8234794
264,30906,0.8234706
264,18337,0.823467
657,8129,0.82343584
1660,5465,0.8234035
619,15861,0.8234025
466,28214,0.8233912
1829,1845,0.8233669
2478,32362,0.82327294
1164,23618,0.82325566
2195,49658,0.82321763
1941,17062,0.8232002
174,16724,0.8231852
1124,7163,0.8231362
1759,9847,0.8231305
1659,17166,0.8231027
115,38815,0.82308733
3,38815,0.82308733
42,38815,0.82308733
2603,38815,0.82308733
784,977,0.8230846
505,3542,0.82307553
2577,53098,0.823035
1625,7564,0.8230149
1558,31133,0.8230139
330,33693,0.8230074
1740,16923,0.82300687
1977,61473,0.822997
225,57499,0.822971
676,53129,0.82295597
2222,37045,0.822954
1633,40444,0.822948
1637,40444,0.822948
55,60630,0.8229436
1130,2576,0.82294333
1815,20274,0.822918
204,46828,0.82287157
1375,14371,0.8228634
2475,19840,0.8228533
1288,26033,0.8228526
1855,24740,0.82278824
1081,18800,0.82276565
696,31393,0.8227545
741,14605,0.8227509
368,593,0.82272124
207,18730,0.8227024
185,57632,0.82269573
1098,59665,0.8226669
4,53775,0.8226659
2246,56834,0.82259244
2612,24338,0.8225924
1916,30721,0.822583
242,5608,0.82258236
527,7908,0.82254773
1282,18205,0.8225341
1993,57383,0.82253027
1918,50871,0.82250804
1944,31100,0.8225001
924,13533,0.8224984
2212,9396,0.82249486
1989,16223,0.8224176
2464,19786,0.8224035
2200,58030,0.8222853
187,11082,0.82227606
2194,8398,0.82223785
533,55586,0.82216406
2008,58227,0.8221599
1880,21733,0.8221495
16,62708,0.82212085
788,31280,0.82210505
1945,26214,0.8220993
1655,29280,0.8220788
2343,62878,0.8220556
859,40022,0.82204103
2350,2202,0.8220247
1326,58902,0.8220242
1417,46857,0.82199776
2338,44812,0.821992
874,52266,0.8219399
1830,63141,0.8219209
1671,21028,0.8218701
861,4589,0.82185733
886,4589,0.82185733
174,28881,0.8218514
211,53442,0.8218466
1380,42029,0.821842
1750,55886,0.8218242
505,7950,0.8218044
326,44761,0.82176876
2001,33912,0.8217612
1239,50108,0.82175446
2249,61072,0.82174635
618,52470,0.82174563
987,9979,0.82174504
349,30264,0.82169765
543,7525,0.8216411
1815,44542,0.8216404
1918,29405,0.8216296
874,38275,0.8216271
264,54941,0.82162076
884,9988,0.8216119
264,17124,0.82158875
882,23585,0.8215562
176,40936,0.82154983
1671,59482,0.8215342
464,31393,0.82153153
2069,34920,0.8215141
1913,29138,0.82151055
2327,53911,0.8214989
349,25353,0.8214983
142,32758,0.82147527
798,42920,0.8214551
349,45525,0.8214246
1748,50047,0.82139516
1432,33788,0.8213642
1578,20935,0.82135427
891,37320,0.8213537
2328,56291,0.82133514
2454,60467,0.8213346
1176,26123,0.8213328
657,9805,0.8213175
2397,36091,0.8212868
1395,4519,0.82126856
2272,22242,0.8212595
323,11758,0.8212433
1122,56496,0.8211796
2222,29814,0.8211547
1307,10708,0.8211545
1815,22635,0.82113814
828,483,0.8211345
2343,58809,0.8211334
323,22305,0.82113
40,17062,0.82111984
1604,23618,0.8210934
21,38046,0.82106805
63,38046,0.82106805
118,38046,0.82106805
2598,38046,0.82106805
2257,19080,0.82104516
703,54631,0.82104284
739,35337,0.82103884
1671,46017,0.82100254
642,23948,0.8209921
1502,55382,0.8209884
619,1818,0.82094926
2515,41450,0.8209407
624,6852,0.8209326
470,4589,0.8209051
2049,5579,0.8208982
1225,38294,0.820898
2392,10007,0.8208891
204,47930,0.82088614
2074,53022,0.82088286
6,46175,0.82087386
741,57047,0.8208598
2575,44758,0.82085335
265,483,0.82085156
1122,28751,0.8208375
935,34181,0.8208124
1637,32656,0.82081187
1633,32656,0.82081187
798,29184,0.8208004
2464,8511,0.82079566
1479,14595,0.82079303
464,2464,0.820771
1227,15861,0.82075274
1941,56076,0.820737
872,60210,0.8207326
1431,53838,0.8207179
1221,56675,0.8206706
1604,45805,0.8206677
2279,50062,0.82065165
112,22065,0.82064986
1442,6044,0.8206246
1775,3665,0.8205975
2005,33580,0.8205875
2279,38809,0.82054055
2161,47112,0.820536
2577,52160,0.8205124
264,51976,0.8205107
1130,37005,0.8205059
806,62272,0.820505
535,40332,0.82050204
1122,63403,0.8204969
1625,61117,0.8204943
660,18337,0.82046276
1443,34941,0.8204275
225,53838,0.82042533
1124,35097,0.82041377
255,10507,0.82040536
694,57047,0.8204029
2200,57170,0.8203799
1207,36350,0.8203688
1815,34274,0.82036614
33,31828,0.8203525
1529,50062,0.8203269
1913,45980,0.82032526
1454,3876,0.8203248
1151,10012,0.82031953
526,47311,0.82031685
2528,20624,0.82030874
1625,4615,0.8202927
1558,22590,0.82025766
798,20528,0.82024413
1153,53496,0.8202122
526,19535,0.82020855
1993,29405,0.82019114
1880,40741,0.8201441
1377,36711,0.82013094
1905,58477,0.8201126
1877,57047,0.8200985
1980,57047,0.8200985
1438,4577,0.8200945
1828,29138,0.82009125
1377,22913,0.82008684
1989,28116,0.8200604
1681,29255,0.8200582
798,49169,0.8200506
2538,4334,0.82003903
2157,10690,0.82003814
498,16748,0.8200181
1829,7386,0.8199814
2086,1580,0.8199662
1633,62857,0.8199386
1637,62857,0.8199386
2374,36711,0.81993806
676,46108,0.8199175
953,50167,0.8199028
2568,49039,0.8198793
1146,17415,0.8198785
2328,6596,0.8198263
2577,25396,0.8197881
1599,58030,0.81977916
1945,41450,0.81977427
282,6891,0.8197719
1487,5087,0.8197334
49,46940,0.81970906
264,24415,0.8197002
908,1440,0.8196933
1916,11850,0.8196745
798,54277,0.81967175
1918,59561,0.81964254
1061,13871,0.81964207
1503,32392,0.8196172
1122,23224,0.8196164
665,25586,0.8196163
242,45439,0.81961405
1706,7905,0.8196085
1012,44542,0.8195859
2343,1284,0.81958103
1824,38997,0.8195777
1382,54854,0.81957054
2169,35230,0.81955314
1122,42348,0.8195485
1307,33380,0.8195454
45,21904,0.8195417
225,3542,0.81952816
687,7509,0.8195255
202,32158,0.81952506
1423,30056,0.8195144
255,14605,0.81950605
1989,31037,0.81948924
1964,53775,0.819471
1897,59825,0.819458
1046,54237,0.81945133
2018,59907,0.8194439
2037,17124,0.81944036
1207,44070,0.81943166
21,10507,0.8194175
2598,10507,0.8194175
63,10507,0.8194175
118,10507,0.8194175
967,57047,0.81938744
1018,57047,0.81938744
812,8559,0.8193687
739,56345,0.8193358
519,27630,0.81932604
562,17713,0.81932294
2212,21883,0.8193068
2442,28636,0.81929183
1880,54854,0.81928146
2184,28108,0.8192785
659,15339,0.81926763
676,39550,0.8192451
1534,53887,0.8192421
665,28491,0.8192123
1655,14963,0.81920624
2008,37894,0.819178
2169,38251,0.819172
1877,14605,0.8191718
1980,14605,0.8191718
1945,7525,0.8191707
1006,57667,0.81916404
105,34340,0.8191384
367,44931,0.8191369
2603,63910,0.819081
42,63910,0.819081
3,63910,0.819081
115,63910,0.819081
1185,4577,0.81906843
898,18241,0.819035
1849,40460,0.8190067
1620,47112,0.81900483
45,43933,0.8189988
364,29280,0.81899
349,44542,0.8189794
284,14093,0.8189623
2574,28285,0.81895465
1148,27082,0.81894326
1592,28961,0.8189244
2194,54837,0.8189205
1130,62941,0.81889623
2258,33064,0.8188946
2045,5730,0.8188861
1126,57170,0.81887764
584,18854,0.8188749
1298,23262,0.8188488
2047,5478,0.81883985
1145,30833,0.81882924
967,27193,0.81880975
1018,27193,0.81880975
2552,50008,0.8188044
2338,38692,0.8187933
1635,57383,0.8187863
204,43474,0.8187742
797,45507,0.8187729
2575,60878,0.8187727
1529,4443,0.818747
2455,8632,0.8187418
1122,37919,0.81873286
1830,53553,0.81870735
2265,57583,0.81870633
45,49169,0.81870604
1164,17236,0.81869483
225,22305,0.81867754
1941,29409,0.81867355
1786,34826,0.81866777
2169,52948,0.81866634
2375,52204,0.8186635
1142,12270,0.81865036
2047,44621,0.8186369
1529,42029,0.81863314
1815,58940,0.81862676
2385,31806,0.8185874
1655,48578,0.8185839
1529,11740,0.818581
1913,25395,0.81854045
1672,32534,0.81853783
193,5087,0.8185171
1898,20719,0.8184983
988,31393,0.8184544
1224,21475,0.81843626
2598,14605,0.8184349
21,14605,0.8184349
118,14605,0.8184349
63,14605,0.8184349
23,28019,0.81843364
120,17860,0.81839895
90,55678,0.8183911
293,18281,0.8183572
680,10256,0.8183507
454,35718,0.8183418
533,22305,0.8183266
1815,10458,0.8183128
1224,59206,0.8182993
1388,4559,0.8182635
1973,14136,0.8182521
1394,45318,0.8182516
1815,32587,0.8182336
2418,46661,0.81823075
184,6868,0.81822973
1464,4519,0.81822073
1964,45489,0.8182137
492,37268,0.8181835
471,21282,0.81817096
2059,2576,0.81814885
2600,18855,0.8181366
801,27702,0.81813645
805,31806,0.8181358
1786,2244,0.81811714
961,38173,0.8181117
1000,38173,0.8181117
282,45543,0.8180866
57,24364,0.81808317
2074,46512,0.8180685
691,30046,0.8180247
1660,9449,0.8180088
542,21924,0.8179929
1164,23224,0.81799227
249,22305,0.81797385
2045,32362,0.81796014
1225,25127,0.8179357
543,46108,0.8179326
1432,60387,0.8179289
2214,34331,0.8179227
590,4298,0.8179052
1668,45926,0.8178723
202,14605,0.81786025
1918,39677,0.8178339
98,12017,0.8178259
872,5624,0.81780386
1773,15938,0.81779796
349,14454,0.8177737
828,45489,0.8177587
543,28335,0.8177536
2337,3473,0.81774735
1377,38927,0.8177453
584,40053,0.8177384
2185,16285,0.8177327
1078,49443,0.8177315
623,8559,0.8177308
961,38815,0.81772983
1000,38815,0.81772983
2184,60992,0.81771874
734,16647,0.8176887
1487,44245,0.81766886
1655,53040,0.8176646
1307,57499,0.81764114
1824,4443,0.81763625
1018,58177,0.8176266
967,58177,0.8176266
1200,28285,0.8176125
1520,43049,0.81760913
318,8559,0.8176017
1377,56076,0.8175967
135,11758,0.81759024
687,16274,0.8175584
659,21904,0.817539
689,21454,0.8175305
55,63382,0.81752837
1916,55113,0.8175256
1916,39550,0.81750846
2333,48623,0.8175037
659,5087,0.8174825
527,10163,0.81745994
694,29255,0.8174274
535,39290,0.81739783
838,57588,0.8173943
2144,59823,0.81739223
988,30705,0.817346
1394,19238,0.81732637
1748,33807,0.8173165
2219,33034,0.8173121
1126,50958,0.81731
68,47455,0.81726074
498,21558,0.817234
1671,52306,0.8172298
1486,45306,0.81719863
812,4589,0.81714743
2139,59907,0.8171375
2340,55886,0.8171138
2368,52075,0.81711245
2432,38339,0.8170856
2392,15861,0.8170729
1978,11758,0.81705606
1394,5130,0.8170333
2577,38879,0.8170124
526,50670,0.81700945
2224,41396,0.816988
1423,33175,0.8169769
590,48824,0.8169753
2519,33580,0.8169691
2432,44760,0.8169618
2144,41762,0.8169546
1502,53775,0.81695163
1660,2576,0.8169439
2491,34435,0.81690335
2067,49977,0.81688803
2194,37684,0.81687605
1186,21042,0.81684256
642,44245,0.81682765
184,57347,0.816821
1394,50388,0.81680983
282,14217,0.81679547
664,24560,0.81678474
1977,46640,0.8167727
1152,63141,0.8167528
924,25761,0.81673926
2294,6440,0.816725
1827,37320,0.81670785
1914,37320,0.81670785
2570,37320,0.81670785
1922,37320,0.81670785
1224,51847,0.8167021
533,3542,0.81667686
2364,51347,0.8166696
527,46828,0.8166633
898,11452,0.8166565
45,13037,0.81664544
590,23036,0.81664085
559,20341,0.81663525
2450,19496,0.8166098
175,1509,0.81656563
120,8742,0.8165459
1307,32858,0.81652755
63,32158,0.8165268
21,32158,0.8165268
118,32158,0.8165268
2598,32158,0.8165268
1775,12582,0.8165255
818,53129,0.81649494
591,22939,0.81648946
680,20876,0.816476
1059,2576,0.8164538
112,36331,0.816437
1592,23586,0.81643075
2361,13064,0.8164129
915,44376,0.8163932
884,42029,0.81639147
202,10507,0.81638026
2450,3179,0.8163775
1814,24740,0.81637657
2166,5087,0.8163551
1487,37494,0.81634283
1562,6044,0.81632483
145,49290,0.81631595
169,63910,0.81631404
194,63910,0.81631404
1444,50047,0.81630474
872,56771,0.8163002
1487,49169,0.8162663
1108,38487,0.81626487
369,53281,0.8162569
812,57077,0.81625336
2452,59439,0.8162395
1908,46752,0.81623244
582,5478,0.8162122
1681,36378,0.81620777
549,50829,0.81619954
1307,47516,0.81619644
2222,12268,0.81619215
559,46108,0.81612206
1239,16258,0.81609714
1012,26107,0.81608045
2328,53327,0.81606495
1620,47255,0.8160522
1077,27830,0.8160469
1487,15339,0.81603825
2215,28876,0.8159903
94,40394,0.8159803
882,17225,0.8159798
626,26796,0.81596744
1592,35311,0.815959
2416,15034,0.8159559
1593,38997,0.81592876
461,36520,0.81592846
874,35718,0.81592584
2193,48824,0.81592506
1945,35169,0.8159241
578,55351,0.8159051
2186,61563,0.8158783
2315,12140,0.8158738
2368,22010,0.81587344
798,40897,0.8158581
2224,31257,0.81584746
1152,31853,0.81584066
1078,63140,0.8158352
676,28335,0.8158166
561,13981,0.81579936
484,56526,0.8157867
745,9291,0.8157766
45,55610,0.81573933
665,51956,0.8157361
1869,7908,0.8157321
59,54854,0.8156843
1923,47874,0.81567645
2071,21032,0.8156635
16,18281,0.8156567
78,11082,0.81564814
212,12890,0.8156402
1122,47516,0.81562805
851,22952,0.8155992
2498,56193,0.8155881
1059,40316,0.8155823
2306,56549,0.81552625
1520,31084,0.8155228
1444,40024,0.8155161
1295,58865,0.8155127
1486,62412,0.8155091
624,14219,0.81550133
1122,43777,0.8154962
677,31888,0.8154659
330,38275,0.81544685
2498,58123,0.8154158
1502,33175,0.8154088
1303,54369,0.81540847
925,41920,0.8153461
661,38815,0.81534386
767,38815,0.81534386
1394,39185,0.81533635
194,38173,0.81533384
169,38173,0.81533384
209,4577,0.8153337
668,24348,0.8153275
1698,32111,0.8153107
1914,63910,0.8152999
1922,63910,0.8152999
1827,63910,0.8152999
2570,63910,0.8152999
543,50248,0.81528574
1786,35012,0.8152641
1229,26082,0.8152508
2428,13622,0.8152505
1442,24483,0.81523585
1298,17062,0.81521755
564,62941,0.81520426
59,44593,0.81520367
360,1580,0.8151915
2432,43933,0.8151886
676,21924,0.8151809
1920,30082,0.8151777
153,22305,0.8151564
2094,18205,0.81514335
515,20626,0.81514275
1789,60281,0.815112
2509,30753,0.8151084
1440,25475,0.8150984
2541,22803,0.81506175
1346,53105,0.8150462
1506,25741,0.81504196
911,46857,0.81503963
741,38815,0.81501067
135,28636,0.81500053
2272,9934,0.8149721
1377,19158,0.8149705
1536,23843,0.8149651
659,23948,0.8149574
646,38812,0.81492937
2104,45616,0.8149172
2552,63364,0.8149115
733,62882,0.8148545
915,33580,0.81477165
1646,18629,0.814751
349,57533,0.8147501
1124,29840,0.81473744
2432,45055,0.8147234
1869,12890,0.8146826
630,17922,0.8146794
1842,42599,0.81466496
2518,16092,0.8146589
2456,61103,0.8146181
293,49025,0.81461287
1512,22137,0.81460685
703,2914,0.8146049
2392,13981,0.8145912
950,53040,0.8145516
85,59840,0.8145481
1453,38058,0.8145405
2052,19158,0.814526
1583,32963,0.8145224
333,20194,0.8145155
1012,25353,0.8145135
2433,61565,0.8144933
203,39418,0.81447846
1226,38173,0.8144677
212,36209,0.81445634
1302,20214,0.81441283
2087,60363,0.81439424
2018,17236,0.81436455
1750,1794,0.8143635
1752,28114,0.8143483
1736,18299,0.814312
855,45009,0.8143007
1877,38046,0.81429464
1980,38046,0.81429464
443,22421,0.8142945
2074,37787,0.8142441
1124,25127,0.81423587
1736,56808,0.81419265
1816,15339,0.8141824
349,1334,0.81417763
1830,61590,0.81415397
810,38219,0.814152
8,29840,0.8141307
1377,16353,0.8141286
2575,8825,0.81412745
1691,24226,0.81412697
1442,56345,0.81410325
1388,45616,0.81410193
1126,35543,0.81409323
462,22314,0.8140838
2227,61103,0.81407106
642,45055,0.81405944
225,59206,0.81403756
2388,30082,0.8140017
1263,63336,0.8139957
1852,50245,0.8139921
1124,17316,0.81397855
1966,26633,0.81394553
1006,53129,0.8139242
1662,4158,0.8139056
1934,5608,0.81390285
1376,55730,0.81390214
559,27014,0.81390154
225,39396,0.8138907
1377,28114,0.81386065
1681,47981,0.81381494
584,12890,0.813813
911,62603,0.8138072
645,7363,0.81379616
1649,10785,0.81373906
2169,25395,0.8137062
2085,54640,0.81370497
1746,31853,0.8137001
691,42334,0.81367564
687,57047,0.8136588
32,10483,0.8136259
2075,17236,0.81361777
378,50696,0.8136066
2187,35169,0.8136055
561,13741,0.8135682
1655,48213,0.8135564
934,10708,0.8135328
299,2576,0.8135167
1078,50220,0.8135166
557,24035,0.81351554
861,38815,0.81350774
886,38815,0.81350774
812,27953,0.81349045
2045,5087,0.8134594
1408,51347,0.81344616
987,16624,0.8134347
1746,63141,0.81343466
2005,63140,0.8134287
135,51976,0.81342477
1307,39396,0.8134021
39,13933,0.8133941
735,8524,0.81337416
1599,57661,0.8133596
631,55055,0.8133513
631,34662,0.8133447
660,31290,0.8133317
1134,50751,0.8133289
504,15796,0.8133098
2388,54950,0.81330407
1129,17785,0.81329703
2169,33580,0.8132621
282,21475,0.81324136
2034,28088,0.8132374
543,54277,0.81322885
1221,61385,0.813228
819,13913,0.8132159
2318,30350,0.8131632
1296,35698,0.81312895
874,59558,0.8130817
1645,37662,0.8130814
32,57383,0.8130617
1486,57661,0.8130474
1635,60385,0.8130066
2045,48928,0.8130039
2606,1869,0.8130016
1759,60210,0.8129936
269,61919,0.81297636
783,44758,0.8129618
1307,50670,0.8129503
2587,22503,0.81290287
283,59823,0.81290114
2416,40152,0.81289476
2195,17197,0.8128844
563,13037,0.8128811
174,38173,0.81286484
225,59907,0.8128605
266,33034,0.8128592
2045,54277,0.8128493
1260,61919,0.8128265
219,11082,0.8128214
1077,60210,0.81281614
105,45088,0.8128066
521,55586,0.81279635
2368,27060,0.8127887
1367,34823,0.8127804
2388,14642,0.8127774
2433,28285,0.8127717
2343,7776,0.8127493
1973,60467,0.81270444
1736,60797,0.81269956
1662,63382,0.8126808
1585,11001,0.8126577
1142,46056,0.8126484
749,2569,0.81262666
1486,29920,0.8126172
2607,27593,0.8125937
615,15379,0.8125936
2215,23081,0.8125745
39,35459,0.8125591
2451,47310,0.81255376
1152,24560,0.81255084
1960,37320,0.8125454
91,32685,0.81253463
645,35236,0.81252253
1256,8129,0.81249326
657,49169,0.8124881
1913,44385,0.81247747
16,13708,0.81246895
559,28335,0.81246614
911,27060,0.81244123
1330,53939,0.8124369
2392,40316,0.81242937
2186,6275,0.8124246
595,51633,0.8124187
1492,43907,0.8124104
559,40897,0.81239593
2336,63171,0.8123957
987,13037,0.8123902
1442,42542,0.8123714
1361,33497,0.81234634
818,11452,0.8123127
1659,8744,0.8123066
225,14634,0.8122493
1046,38561,0.8122424
1332,35337,0.81221586
1978,41972,0.8122156
582,6844,0.8122145
1046,60363,0.8122031
657,6890,0.812193
1664,8509,0.8121741
145,12017,0.8121659
1977,13711,0.81216127
677,43308,0.8121373
559,61919,0.81213593
1625,49648,0.812134
884,53286,0.81212384
652,61241,0.8121155
392,16106,0.81211126
624,56834,0.8120998
1258,8129,0.8120748
1739,6677,0.81207025
1212,58123,0.8120481
741,10507,0.8120381
818,6775,0.8120378
1444,18281,0.81197786
584,34798,0.8119724
2027,19536,0.8119482
1786,27667,0.81192505
17,41450,0.811899
1507,20309,0.8118957
891,16724,0.81188464
715,27289,0.8118582
1203,44550,0.8118496
1746,55320,0.8118377
100,40444,0.8118223
2392,37005,0.81181926
88,4409,0.81181395
2519,25429,0.8118055
1643,58965,0.81179214
169,37320,0.81179017
194,37320,0.81179017
1456,19574,0.8117858
543,48928,0.8117739
780,9352,0.8117539
2214,60337,0.81174153
2272,36277,0.8117415
2431,13037,0.8117397
1388,50695,0.81173354
837,28847,0.8117318
1824,55610,0.81173104
1323,46106,0.81172824
559,8795,0.8117213
2003,23262,0.81170034
1746,24560,0.8116989
266,38935,0.8116976
1643,37900,0.8116816
1662,12067,0.81167525
924,21924,0.8116716
1307,45889,0.81164354
2603,38173,0.81163156
3,38173,0.81163156
115,38173,0.81163156
42,38173,0.81163156
1213,41465,0.8116014
1960,61145,0.8115959
2161,19574,0.8115826
2518,43933,0.811581
812,5805,0.8115598
659,19574,0.81152517
939,29255,0.8115225
437,48430,0.81152046
670,9709,0.81151354
1148,48141,0.8114933
1078,60477,0.81146073
100,40642,0.81145084
1078,30833,0.81144214
1323,37139,0.81144
687,33773,0.8114116
338,38275,0.81140053
1958,5608,0.81138694
1972,19786,0.81137925
2318,24764,0.8113768
2568,58940,0.81137305
2306,42806,0.8113631
2107,4559,0.811342
624,20358,0.81131965
120,31960,0.8113024
1222,37005,0.81128293
497,12395,0.8112781
1902,39107,0.8112743
225,10708,0.81121826
2008,62941,0.8112125
664,31401,0.8112099
1620,55342,0.81119573
1625,11740,0.81118405
2397,57774,0.811157
2079,60363,0.8111522
107,14915,0.81115216
23,52829,0.81115085
2432,19262,0.81114984
1660,57954,0.81109494
2575,3034,0.81109095
1288,22605,0.8110852
1456,36520,0.81106156
142,54412,0.8110199
533,22952,0.8110062
1239,44758,0.81099296
2075,45889,0.81098306
387,40851,0.81096935
2456,50155,0.81096727
2258,29564,0.81096685
891,37702,0.81095326
1978,46828,0.8109462
471,63614,0.8109305
874,54001,0.8109228
1491,33681,0.81091875
828,2195,0.8109137
2306,31132,0.8109017
2166,30721,0.81088156
360,16106,0.8108762
1388,56834,0.8108692
2246,37526,0.8108504
631,63089,0.8108311
1130,15861,0.8108197
1681,32599,0.8108123
828,7560,0.810743
2552,43854,0.8107346
2475,27822,0.81073105
2248,39926,0.81070554
1077,5087,0.81069875
1486,50540,0.81069046
884,4443,0.81068325
1560,37045,0.8106555
193,54277,0.8106531
1570,16624,0.8106482
2538,28051,0.810593
834,11452,0.81058735
170,40703,0.8105749
2478,2204,0.8105548
963,3143,0.810532
676,53611,0.81052536
591,53862,0.8105206
1923,35418,0.8105204
2157,37005,0.8105077
2074,33856,0.81050754
1292,21224,0.8104986
1625,59495,0.8104913
1999,43422,0.8104509
2538,37172,0.81038284
2279,49714,0.81036925
641,43220,0.81032765
1746,31133,0.8103243
721,34439,0.8103199
1849,34920,0.8103155
687,18299,0.8102944
1980,10507,0.8102889
1877,10507,0.8102889
349,33808,0.81028473
1916,37548,0.81028223
1737,14676,0.81027806
42,37320,0.81027496
115,37320,0.81027496
2603,37320,0.81027496
3,37320,0.81027496
642,44179,0.8102689
461,35097,0.8102677
533,11758,0.8102654
1913,56076,0.81025857
135,60337,0.8102563
2612,63910,0.810248
1989,52956,0.8102122
265,2195,0.81020105
1729,5087,0.8101835
193,48928,0.81012917
12,19036,0.8101265
1786,16881,0.8101042
657,21904,0.810099
2056,33807,0.81006646
1978,18337,0.8100215
1298,33788,0.8100198
2234,11758,0.81000936
1006,21924,0.81000334
100,57077,0.8099912
2431,17713,0.8099687
595,45010,0.80996495
2478,30048,0.80993366
1502,60210,0.8099104
2577,33082,0.8098923
2610,4589,0.8098854
387,6489,0.8098716
665,20284,0.8098601
2552,63046,0.8098587
2405,38426,0.8098361
2368,41702,0.80982995
175,33580,0.8097862
153,55586,0.8097813
778,6124,0.80977273
766,14310,0.8097618
2200,50958,0.80975276
1912,63943,0.8097508
758,48928,0.8097132
2005,17062,0.8096967
1078,25429,0.8096774
2072,38561,0.80967593
670,8795,0.8096396
1347,17510,0.80961674
1821,9988,0.80957067
1776,27110,0.80956936
1486,40422,0.80955124
1298,33915,0.8095503
33,40444,0.80954933
2432,28758,0.8095447
1922,38173,0.80952054
1827,38173,0.80952054
2570,38173,0.80952054
1914,38173,0.80952054
2392,37894,0.8095173
2003,51552,0.80950916
1087,4158,0.80949694
2432,11740,0.80948913
1012,33576,0.8094887
1904,2834,0.80948687
2519,16646,0.8094382
614,2058,0.80941594
830,63354,0.8094127
1842,30056,0.80940294
2085,60363,0.80939186
2219,29821,0.80939007
657,42029,0.8093581
1224,4810,0.8093535
100,29775,0.8093284
668,55586,0.8093283
2275,43155,0.8093077
2456,49566,0.8092989
2456,59998,0.80927896
962,33075,0.8092789
2018,11758,0.8092741
2606,25523,0.8092705
1912,29758,0.8092302
1811,31888,0.8092247
2303,34812,0.80920196
1865,55320,0.8091947
193,60153,0.80917704
2039,59850,0.8091757
1814,43278,0.80916965
1560,27585,0.80913967
641,55845,0.8091391
2381,19485,0.80911565
183,16722,0.809113
1203,11614,0.8090852
590,29784,0.80907327
1065,61565,0.8090534
709,30360,0.80903655
2607,58736,0.80901647
2518,24764,0.8089793
2519,45980,0.8089779
561,18709,0.8089725
1055,30556,0.80896485
2431,6890,0.8089447
805,3152,0.80888826
266,34301,0.80888224
600,39695,0.80887854
2306,12117,0.80887353
1561,61590,0.8088656
1502,7654,0.8088584
1930,61919,0.8088466
512,6000,0.8088324
2577,54929,0.80882895
1081,30421,0.80880964
1930,50780,0.8088073
631,8868,0.80880034
898,46108,0.80879945
1830,22590,0.80877125
687,57667,0.8087379
2193,23243,0.8087292
1592,14652,0.808722
689,20876,0.80871856
2552,46389,0.8086828
2104,4559,0.8086766
2008,13981,0.8086709
874,45945,0.8086569
1568,15513,0.80863523
1423,60210,0.80862886
696,2464,0.8086221
1966,57750,0.8086179
2432,30082,0.8085996
1565,37684,0.80859643
736,27630,0.80859613
1222,63356,0.8085715
1659,50005,0.8085646
1533,39229,0.80856276
1829,40801,0.8085329
16,17317,0.80853033
1349,51065,0.80851775
2360,46940,0.80851746
2392,62941,0.8084948
1214,45368,0.80849177
2391,40183,0.8084888
1124,17744,0.8084853
557,35139,0.80848396
1236,45890,0.8084544
758,55705,0.8084501
135,10708,0.80837107
1880,39837,0.80834883
689,9709,0.8083112
1282,24925,0.8083103
2425,25655,0.80829084
1061,16346,0.8082615
1229,49704,0.80825317
2200,62603,0.8082365
2130,3367,0.8082248
2450,41647,0.8082094
2200,17487,0.80819905
1077,5624,0.80817705
1339,40182,0.8081633
1338,54854,0.8081625
1224,33856,0.8081547
911,41702,0.8081367
709,17782,0.8081166
1852,49169,0.80809253
40,23262,0.8080777
1432,57661,0.8080718
1423,20309,0.80805504
1317,48416,0.8080442
2215,4370,0.8080401
1684,62834,0.8080226
2085,40772,0.8080225
587,31476,0.80799836
1046,3367,0.807987
104,6283,0.80795157
2336,19853,0.80794835
1352,2834,0.8079448
1528,4967,0.8079307
322,22463,0.80785453
39,12964,0.8078526
898,55553,0.8078412
1139,6381,0.8078358
543,15339,0.8078265
2322,1033,0.80782455
40,35230,0.8078134
934,41658,0.8078055
212,10695,0.80779254
1978,17236,0.8077849
922,41055,0.8077595
2074,29821,0.8077462
932,34920,0.80773187
660,44767,0.80770594
2182,7720,0.80770385
898,53543,0.8077016
831,40642,0.807689
107,2308,0.8076866
620,62272,0.8076843
2059,39919,0.80766916
1855,50008,0.8076662
1874,6283,0.8076631
668,22305,0.8076366
912,40053,0.80763525
2390,51571,0.8076352
349,9180,0.8076248
2018,32384,0.8075881
411,7163,0.80758387
1849,35337,0.8075826
911,53768,0.8075676
662,2237,0.8075672
1684,5597,0.807566
660,10708,0.807559
1224,19535,0.80753696
1659,34389,0.80752516
1775,22911,0.8075164
549,4334,0.8075075
349,42336,0.8074981
323,18337,0.8074956
1585,33724,0.8074877
1077,6218,0.807479
1432,26860,0.80747217
1814,57583,0.80746
640,41450,0.80745953
899,38473,0.8074591
1081,61948,0.8074516
2075,22305,0.8074121
153,18337,0.8074089
1478,32512,0.80740327
2433,24437,0.8073809
2548,31531,0.8073532
2005,2832,0.80734825
323,60949,0.80731153
2385,59778,0.807293
1562,43912,0.80727994
1851,45082,0.8072754
147,19423,0.80724555
1816,63017,0.8072265
1145,57661,0.80722564
1511,45304,0.8072242
1432,38005,0.8072227
1388,2832,0.8072036
748,56875,0.8071923
461,18299,0.8071327
135,23133,0.8071297
2214,30906,0.8071239
1890,50005,0.80711377
818,57667,0.8071096
876,7525,0.80710936
100,27953,0.8070905
735,32246,0.80708605
100,45439,0.8070698
1456,48416,0.80706465
741,40642,0.807045
1552,49740,0.80704474
135,60363,0.8070376
1023,18057,0.8069967
828,38688,0.8069887
946,55886,0.8069867
1788,33064,0.8069656
619,13981,0.806962
120,41320,0.8069536
68,20194,0.80693495
950,53496,0.8069105
2416,1307,0.8068999
1078,48279,0.80689645
640,56675,0.8068526
372,18299,0.80684924
2282,31368,0.8068249
2478,50108,0.8068135
2388,39694,0.8068064
2045,28335,0.8067984
274,26734,0.8067764
274,46056,0.80676997
2249,28690,0.8067514
2503,42500,0.8067309
921,31921,0.8067279
1081,5730,0.80669147
1785,29569,0.8066523
797,32665,0.8066316
44,7525,0.80662763
1507,56281,0.8065903
1634,12890,0.80657756
1487,23948,0.8065659
876,55313,0.806524
2084,57661,0.80649805
1408,24764,0.80649763
535,10241,0.80649406
1840,48069,0.8064721
1662,10999,0.80646276
2519,23585,0.80646026
1394,45452,0.8064589
2219,6512,0.806448
934,27021,0.8064441
1077,56771,0.8064264
1814,43570,0.8064258
554,17316,0.8063984
1659,44758,0.8063856
437,47395,0.8063717
333,23251,0.8063618
876,5087,0.8063594
250,20341,0.806345
884,18082,0.8063403
1672,30056,0.80633867
1672,54854,0.8063284
1282,62242,0.8063228
2515,47682,0.80630463
2322,42885,0.80629796
1846,41689,0.8062978
1207,14952,0.80629694
82,14321,0.80625737
145,35102,0.8062452
302,62580,0.80622923
462,34075,0.8062267
2224,52022,0.80621123
2392,55879,0.80619204
1213,63294,0.8061912
1560,9606,0.8061836
117,14162,0.8061731
680,13814,0.80616397
1972,28116,0.8061627
925,61117,0.80616164
2214,53838,0.8061602
1539,25298,0.8061463
946,1794,0.8061461
1176,21623,0.8061292
558,18974,0.80612546
1244,48254,0.8061125
1811,7117,0.80610216
1225,55351,0.8060967
348,57556,0.8060813
1893,11082,0.80607915
707,42782,0.8060719
437,49034,0.8060713
680,8795,0.8060653
2364,45616,0.80606353
1330,49443,0.80604774
542,53543,0.80603486
471,35103,0.80602676
946,5487,0.8060209
471,32928,0.80600774
1529,49714,0.8060031
1568,11727,0.8059896
946,9790,0.80597496
2505,43811,0.8059391
670,61690,0.80588925
462,28690,0.80588776
1800,4443,0.8058637
349,50901,0.8058578
934,50670,0.80584115
85,3887,0.8058106
709,38426,0.8058101
2265,50008,0.8057691
1620,37863,0.8056984
1765,44066,0.805696
2039,14995,0.80563545
1752,56875,0.8056281
1902,64083,0.80561197
2581,10597,0.80558866
797,58407,0.8055804
871,27311,0.80557775
600,5730,0.80556107
1816,7424,0.80555785
2007,2577,0.8055538
2427,6283,0.8055383
57,56967,0.80552256
590,33807,0.80552053
2396,37373,0.805516
330,54001,0.8054906
1006,37702,0.80547416
443,5579,0.80544794
2196,49730,0.8054434
1995,10114,0.80543804
1816,52054,0.805437
1440,7564,0.80543303
145,34340,0.8054174
1652,64262,0.80539435
1491,7908,0.80536115
1697,13622,0.80535245
1087,27042,0.8053168
2212,51553,0.80529594
1203,2414,0.8052794
618,47083,0.805276
1880,49814,0.80527556
2577,32599,0.8052704
1145,62412,0.8052613
944,32571,0.8052581
2505,33580,0.8052547
1532,6519,0.80522996
2578,32384,0.8052281
2464,16106,0.80521417
2412,55990,0.8051591
2186,48416,0.80514956
338,3207,0.8051453
2087,60337,0.8051369
2003,36711,0.8051272
40,45980,0.80512494
971,7525,0.8051214
676,7525,0.8051177
1382,40741,0.80511254
1722,58759,0.80510527
1361,12263,0.8051044
1722,47981,0.8050844
619,2576,0.8050816
1077,43087,0.80507445
1442,9291,0.8050593
2405,36064,0.80503
2041,44621,0.8050153
1227,63356,0.80499816
1400,38688,0.80499446
660,51976,0.8049895
2056,18205,0.8049324
666,27555,0.8049276
1770,29409,0.80491406
448,35169,0.80491245
1077,39107,0.8049079
39,55886,0.80485696
461,42542,0.8048538
851,63403,0.804847
691,49658,0.80483973
97,9291,0.804833
1511,14910,0.804825
851,31052,0.8048232
664,21028,0.80480814
1661,57588,0.80479443
1394,59040,0.80478907
2351,18837,0.80478776
1242,17976,0.80476975
1829,42029,0.80476916
990,59558,0.80476594
2607,1303,0.804762
13,28114,0.8047616
120,10617,0.80475533
2272,38510,0.8047452
987,17713,0.80473655
590,7917,0.80470556
1814,36461,0.8046874
665,37918,0.8046648
1067,29360,0.8046582
1852,12109,0.8046373
2578,41972,0.8046261
2518,22282,0.80461836
925,11740,0.8046139
1417,35543,0.8046092
1342,39755,0.8045744
1340,37045,0.8045619
363,13754,0.80455935
1865,24560,0.8045574
1840,50667,0.80454445
2505,45980,0.8045368
766,46828,0.8045365
1748,4577,0.8045066
1487,40897,0.80450404
120,39514,0.80450386
1033,58030,0.80450034
884,6286,0.80448294
1740,28385,0.80448234
935,37045,0.80447996
2519,12036,0.804477
660,59907,0.8044697
1330,45088,0.8044627
591,45864,0.80445087
2146,14749,0.8044324
4,39837,0.80442905
1759,30002,0.8044234
1046,38935,0.80438554
249,55586,0.80438066
1492,33788,0.80437404
2169,44376,0.80436414
1846,49648,0.80435634
2166,54277,0.8043518
670,26191,0.8043502
1776,31902,0.80434847
513,47930,0.8043446
2005,46640,0.8043291
660,12240,0.80431867
6,977,0.8043184
1739,38406,0.8043141
2034,21327,0.80430734
1066,47849,0.8042993
2003,57661,0.8042892
855,11111,0.80428636
1077,43912,0.8042778
2085,37752,0.80426025
1722,1845,0.8042402
676,5730,0.80423427
107,28616,0.80422795
831,57047,0.804217
2194,63830,0.8041845
322,26179,0.80416155
1604,17236,0.8041599
533,51976,0.80415857
1840,46608,0.8041259
461,20341,0.8041247
618,22952,0.8041244
58,61747,0.80411947
1855,46389,0.8041078
989,37039,0.804104
1625,7386,0.80409503
2008,48430,0.80409026
603,11331,0.80407935
1930,31393,0.80407584
1905,12582,0.8040664
2301,22421,0.8040523
2438,58226,0.8040506
631,24183,0.80405015
1323,28641,0.8040397
971,39550,0.8040379
1440,42029,0.8040326
330,5087,0.8040172
2056,4577,0.80395865
1750,13933,0.8039199
1997,7525,0.8039136
874,7525,0.80389464
1979,54474,0.8038863
2169,33915,0.803885
2505,29409,0.80387723
2519,45884,0.8038739
1722,17247,0.8038529
39,6519,0.8038483
2215,18910,0.80384016
176,38173,0.80383426
1256,6890,0.8038158
1108,48006,0.803776
1990,11614,0.8037649
631,35251,0.8037621
590,23243,0.8037599
2575,52181,0.80375123
46,38466,0.80374324
1055,33788,0.803741
105,58736,0.8037165
1950,38688,0.80368483
2168,10805,0.803661
2338,43854,0.8036595
1655,56743,0.80365103
664,31815,0.8036464
600,50780,0.8036462
1432,45980,0.8036435
28,5338,0.80362475
2615,58788,0.8036224
6,46640,0.8036181
1006,11452,0.80361784
1078,55684,0.8035749
532,4158,0.8035624
669,31919,0.8035542
2364,23777,0.803527
876,5730,0.80351955
1226,61145,0.8035151
709,38474,0.8035059
2431,19262,0.80349183
2552,56428,0.8034884
2396,27702,0.8034881
154,19947,0.8034769
1634,17415,0.8034597
1491,12890,0.80344963
1124,6044,0.80344117
1197,13727,0.8034279
2003,60799,0.80340207
1625,50416,0.8033954
544,9299,0.8033944
689,2835,0.8033937
542,11452,0.8033927
749,58040,0.80337334
2318,42659,0.80336857
2126,3022,0.80334675
851,45805,0.80334604
1604,18337,0.803342
1662,17510,0.80334175
1786,9310,0.80332476
689,18704,0.80328226
2228,38842,0.8032752
884,43278,0.80325305
1902,47255,0.80324864
1655,22857,0.80324256
1990,13981,0.8032421
2338,55678,0.8032386
1087,15307,0.8032281
657,31022,0.8032226
2245,33353,0.8032128
676,2464,0.8031807
1833,34851,0.80317986
1256,11461,0.8031642
960,56907,0.8031605
2139,11758,0.8031595
620,20029,0.8031573
1261,31477,0.80315495
68,46239,0.80314726
934,28636,0.80312395
2245,42391,0.80308354
1846,31322,0.8030554
818,42542,0.803029
2220,19626,0.80301625
2272,31591,0.8030062
1408,2475,0.8029817
330,10241,0.80297816
1256,19574,0.8029665
23,64161,0.8029561
694,56771,0.80295604
323,17236,0.8029347
2063,34340,0.8029301
471,12241,0.8029256
2218,38842,0.80292255
1549,61690,0.8029187
265,46752,0.80290496
519,3246,0.80288076
84,42334,0.80287814
1511,26214,0.80285716
142,23618,0.8028381
2272,40722,0.80283237
736,6485,0.8028258
105,40394,0.8028236
2052,52022,0.80282116
323,55586,0.80278754
694,50780,0.80278003
1528,6283,0.80277634
1603,48623,0.8027721
1078,2988,0.8027675
2337,52152,0.80276275
173,54596,0.80274683
2103,19488,0.8027419
120,41055,0.8027392
330,59558,0.80273867
597,37481,0.8027297
44,37863,0.80272835
2452,35230,0.8027204
1989,37202,0.8026887
529,50858,0.8026863
2161,5651,0.80267835
536,43487,0.8026644
362,34940,0.8026605
2275,24132,0.80265284
170,38995,0.8026415
587,8398,0.8026303
657,34018,0.80261433
360,41389,0.8025863
939,33915,0.80256
1560,12268,0.8025348
1846,61117,0.80252385
2305,36665,0.80249876
2056,34843,0.80249107
1812,62873,0.8024857
2157,2576,0.802464
2234,56576,0.80243677
1759,33175,0.8024143
1456,17744,0.8024076
2343,49443,0.8024001
461,5730,0.8023993
1126,6792,0.80239546
2433,31853,0.8023865
924,16274,0.8023865
1486,38842,0.8023837
215,28019,0.802383
1160,3179,0.80238116
521,53838,0.802373
882,28789,0.8023647
163,50005,0.8023635
6,27202,0.8023571
265,30056,0.80235183
736,7908,0.8023514
2518,51347,0.80234396
2215,17397,0.8023358
2279,42009,0.8023004
851,51976,0.8022905
1062,57528,0.8022805
1529,36351,0.80227953
1920,53286,0.80225277
2215,61103,0.8022435
1529,34736,0.8022412
2518,2475,0.80223715
2182,40866,0.8022325
2600,46479,0.8022243
1580,16092,0.8022103
1849,59840,0.8022061
831,38173,0.80219245
1913,45884,0.8021916
2144,19535,0.8021779
2069,45165,0.8021728
584,48416,0.8021573
1423,45489,0.80215454
2329,2202,0.8021321
1941,12036,0.8021238
1925,38221,0.8021037
154,45306,0.80210257
572,14020,0.8020973
1706,17415,0.8020932
348,6844,0.8020932
2505,31280,0.8020638
1977,41655,0.8020475
54,20764,0.80201703
735,1544,0.8020017
569,34331,0.8019962
999,8206,0.8019928
90,33366,0.8019743
806,34586,0.8019635
1347,16948,0.801946
537,42636,0.80192083
2431,9805,0.80191994
1568,24194,0.8019191
2071,18910,0.8019172
44,23011,0.8019016
657,45957,0.80189955
2180,51336,0.80189806
120,48150,0.80188036
2509,22137,0.80188036
140,7729,0.8018713
2168,58674,0.8018458
891,61145,0.80184245
75,32392,0.8018336
1053,3542,0.80179346
453,21032,0.8017677
849,49845,0.8017561
781,26407,0.8017538
1408,46640,0.8017424
944,55876,0.80172443
748,5983,0.801721
830,1521,0.8017205
831,27953,0.80171275
140,61434,0.80169284
2433,19840,0.8016856
2168,12182,0.80167353
1990,53939,0.80167055
1759,42599,0.80166996
542,53129,0.8016479
676,25579,0.80162495
1081,29255,0.8016248
2433,6596,0.80161864
4,63845,0.8016033
2456,9396,0.8016004
1108,33268,0.80158997
664,22590,0.8015629
201,19270,0.8015496
772,37900,0.8015347
96,41695,0.8015033
2174,56576,0.8014984
1404,23389,0.8014929
618,42348,0.801487
1908,483,0.80148625
805,48571,0.80148
1660,47395,0.8014734
513,34481,0.8014614
1701,43811,0.80143315
1388,49443,0.8014215
2234,59907,0.8014159
1479,54636,0.8013929
1975,18910,0.8013892
924,5730,0.8013749
735,13073,0.8013658
1800,7386,0.801365
211,49039,0.80133665
818,21924,0.80132616
660,37787,0.8013145
1960,63910,0.80128753
1912,2308,0.801283
58,5637,0.8012663
2333,19226,0.8012581
1833,51343,0.8012426
1410,17062,0.8012308
208,42391,0.8012283
599,26258,0.80122274
1296,9449,0.80120945
515,18279,0.80120003
269,7525,0.8011763
2001,24437,0.8011762
1055,63119,0.80117327
2572,33580,0.8011462
2478,3034,0.801142
960,18082,0.8011216
1078,30940,0.80111724
1529,44760,0.8011054
874,10241,0.8010987
2421,9291,0.8010938
1529,61117,0.8010789
988,29225,0.80107623
2052,58040,0.80107224
1203,39919,0.80105793
1846,60316,0.8010576
1930,39550,0.80105394
924,7643,0.80104905
660,39062,0.8010194
44,37494,0.8010157
660,9939,0.8010099
1241,31456,0.80099666
2066,14652,0.80098355
2327,18319,0.8009801
170,7011,0.8009787
835,55351,0.8009747
834,57047,0.8009617
1941,52549,0.80092627
1902,55342,0.80092525
632,50245,0.8009147
1244,28751,0.8009105
2265,44812,0.80090195
818,50248,0.8008903
1408,33580,0.8008777
1604,1322,0.800875
2214,38561,0.80086935
1775,3939,0.8008571
536,33580,0.80085707
1388,1845,0.8008504
818,16274,0.80083466
461,16714,0.80083025
1065,27630,0.800812
1423,42599,0.8008039
1562,36520,0.8008039
2168,13981,0.8007951
1078,977,0.8007896
618,60949,0.8007849
2074,21551,0.8007609
728,14499,0.800756
1729,54277,0.8007443
543,31393,0.8007434
448,22998,0.80073345
2074,28636,0.8007301
1734,17171,0.80071753
1243,53887,0.8006805
2518,54979,0.80066687
147,51065,0.8006462
212,49928,0.8006419
1381,28385,0.80062425
1303,53772,0.80059946
899,59763,0.80058146
2279,17787,0.80057967
2597,35102,0.80057085
512,9933,0.80055684
1440,6890,0.8005543
2071,48824,0.80053884
587,37684,0.800531
543,5087,0.8005234
1124,33624,0.80048513
834,53129,0.8004707
1652,24468,0.8004651
1558,43176,0.8004602
1046,33034,0.8004424
330,35718,0.80042255
59,60124,0.80039215
1855,27721,0.80037785
1668,32392,0.80037004
245,7420,0.80035686
988,39695,0.80035114
2519,12263,0.8002954
2196,50047,0.8002671
2234,46828,0.8002599
2249,54463,0.8002587
2234,50670,0.80025846
563,11740,0.8002249
2196,33807,0.8002121
90,43854,0.8002047
1087,8018,0.8001807
1846,15530,0.8001801
748,43881,0.80016375
1997,39550,0.80015457
578,7163,0.8001281
1078,63778,0.80012023
2085,42327,0.80012023
90,17905,0.8001095
2336,38251,0.8001029
2052,31257,0.8000919
1997,5087,0.8000718
939,16147,0.80006915
1759,40741,0.8000558
884,39694,0.8000469
1046,7950,0.8000227
2125,52685,0.80001706
1432,55856,0.8000039
2193,29784,0.8000034
474,63356,0.7999953
1568,26660,0.7999938
12,30048,0.7999641
1528,53772,0.7999481
924,61145,0.7999457
1533,9449,0.7999391
75,50540,0.79993623
1655,10990,0.79991907
911,45905,0.7999038
960,39694,0.7998953
544,55856,0.79988307
1367,25781,0.79988205
582,57556,0.7998816
2575,28959,0.799849
960,43933,0.799846
818,40455,0.79984295
142,41972,0.7998272
2238,35793,0.7998102
1989,19786,0.79980946
600,54277,0.7998085
2068,43777,0.7998038
736,22074,0.79979944
2157,62941,0.7997911
513,33681,0.79975975
1829,1043,0.7997489
2265,54174,0.7997445
1925,62683,0.79972756
2336,27630,0.79972625
903,56536,0.79972434
212,46828,0.7996902
805,61599,0.7996866
2338,50008,0.7996792
2068,30906,0.79965746
1751,3345,0.79965323
2282,40965,0.79963434
2077,30817,0.7996144
2336,57488,0.7996049
1701,46640,0.79960406
992,57588,0.799599
1570,17713,0.7995936
665,41110,0.799593
631,24667,0.79956734
600,50248,0.7995594
2364,4559,0.79953784
950,29280,0.79951787
1568,18205,0.7994976
1108,32392,0.79949445
1394,19455,0.79948854
2416,6154,0.7994874
1239,8825,0.7994534
106,4594,0.79943585
1145,32392,0.799428
1280,50873,0.7994249
875,47739,0.79941094
474,13981,0.7994046
796,4443,0.79939926
615,7654,0.79938626
911,39901,0.7993809
175,5465,0.79937434
2074,18337,0.7993717
2196,19286,0.7993629
2421,32111,0.7993493
645,507,0.79934037
662,56834,0.79931486
988,16499,0.7993125
2600,60997,0.7993102
1226,11452,0.7993006
1862,5608,0.7992671
1194,52678,0.79924417
1890,8825,0.7992438
927,568,0.7992123
2139,32384,0.79920924
1849,1845,0.7992033
1972,32188,0.7992014
2377,20341,0.7991979
461,7525,0.7991875
279,43220,0.7991746
1423,30002,0.7991741
193,55113,0.7991729
2005,32963,0.79916406
1214,55055,0.79916227
618,14737,0.79910266
57,13320,0.79909813
2086,52956,0.7990933
600,2464,0.7990801
1672,61774,0.7990732
2272,52385,0.7990729
2361,42659,0.7990664
1061,8181,0.799064
1282,53276,0.7990639
450,28613,0.79906
2144,21475,0.79904205
1487,62878,0.7990303
1911,34940,0.7990261
515,8670,0.7990217
84,42326,0.79901403
874,53775,0.7989657
2344,39229,0.798963
1941,23262,0.7989434
1890,28959,0.79894066
1840,8056,0.7989359
1824,11740,0.7989318
1655,33912,0.79890823
1830,50359,0.79888284
2372,44609,0.79887027
805,39009,0.7988659
983,12503,0.7988216
2008,1509,0.7988055
536,26258,0.7987889
6,43183,0.79876614
2452,33915,0.7987576
2249,28431,0.7987568
1558,23711,0.79874206
1779,56771,0.79874134
934,7294,0.7987319
2368,62603,0.79872954
2041,52388,0.7987211
1397,22939,0.79869753
664,34346,0.7986897
1108,43833,0.7986877
1655,4334,0.7986808
607,34812,0.7986774
13,43907,0.7986702
153,32384,0.79866356
1433,46661,0.7986504
474,10805,0.798645
2336,17415,0.79863584
2195,56190,0.7986206
487,43419,0.79859835
2607,53225,0.7985908
1417,18542,0.7985854
1244,56576,0.798581
926,58907,0.79852474
1309,61919,0.79849625
2416,35088,0.7984909
810,56460,0.7984804
2368,53768,0.7984699
1599,19158,0.79846084
1562,35097,0.7984563
950,10990,0.79845166
474,44550,0.7984474
1811,33773,0.79844534
749,35230,0.798432
1248,43581,0.79842806
1009,7525,0.79842275
2552,24740,0.7984141
1256,63588,0.7984091
1214,18988,0.7984047
934,33380,0.7983981
1659,54035,0.79837817
1910,25127,0.7983637
939,22325,0.79835945
450,35169,0.7983496
543,61919,0.79834616
563,9979,0.79833627
6,47743,0.7983141
1625,31022,0.79830515
924,15250,0.79828286
1592,13508,0.79827297
2214,46916,0.7982614
190,49426,0.798249
422,3542,0.79822445
1506,55424,0.7982193
98,34340,0.7981999
338,56787,0.7981956
136,29277,0.7981898
1111,54340,0.79818463
733,64108,0.7981824
934,51481,0.79817563
748,32843,0.7981532
2066,29963,0.7981285
1659,8825,0.7981285
2039,41762,0.79811716
364,29360,0.79811317
2340,3833,0.79811037
145,6440,0.7980942
2318,34018,0.7980876
2043,5087,0.7980852
1067,2244,0.7980684
642,5087,0.7980657
1700,45959,0.7980645
2124,47516,0.7980632
831,62857,0.79805744
934,21475,0.79805017
2086,42372,0.7980185
450,22998,0.7980018
1507,38688,0.7979979
1752,57384,0.79798067
2265,46389,0.797974
1053,18337,0.7979306
736,15455,0.7978821
2275,26834,0.79787195
1585,2475,0.7978482
1225,21488,0.79784083
1513,13622,0.7978407
1156,9790,0.79783726
448,28613,0.79782194
136,18629,0.797821
39,1794,0.7978188
2003,29409,0.7978047
1394,31309,0.7978016
1081,7525,0.79780084
1016,6677,0.7977581
1673,40484,0.79774225
762,32392,0.79774195
1256,51347,0.7977315
2056,11541,0.79772073
1748,42439,0.79769397
2045,16499,0.7976915
2515,44402,0.79768485
328,50922,0.79768175
2336,27230,0.7976791
689,44245,0.7976787
535,13671,0.797667
2218,29920,0.7976661
302,28051,0.79764324
492,7954,0.79763865
1391,38842,0.79763293
1146,27630,0.79760647
140,49400,0.79760605
6,51719,0.79760265
2249,10114,0.79760116
1734,48814,0.79759926
2526,43141,0.79759765
680,43308,0.7975954
163,34586,0.7975736
2085,34301,0.79756755
1382,44593,0.7975672
1765,51511,0.7975645
1842,38688,0.79756314
2086,16223,0.797553
927,31902,0.7975359
142,55586,0.79753405
84,44674,0.7975335
1061,57138,0.79750943
1958,45439,0.797459
2368,2308,0.79745466
2478,46567,0.79744494
1661,58907,0.7974435
1660,41954,0.7974203
474,1509,0.7974109
536,37481,0.79740775
1512,17854,0.79740036
2305,46354,0.7973865
536,31614,0.7973858
183,19304,0.797385
1635,42782,0.79738
1673,42170,0.7973647
1975,48824,0.79735756
2195,1111,0.7973511
1795,45739,0.7973465
590,4577,0.79732823
316,10507,0.7973222
2072,7950,0.7973114
1989,50877,0.79731095
2068,3542,0.7972888
2577,27822,0.79726785
2161,1845,0.79726106
642,37494,0.79725486
652,45980,0.79723704
607,21559,0.7972275
836,23457,0.7972044
1139,37725,0.7972023
2263,54463,0.79719734
421,44245,0.7971746
163,32362,0.7971597
2600,494,0.7971567
1060,35230,0.797136
1214,33808,0.79709655
871,21423,0.7970927
338,49426,0.7970837
2431,7564,0.7970783
925,28758,0.79706526
665,825,0.79705393
434,59375,0.7970501
82,19286,0.7970468
2045,50005,0.797029
2056,7917,0.7970215
676,7643,0.79701936
2210,43907,0.79701793
927,49946,0.79701734
1323,39759,0.79701006
2361,43738,0.7969969
707,12683,0.79699224
2552,60777,0.7969884
783,3705,0.7969874
533,31052,0.79698473
47,27857,0.79697555
1880,44593,0.7969451
925,41689,0.7969341
1270,32152,0.7969313
1105,7525,0.7969305
2076,60363,0.7969253
632,42029,0.79691887
1575,29409,0.79690963
1751,45318,0.7969032
1902,1181,0.79688793
633,60630,0.7968868
619,58674,0.7968811
757,31411,0.79687226
536,29138,0.79686666
1055,35230,0.796862
2186,38294,0.7968544
1165,53326,0.7968457
2310,32091,0.79683673
1960,38815,0.7967968
2199,22998,0.796791
1842,20309,0.79679096
1002,50298,0.7967873
209,33807,0.7967679
2214,59907,0.7967489
791,35230,0.7967353
2364,21904,0.7967102
772,36064,0.79670006
571,49426,0.79668105
2303,21559,0.7966758
513,43474,0.79667556
8,17316,0.79665786
140,54174,0.7966512
513,13705,0.79664534
1842,11173,0.79662156
1795,56693,0.79661804
2074,11938,0.7966094
2187,22998,0.7966067
1207,29529,0.796578
335,56348,0.7965709
571,41055,0.7965518
2421,14321,0.79654646
2257,59202,0.79654086
615,59482,0.7965336
1026,25417,0.79652554
107,53973,0.7964845
2037,58432,0.7964792
971,18299,0.7964631
2491,49235,0.7964575
600,30721,0.7964573
364,53496,0.79645574
1382,2776,0.7964313
2103,6428,0.79642725
788,57857,0.7964142
2103,5624,0.79639965
2005,41096,0.7963714
1558,31981,0.7963581
664,31133,0.79635423
1256,1869,0.79634094
2397,31902,0.79631823
142,11758,0.7963148
2418,44385,0.79629546
2068,37919,0.79629433
2509,62941,0.7962859
2125,34812,0.7962836
1214,17171,0.796282
2581,6892,0.79628044
1156,22911,0.79627717
2442,18337,0.7962692
1487,29184,0.79625905
2200,8432,0.79625225
2368,57170,0.7962388
1433,44385,0.7962273
1236,44519,0.79620254
706,21173,0.79619855
2169,2968,0.79618865
847,27702,0.7961872
350,6844,0.7961864
1258,39396,0.7961743
46,63899,0.7961731
831,4589,0.7961644
185,2914,0.79616
830,13907,0.7961379
1410,32478,0.7961365
2478,54035,0.7961062
2421,22463,0.7960926
2336,13705,0.7960836
85,9019,0.79608023
2328,63843,0.79607606
2166,11638,0.7960645
999,55990,0.7960641
1902,33055,0.7960547
1558,50575,0.79603887
2388,53286,0.79602396
2447,27060,0.7960231
2259,37268,0.79601884
2169,57831,0.79601026
631,17315,0.79600155
1655,22911,0.7959888
924,51641,0.7959757
441,9099,0.79597354
2519,29138,0.7959577
2304,20143,0.79595006
830,48708,0.7959485
193,30701,0.7959448
2509,58227,0.795943
1330,5579,0.7959347
1394,43330,0.7959324
791,42283,0.7959174
2392,12267,0.79589826
2478,16258,0.79588145
1779,41981,0.7958715
2199,32580,0.795868
745,33680,0.79585993
885,45693,0.7958211
1558,11678,0.79577905
535,37494,0.7957542
322,23767,0.7957517
1740,63141,0.79573375
2039,19535,0.7957057
176,45439,0.7957053
2336,33405,0.7956903
1991,40642,0.7956884
1570,1043,0.7956697
818,21047,0.79566264
2328,42478,0.795648
664,23711,0.7956322
2194,40205,0.79560435
363,28116,0.79559857
322,17165,0.79558814
1824,23818,0.7955856
1037,10695,0.7955763
1060,43586,0.7955754
1639,46421,0.79557157
2478,52181,0.79552674
1562,53879,0.79549736
2351,16272,0.79548717
1779,52946,0.7954808
1270,26258,0.7954779
1388,53939,0.79546976
818,31393,0.7954682
2161,1181,0.7954648
851,34865,0.79545236
2574,7522,0.79543793
1840,61486,0.7954229
2607,29326,0.7954189
1849,45165,0.79540956
1821,17713,0.7954051
452,56281,0.7953821
1975,41974,0.7953694
1902,47112,0.7953554
2086,41389,0.7953381
2361,17685,0.79532784
1934,40642,0.7953254
2609,53983,0.7953218
175,59315,0.79531026
766,34331,0.7953003
2124,47311,0.7952993
521,3542,0.7952982
1323,57614,0.7952913
987,5698,0.7952715
203,1845,0.7952617
1394,59548,0.7952611
949,62323,0.7952572
736,12890,0.7952515
2169,47463,0.7952343
280,59375,0.7952297
2452,2832,0.79522043
2074,59907,0.7951997
2087,33034,0.7951835
2052,41396,0.79518116
461,2464,0.79517925
2003,16646,0.7951717
533,20396,0.7951412
1126,60173,0.79513866
1762,11452,0.7951157
1902,5651,0.79510397
2068,63403,0.79508185
1672,24289,0.795076
1874,53772,0.7950406
1046,17124,0.79501903
925,44760,0.7950095
173,2357,0.79500574
2518,56907,0.7950057
2103,53265,0.79498535
1698,22463,0.79496676
2107,45616,0.79492354
2331,19091,0.7949184
2214,43777,0.794904
766,59823,0.794901
1299,61919,0.79489833
1874,59680,0.7948965
1829,36689,0.7948752
1408,1284,0.79484844
2351,20734,0.79482114
2336,61565,0.7948137
1575,17062,0.7947931
153,42694,0.79476774
2450,63945,0.79476136
1909,55342,0.79474175
364,48213,0.794737
1492,55856,0.7947302
2125,5651,0.79471636
2005,2968,0.7947018
2606,52946,0.7947007
2234,59206,0.7946952
2498,62397,0.7946928
2548,61585,0.79467666
2541,18149,0.7946714
2186,46828,0.7946712
1165,29255,0.79467
1571,38251,0.79466474
1620,33055,0.79465926
2405,42525,0.79464877
2214,54941,0.7946476
1092,18229,0.7946154
2193,21883,0.79460907
1824,42029,0.79460466
2336,58241,0.7945975
498,28314,0.79458535
818,38173,0.7945716
1585,56190,0.7945515
745,64108,0.7945508
253,40008,0.79454887
2293,58788,0.79454684
8,21488,0.79453856
1342,26256,0.7945297
2340,6519,0.79452807
390,31582,0.79451466
1173,21752,0.7944932
657,12109,0.7944916
2242,18709,0.7944796
2220,32455,0.79446536
564,13981,0.79445875
618,22973,0.794454
2265,63046,0.7944499
1570,11740,0.79444593
363,16106,0.7944148
533,47516,0.794391
2362,33773,0.7943904
1145,13968,0.79437
190,11243,0.7943598
1438,42439,0.79435325
950,58147,0.7943499
2410,19237,0.79434633
2529,54474,0.7943408
1511,48130,0.7943263
1779,13913,0.7943161
384,13533,0.794307
504,28114,0.79430526
2045,61919,0.7942851
2139,39396,0.7942827
1330,1845,0.7942765
2509,37894,0.7942599
856,11111,0.794232
788,35339,0.7942303
1381,13037,0.79422265
2552,57583,0.79418546
2519,20418,0.79414666
68,2587,0.79413325
2318,19574,0.79412407
2340,18003,0.7941128
911,52075,0.7940978
147,16634,0.79407537
1792,39384,0.794075
1067,35012,0.7940571
1108,63426,0.7940415
1046,63403,0.7940141
2234,33380,0.79401135
1009,50780,0.794007
818,25579,0.7940016
689,45055,0.79399335
2559,27863,0.7939661
587,61563,0.7939403
1748,8468,0.7939365
333,3341,0.79393303
631,52263,0.7939304
2073,50670,0.7939288
1952,41055,0.79392797
971,35097,0.7939104
193,45304,0.7939029
1067,45908,0.79389167
2003,17062,0.7938771
8,38294,0.793869
1672,56281,0.7938614
1067,16881,0.7938596
1977,33580,0.793858
1842,60210,0.79384077
50,48015,0.7938399
2324,50593,0.79383564
1923,38239,0.7937962
1513,26653,0.7937951
851,1563,0.7937386
1040,35337,0.7937247
572,44767,0.79372287
59,48837,0.79371655
884,46175,0.79370666
334,60345,0.7937032
2161,64083,0.7936969
853,58965,0.79369235
1909,47255,0.7936838
1506,36064,0.79367924
1625,24963,0.7936712
2457,27659,0.7936433
600,28323,0.7936341
1101,52285,0.7936177
1846,24963,0.79361284
1423,32534,0.79360723
2168,48430,0.79360294
1890,33075,0.7935951
266,46193,0.7935922
1672,40741,0.7935816
1890,44758,0.79357815
1242,6275,0.79356915
554,29840,0.793565
2124,51976,0.7935352
682,15378,0.7935343
783,8825,0.7935074
2052,2569,0.79350317
142,50321,0.79349005
1423,40741,0.7934891
855,62683,0.79348695
2124,59907,0.7934731
640,57383,0.7934098
2263,55492,0.7934046
546,59040,0.79339
2039,29821,0.7933877
2186,25127,0.7933645
2037,45805,0.7933536
1300,47739,0.79334503
561,37005,0.7933373
927,57675,0.793326
855,38221,0.7933115
1502,39947,0.7933043
1223,56053,0.79330385
1817,14778,0.7933014
582,30268,0.7932592
2574,27822,0.79324925
1126,62603,0.7932471
2452,45980,0.79324424
590,21883,0.79324096
884,43919,0.7932408
1721,47682,0.7932253
805,46567,0.7931973
1660,36969,0.79319715
649,58298,0.793195
1586,47824,0.7931848
1330,43933,0.793175
2541,40703,0.79316115
1972,37202,0.7931565
58,32731,0.7931558
1388,36378,0.7931187
2531,8795,0.79311424
2187,28613,0.79310566
1124,59951,0.7931037
1846,50245,0.79310036
438,22421,0.79309666
1568,8771,0.7930834
971,35337,0.7930763
193,39878,0.7930758
2111,16776,0.79307574
175,63778,0.79306006
1061,22065,0.79305863
990,32999,0.79305804
944,23825,0.7930476
805,34586,0.7930303
2263,28690,0.79302025
64,41773,0.7930171
876,45304,0.79301625
1896,39878,0.79301465
1434,9291,0.79300505
590,61103,0.79299366
668,372,0.79299074
1777,20147,0.792989
1401,59867,0.792975
2344,57954,0.79297465
569,33034,0.79296887
950,47385,0.79296863
1934,27953,0.7929431
2070,34737,0.79292464
919,48069,0.7929216
571,48392,0.79291815
2543,20528,0.7929081
680,47087,0.7929066
1108,11384,0.79290366
2315,9352,0.7928946
2337,18487,0.7928926
571,61650,0.79288936
1426,26389,0.79288757
2217,55360,0.79284346
322,62882,0.79283565
1146,32599,0.792828
1586,60153,0.7928274
2124,63245,0.7928237
4,54854,0.79282117
1770,19158,0.79282075
2519,43487,0.7928033
837,37765,0.7927979
1759,11173,0.79279685
1648,33064,0.7927965
2427,53772,0.7927875
733,41586,0.7927643
836,9853,0.7927438
2193,33915,0.7927427
2094,11541,0.79274124
2218,62412,0.79273796
2052,8237,0.79273736
535,15339,0.7927344
1105,14659,0.79273397
2464,1580,0.79273134
1952,17960,0.7927259
1309,55313,0.79271835
2196,34053,0.79270005
696,52946,0.7926724
59,44680,0.79266846
960,27738,0.7926558
1849,8561,0.7926533
2005,41655,0.79264313
368,37687,0.7926301
1993,33580,0.7926285
1701,19574,0.79262555
926,45324,0.7926089
13,57384,0.7926082
1375,20199,0.7926019
441,47930,0.79258573
2071,27453,0.7925679
2597,27184,0.7925586
1346,47300,0.79255295
1908,45489,0.792547
925,24963,0.7925328
2273,18538,0.7925292
364,16881,0.79251736
1067,256,0.7925097
1623,58557,0.7925033
2344,35698,0.7924943
1193,14999,0.7924583
38,48213,0.79243255
1934,29775,0.7924229
1159,15253,0.7924142
1625,53668,0.7924082
1694,52265,0.7924049
927,64160,0.7924
2597,12017,0.7923947
1601,1845,0.79238516
1066,35935,0.79238427
646,25047,0.7923591
1408,51356,0.79234827
1736,42542,0.7923403
1963,48100,0.7923348
1382,38688,0.7923344
1594,34290,0.79233265
2124,11758,0.7923307
153,60363,0.7923299
2391,52075,0.7923278
1178,49601,0.79232574
1330,16092,0.79231703
2157,54081,0.7923076
348,18751,0.7922999
1294,40907,0.7922959
1499,19270,0.7922851
632,6044,0.7922714
1897,58895,0.79226696
2362,7509,0.79225886
788,33213,0.7922549
2606,36378,0.79225254
1067,9310,0.79225004
595,1506,0.79224193
1849,33580,0.79220605
475,41714,0.7921735
1244,27021,0.7921506
185,12302,0.7921131
884,11740,0.7920642
644,62397,0.79205346
2298,49954,0.792032
1655,35230,0.7920131
2018,58497,0.79200983
1661,63271,0.79198885
2126,29969,0.7919749
1351,59656,0.7919726
2186,29840,0.7919599
805,53663,0.79195046
4,20309,0.79194796
1101,31614,0.791907
1130,13981,0.79190135
908,18299,0.7918986
2257,50008,0.791872
2282,42183,0.7918585
335,52628,0.7918565
1214,61742,0.7918534
1989,32188,0.79181665
1062,27168,0.7918156
2350,36191,0.79181063
1659,59778,0.79179823
1396,22998,0.7917733
1148,7908,0.79176354
951,61601,0.7917634
1960,45703,0.7917634
153,59823,0.79175967
2431,21904,0.79174644
2196,30833,0.79174477
173,30712,0.7917212
47,26570,0.7917191
1672,39297,0.79170805
1312,50197,0.7917068
1960,39695,0.79168105
1213,54663,0.79168034
1952,10325,0.79168
587,54837,0.7916783
2166,40832,0.791672
371,40851,0.79166746
1225,45165,0.7916432
4,56281,0.7916385
902,57731,0.79163194
2111,48006,0.7916224
1006,2762,0.7916218
2368,6792,0.79160994
645,37373,0.79159206
664,52306,0.7915872
1635,63017,0.7915835
1625,38338,0.7915796
1516,32392,0.7915739
1006,57047,0.7915721
2041,5478,0.7915493
569,14310,0.7915409
801,35236,0.79153645
652,43907,0.7915338
105,35102,0.7915211
1729,14659,0.7915094
1846,42631,0.79150796
1006,41865,0.79150426
2008,60455,0.791487
1920,58990,0.791481
2254,16511,0.7914707
2084,29409,0.79146785
1148,12890,0.79146016
2003,19158,0.791458
1244,56496,0.79144067
922,12466,0.79143316
2397,64160,0.7914175
2014,46437,0.79140794
1849,63140,0.79140466
2272,13380,0.79140365
1503,38842,0.7914033
1867,24194,0.7913909
1829,8129,0.79137266
338,12443,0.7913723
784,28547,0.7913588
1323,53620,0.79135495
1029,25417,0.79135275
334,12376,0.7913475
733,37800,0.7913425
668,23618,0.79133326
1260,57284,0.79132664
679,11778,0.7913199
607,50611,0.79130554
2124,56576,0.79128283
1736,57777,0.79127145
1578,40152,0.79126716
1260,52946,0.79126704
453,18910,0.79125583
1507,11173,0.7912478
2475,28285,0.7912474
721,46732,0.7912462
2418,57707,0.79123986
2052,33788,0.7912358
630,51230,0.7912327
1537,29255,0.791203
884,61117,0.7911978
1006,42542,0.79119694
176,37320,0.79119253
925,42029,0.79119086
1655,62580,0.7911882
2068,28751,0.7911874
1739,46144,0.79117537
1391,36030,0.791149
2196,37863,0.79114854
614,53129,0.79114586
784,23072,0.7911439
557,28177,0.79113126
317,44117,0.791131
1126,25581,0.7911308
749,32152,0.7911123
1047,48708,0.7910902
2085,7950,0.79108644
971,36520,0.7910653
2253,9990,0.7910627
2143,15971,0.79105496
1154,52075,0.79102415
1990,2414,0.791019
1785,21323,0.79100883
1060,44376,0.79099673
2484,17566,0.7909954
498,56536,0.7909778
1991,32656,0.79097724
2124,43777,0.7909759
68,6560,0.79096985
1661,30421,0.7909623
619,1671,0.79095614
2518,4688,0.79094714
492,28019,0.7909451
2258,21917,0.7909447
1065,33915,0.7909405
1145,64083,0.7909234
2514,49871,0.7909007
1135,24890,0.79088616
1512,60455,0.79086155
1466,59439,0.79084575
783,51548,0.79084206
578,36689,0.7908405
82,40460,0.79083884
1612,4519,0.79083836
1759,30056,0.7908369
1562,55351,0.7908367
771,4589,0.7908189
2351,7509,0.79081666
618,40496,0.790811
1620,19081,0.7907889
2298,53724,0.79078186
1673,47627,0.7907758
279,42334,0.7907684
2396,53663,0.7907621
2301,5579,0.7907508
1941,36711,0.7907446
2245,42389,0.7907269
296,35230,0.7907215
1430,13981,0.79070556
39,14928,0.79070145
689,61690,0.7907012
1946,54854,0.7906941
294,59850,0.7906933
2001,22911,0.7906834
2068,23224,0.79068244
38,22463,0.7906779
1303,4967,0.79066664
46,30712,0.79065526
2234,33856,0.7906429
925,60316,0.79063267
1630,23618,0.7906294
2373,30070,0.7906258
784,37532,0.79061764
1154,57170,0.7906126
1920,9988,0.790604
1429,43060,0.79060215
1260,7525,0.79058695
94,45088,0.79058456
2519,36900,0.7905825
2037,28088,0.7905773
2111,26019,0.7905743
757,38958,0.7905725
2144,34301,0.7905709
665,31132,0.79057074
1990,13741,0.7905698
613,6998,0.79055744
124,5087,0.79055244
1404,23788,0.79054546
1677,50298,0.7905288
783,24966,0.79051876
519,2754,0.7905149
2391,30077,0.790503
1244,51481,0.79049194
720,32111,0.7904651
1751,47044,0.7904533
662,2475,0.79045266
2456,34343,0.79044306
140,8830,0.79043376
1740,60354,0.79042196
453,36401,0.7904191
1573,63945,0.7904158
1242,47440,0.7903938
1458,41504,0.79039025
1244,57499,0.790388
892,46937,0.7903763
2442,60363,0.7903699
1970,50898,0.79036736
2068,63245,0.7903564
554,21488,0.79035264
707,49977,0.7903524
112,25655,0.7903464
1456,21904,0.790336
1673,32680,0.7903222
884,38997,0.79029787
1580,29184,0.79029703
1930,5087,0.79027367
4,59250,0.7902606
1672,53775,0.79025614
1244,19535,0.7902553
2428,18031,0.79025286
1952,50582,0.7902397
763,40703,0.79023373
2362,19343,0.79022723
1334,1183,0.7902267
107,8133,0.79019165
801,34586,0.7901805
2486,22725,0.7901793
590,61069,0.79017365
1660,54081,0.7901724
2161,48279,0.79016525
1256,1845,0.7901579
1460,2875,0.7901391
669,31815,0.7901206
47,55313,0.7901193
1317,1303,0.7901188
707,52741,0.7900974
733,23767,0.79008985
2089,26214,0.7900845
175,46640,0.79006064
919,34154,0.7900567
1989,14775,0.79005593
1475,53192,0.79004556
679,33617,0.79003805
988,10984,0.7900362
1599,30556,0.79001296
2144,25847,0.7900109
1244,59907,0.79000854
1185,18205,0.7900002
2125,1181,0.78999984
561,1509,0.7899976
2577,33580,0.789993
1296,1509,0.7899758
1571,33580,0.789955
117,30705,0.7899442
1159,30456,0.78993684
1260,42542,0.7899349
2265,7729,0.78991807
1400,825,0.78990304
2234,18337,0.78987694
2351,3442,0.7898514
1153,27667,0.78983754
2094,34040,0.78983104
1220,12890,0.789822
2039,59907,0.7898198
1659,37373,0.78981316
1429,60878,0.7898082
1910,53879,0.7897968
2008,15861,0.78979105
2546,31355,0.7897673
1547,23457,0.789756
1482,56281,0.7897519
615,22590,0.7897464
2094,13394,0.78974175
417,8744,0.78973544
909,28866,0.78972757
926,7525,0.7897226
1207,11035,0.7896931
1260,21042,0.78968215
1303,53363,0.7896671
94,53225,0.7896596
2428,26653,0.78965455
211,58940,0.7896502
2340,59709,0.78964865
2124,30906,0.7896449
2056,51553,0.7896203
2284,61633,0.7896174
1669,12676,0.78961694
2263,9565,0.7896118
2574,54929,0.7896084
2018,4569,0.78958714
578,48064,0.78958255
293,26797,0.78956807
422,63403,0.7895565
2071,36401,0.7895497
1553,49426,0.7895463
2144,38935,0.7895094
2392,10805,0.7895059
1570,19262,0.78950053
39,45351,0.7894977
2150,4066,0.78949344
1261,40231,0.7894899
1759,7654,0.78946245
4,57996,0.78945434
2071,31456,0.789435
1923,62834,0.78942966
932,42573,0.7894174
2276,31280,0.78941715
1603,28689,0.7894167
919,46608,0.7894078
860,31181,0.7894064
461,16499,0.78939366
1883,31949,0.7893925
265,45489,0.78939223
2089,62941,0.7893754
2069,47981,0.78936684
1918,9853,0.78933764
1280,49601,0.7893374
246,7363,0.78928447
1573,47172,0.7892817
772,17782,0.7892802
884,1845,0.78926706
2005,29409,0.78925776
2039,21475,0.78925514
1222,10805,0.7892529
2008,53486,0.78923976
2005,63171,0.78922933
1570,7564,0.789222
784,1253,0.78919923
1222,40316,0.7891783
1791,5017,0.78916717
1905,22911,0.78915
1502,953,0.7891356
1456,46940,0.78912795
643,46640,0.7891026
2087,3367,0.7891009
1736,36520,0.78908587
350,57556,0.7890842
1748,1796,0.7890737
2491,44980,0.78907025
1239,24966,0.78904265
55,5087,0.78903687
925,7564,0.7890333
1599,6742,0.7890259
1430,11614,0.78901887
338,54001,0.7889937
2124,57347,0.7889923
788,44385,0.7889764
2577,28285,0.7889534
1585,42961,0.7889487
2600,30510,0.7889395
1776,14371,0.78892434
1701,2832,0.78891873
1226,42542,0.78891146
1433,55856,0.7888996
1729,7525,0.7888919
1312,21042,0.7888917
2068,56496,0.7888749
513,17415,0.78885406
1502,60354,0.78884006
1649,29255,0.7888344
1747,9959,0.78880215
2124,33856,0.7887994
1381,17713,0.7887784
2310,19091,0.7887696
1997,50780,0.7887617
595,54277,0.78875816
441,43474,0.7887562
2039,16456,0.7887401
2124,60820,0.7887378
1920,59797,0.7886954
1382,55382,0.7886912
649,40022,0.7886818
1239,3152,0.7886706
1214,17648,0.7886704
670,13814,0.78866535
1852,11740,0.7886606
1338,39837,0.78865564
1620,30940,0.7886531
680,18704,0.7886509
1047,63354,0.78863966
2087,9016,0.78860056
1902,25781,0.7886002
1266,24289,0.7885942
614,53611,0.78858405
1400,48485,0.78856874
2089,48130,0.7885684
487,23457,0.788561
892,56524,0.78855455
1338,44593,0.78854144
372,20734,0.7885411
714,11268,0.78853714
554,31902,0.7885363
1777,9039,0.78847814
293,56281,0.78845716
1067,13096,0.78844565
2052,11605,0.7884252
641,10597,0.78842485
2333,7509,0.7884227
1538,8479,0.7884195
47,57777,0.7884171
2307,55802,0.7884153
2272,51356,0.78840905
1006,2464,0.7884006
13,44385,0.78839934
988,36952,0.7883967
515,59998,0.78838766
1440,43933,0.78838515
2086,32188,0.78837883
1659,56979,0.7883173
1659,42893,0.78831387
1408,18337,0.7882918
2039,18337,0.7882823
2199,713,0.7882712
1438,17317,0.7882711
2005,5370,0.78825366
2303,61145,0.78823435
333,11748,0.78823346
1874,20147,0.78823006
1759,54854,0.788217
2034,37028,0.7882051
1009,12676,0.78818464
1849,53098,0.7881737
229,60387,0.7881696
2351,899,0.7881583
2142,5574,0.7881522
1423,54854,0.7881435
1993,50871,0.7881408
1148,27630,0.78814024
2068,6891,0.78813577
952,8831,0.7881341
166,16634,0.78812397
1055,33915,0.78812194
190,64072,0.78811175
1660,49034,0.78810924
714,19158,0.78810036
788,45980,0.7880848
1111,35874,0.78806716
2115,51609,0.78804517
1330,1303,0.78802395
146,31477,0.7880194
2157,40316,0.7880171
2125,47112,0.7880113
1062,6489,0.7880101
2272,40197,0.7880077
2071,61103,0.78800726
537,6819,0.78800577
338,13037,0.7879953
618,1563,0.7879904
58,31132,0.7879889
1570,13037,0.78798807
2139,31290,0.7879776
12,7363,0.7879675
2166,55113,0.7879656
1130,37894,0.7879519
253,59797,0.7879412
1059,10690,0.78792274
1347,41714,0.7879188
2282,21437,0.7878995
599,38005,0.78789735
98,1303,0.7878835
338,36937,0.787882
2372,34181,0.7878757
185,54631,0.7878748
2187,7525,0.78781855
1006,56771,0.78780055
2166,33175,0.78779197
112,22803,0.78779006
1997,49426,0.7877866
780,2830,0.7877846
2546,34812,0.7877728
475,31411,0.78776443
348,27830,0.7877534
2087,45543,0.7877029
1055,54474,0.78767973
2425,18550,0.78767866
467,25043,0.78767645
391,22216,0.78767455
1528,48392,0.787671
494,42391,0.7876394
1532,22911,0.7876016
1672,20309,0.78760093
1874,4967,0.78759444
1007,39809,0.7875851
2193,35230,0.78758067
2486,56076,0.787578
153,3542,0.78757286
1592,50739,0.787549
1673,42573,0.7875403
437,62941,0.78753877
1589,59334,0.7875375
1295,21224,0.7875243
471,5930,0.787517
2126,22635,0.7875068
450,7525,0.7874944
946,9880,0.7874918
748,40077,0.7874695
1502,48837,0.7874599
1706,30833,0.7874582
2509,13741,0.78745544
1910,55595,0.78745246
618,28751,0.7874463
1244,23133,0.78744495
2491,38851,0.7874365
1410,48130,0.78743553
96,24811,0.78743434
1620,4755,0.78743094
1239,59778,0.7874298
2166,5088,0.787428
1244,56484,0.7874215
96,42415,0.7874209
2337,41096,0.78742033
618,59823,0.7874179
246,35236,0.787415
468,52685,0.78740907
1225,38543,0.7874022
1701,468,0.7873982
1349,12349,0.78738743
1908,2195,0.7873868
829,47759,0.78737444
670,10256,0.7873732
758,54277,0.7873652
926,31393,0.78736436
2200,6792,0.78735554
615,52306,0.78734314
2104,30234,0.78733397
1330,28642,0.7873047
316,12386,0.78730285
1227,10805,0.78728163
578,32111,0.7872795
2576,44245,0.7872777
107,53862,0.78727
1736,35097,0.7872536
2193,9396,0.7872509
2305,8129,0.7872449
614,51641,0.7872112
2322,20719,0.7872033
1603,45753,0.7872021
105,49356,0.7871989
391,12710,0.7871926
2068,51976,0.7871821
806,33369,0.7871582
2577,42998,0.7871289
211,42336,0.7871237
2079,1563,0.7870951
664,27899,0.78709507
1631,28184,0.7870784
104,46291,0.78707767
2107,31053,0.7870748
642,39514,0.7870717
80,47552,0.78706515
392,18611,0.7870649
123,2180,0.7870449
2052,46661,0.7870417
1520,57383,0.787036
1599,63943,0.7870251
461,31393,0.78702366
2124,18337,0.787022
190,56190,0.78701675
245,22911,0.78701556
743,27667,0.7870012
250,6044,0.78697205
1553,56190,0.78696847
2322,60682,0.78696746
492,39394,0.7869673
163,31806,0.7869577
360,16223,0.7869496
1817,1796,0.786935
211,57892,0.78691065
1874,9039,0.78690666
2144,11938,0.78690267
668,1322,0.786894
780,26181,0.7868904
2045,55705,0.78688914
2580,18299,0.7868586
1848,13981,0.78685576
1659,32362,0.7868521
1821,13037,0.78685117
2456,10985,0.78684354
305,28285,0.7868171
2486,4905,0.78679556
1404,38886,0.78679156
290,33305,0.78675485
2086,37102,0.78675073
949,6795,0.7867495
416,37787,0.78674126
1160,9606,0.7867352
561,40316,0.78671294
299,54081,0.7867129
1561,15379,0.786684
2392,28531,0.78667945
2515,43419,0.78667045
467,2845,0.7866608
2056,9513,0.7866328
563,47743,0.7866169
1079,1181,0.78661084
316,45743,0.78660494
2101,36711,0.7866014
733,53879,0.7865829
1226,37320,0.78658086
2025,16,0.7865728
1225,7163,0.7865709
1770,17062,0.78656805
2314,31280,0.7865404
669,2065,0.78653634
1599,40052,0.7865138
2111,57612,0.7865055
1842,45269,0.7864977
417,27702,0.78648317
2169,29138,0.7864822
1934,45439,0.7864813
2210,17062,0.78645724
2447,52657,0.78642404
2001,53496,0.78642106
2348,7461,0.7864046
2505,59797,0.7864044
1225,43912,0.7864022
1884,56771,0.7864008
1130,12182,0.7863829
1131,3345,0.7863821
855,36567,0.7863739
1261,2475,0.7863597
1656,9880,0.7863451
1910,38294,0.7863365
1240,26608,0.7863298
1429,11170,0.78630126
781,39695,0.78628504
2168,63356,0.7862662
163,16666,0.78626525
1920,38997,0.7862611
1260,53977,0.78625655
1460,14365,0.78625315
530,25127,0.78624964
1736,23632,0.7862476
1258,55705,0.786246
546,31309,0.78623277
884,7564,0.7862319
665,11699,0.7862304
1608,45884,0.786222
1150,53486,0.7862141
296,19158,0.7862123
964,2563,0.7861989
788,29640,0.78619826
539,51624,0.78618217
2447,40182,0.78617275
1256,34823,0.78616065
1736,20341,0.78615046
2322,23649,0.786147
2441,49491,0.7861425
735,26746,0.7861405
1066,36331,0.78613454
1599,33915,0.7861088
563,17713,0.7861039
1330,15862,0.78609663
665,12117,0.78606176
1330,3018,0.78605044
1960,14605,0.7860479
1249,32478,0.7860187
305,43183,0.7860171
971,58429,0.7860042
2157,37894,0.7859981
709,37900,0.7859874
2263,17562,0.7859799
664,12319,0.78597164
1634,47930,0.78596824
853,55424,0.7859536
280,17397,0.7859385
1248,25824,0.7859273
1272,12067,0.78592503
38,14321,0.7859223
2180,6250,0.7859222
1842,40741,0.7859196
766,55586,0.78591305
1477,14981,0.785902
2452,63140,0.78589535
1061,4154,0.7858889
2210,31401,0.7858813
461,37702,0.78587526
211,42439,0.7858688
1721,21668,0.7858585
714,35861,0.7858317
1108,12731,0.78582776
571,37548,0.78580785
1736,58830,0.78580695
1946,40741,0.78576595
1740,53867,0.785744
1507,483,0.78574276
2486,47720,0.7857364
12,27702,0.7857277
94,35102,0.78572214
487,63017,0.7857196
1260,49296,0.785713
2169,29409,0.7857126
147,12349,0.7857033
2086,37202,0.78567684
615,31853,0.78567564
906,1996,0.7856719
1502,61774,0.78566325
2486,6706,0.7856562
561,1671,0.7856552
614,21047,0.7856525
1701,60299,0.7856442
2186,63011,0.7856432
1214,32994,0.785638
2491,51023,0.7856151
2166,32999,0.78560996
935,12268,0.78559494
1381,29964,0.7855821
1902,30940,0.7855813
343,60845,0.78558016
474,37005,0.7855773
2597,49290,0.7855723
2518,42022,0.78556496
1736,16499,0.7855146
1108,5987,0.78550446
58,41110,0.7854887
1433,15847,0.7854872
447,42893,0.78547716
211,44542,0.785475
1417,63943,0.7854569
1643,34929,0.78545016
809,54474,0.785432
211,30264,0.78542984
745,26342,0.7854265
1258,62372,0.78542304
2362,42920,0.785409
105,49290,0.7854056
124,20624,0.7854051
1910,43912,0.7854017
299,39919,0.7853971
105,27593,0.78539515
255,38046,0.7853875
363,8511,0.78538525
2425,1557,0.7853838
1179,37481,0.785382
2186,17316,0.7853818
549,17210,0.78538156
2515,41474,0.7853767
591,46421,0.78536785
1417,62603,0.7853642
2368,45905,0.78536373
770,11170,0.78536326
679,10708,0.78536206
1821,7386,0.7853459
2059,10690,0.7853254
2427,4967,0.7853155
1511,713,0.7853076
1214,50901,0.7853051
2027,12302,0.7852963
1340,3179,0.7852941
335,62792,0.78529304
728,26796,0.7852801
1239,51548,0.7852768
84,47112,0.7852714
392,28116,0.7852712
784,45382,0.7852527
1997,19574,0.7852478
1941,36900,0.785245
13,29762,0.7852383
1508,6239,0.7852342
819,9410,0.7852168
1960,13336,0.78521276
1396,33156,0.78520983
925,49648,0.7852069
1634,46828,0.7851953
2340,9790,0.78517747
1047,46056,0.7851553
1146,10163,0.7851546
98,49290,0.78515106
2260,49312,0.7851132
791,44376,0.7851131
2187,34427,0.78509736
2606,1845,0.7850752
192,27168,0.7850687
1282,40024,0.7850576
743,13096,0.785023
571,23011,0.78501296
1532,5702,0.7850083
1580,54979,0.78500545
1430,30753,0.7850015
2008,9923,0.7849968
2305,23777,0.7849941
422,37919,0.78498656
529,41055,0.7849845
919,17041,0.7849684
94,53957,0.7849363
2531,61690,0.7849238
2505,42537,0.784919
583,10695,0.78491664
338,38338,0.78491616
1207,18009,0.78490645
1332,37800,0.7848934
748,59665,0.78488433
1143,34372,0.784884
2615,43320,0.78487074
2059,12182,0.7848492
452,16179,0.7848487
75,300,0.78483987
1904,7525,0.784832
1762,16724,0.7848319
1346,18361,0.7848288
358,51653,0.7848191
2575,34389,0.7848135
1729,36689,0.7848006
55,46299,0.7847997
1897,22731,0.78478813
1185,1796,0.7847644
1775,9790,0.7847627
1759,35562,0.78476
766,41972,0.7847373
2452,46640,0.7847372
1930,28335,0.784733
2087,22952,0.78472877
1979,48549,0.7847282
266,47280,0.7847134
1506,36140,0.7847078
806,3152,0.7847042
2425,36331,0.784702
788,29988,0.7846968
557,31572,0.78468305
1786,51728,0.78468204
745,45767,0.78466207
1475,12263,0.78465694
867,52531,0.784649
2139,58497,0.7846297
1225,17316,0.7846229
1920,14642,0.78461415
563,42029,0.78460735
175,50593,0.78460675
578,19574,0.7846004
950,13096,0.78459775
2084,33788,0.78459287
1706,44664,0.78457195
2427,16892,0.7845637
176,14605,0.7845544
298,55034,0.78454006
2257,29396,0.7845276
1963,51297,0.7845269
1242,14595,0.7845161
557,4386,0.78449273
2615,4594,0.78447634
595,5087,0.78447354
2396,7363,0.7844713
85,25031,0.7844486
2294,53957,0.78443456
2571,9039,0.78440964
2337,31280,0.78440475
1869,23100,0.7844012
1240,29274,0.78439844
2289,56144,0.7843859
2070,60337,0.78438294
133,17124,0.78437203
1246,48485,0.7843698
2279,33023,0.78436494
1366,7529,0.7843628
917,53887,0.78435445
960,54950,0.7843514
2111,10867,0.7843473
1159,31280,0.78433657
1396,35169,0.7843224
2421,35337,0.78431153
960,59202,0.7843101
146,27863,0.7842887
229,46661,0.78428864
907,16543,0.78428113
452,54883,0.78426826
733,26342,0.78426397
1824,23392,0.7842457
549,28051,0.78424394
908,42290,0.78423774
1786,4334,0.7842219
1934,62857,0.7842032
1047,1521,0.78418386
946,14067,0.78418356
1400,11173,0.7841766
1267,2186,0.7841696
2124,59206,0.7841636
1484,43737,0.78416085
1391,40422,0.7841344
925,50245,0.7841313
1454,25454,0.784093
364,48578,0.78408825
1639,60456,0.78406906
1111,45010,0.7840481
805,24966,0.7840338
1062,50197,0.7840244
2139,56576,0.78402084
2373,10797,0.78401244
2227,18910,0.784008
2396,30048,0.7839911
1941,20418,0.7839894
1759,48485,0.7839846
1528,46291,0.7839844
1160,35803,0.7839777
372,44986,0.78397524
2427,59680,0.78397524
871,33392,0.78395796
781,38046,0.7839524
1648,29564,0.7839459
13,12140,0.7839221
293,33175,0.7838882
2427,9039,0.78387785
1941,33580,0.7838746
1341,54883,0.7838694
1067,53970,0.78386104
2219,60363,0.78386086
467,33220,0.78385425
2402,33807,0.7838527
1930,41055,0.78384876
513,17214,0.7838324
884,50245,0.78383136
1776,29840,0.78382176
561,44550,0.783803
443,50407,0.78379965
2272,54463,0.7837982
962,44758,0.7837858
2362,44986,0.78378046
946,6519,0.7837663
333,45025,0.7837619
2372,14915,0.7837516
2362,29504,0.7837435
987,1043,0.78373134
1533,35698,0.7837229
1227,37005,0.7837075
716,15379,0.78370166
1268,59907,0.78369665
2227,59998,0.7836909
487,37039,0.7836851
1869,7294,0.78368485
652,17062,0.78366274
242,54596,0.7836571
1192,11736,0.78364706
46,45439,0.7836325
2200,56201,0.7836317
2606,34018,0.78362983
599,12140,0.78361464
591,12268,0.78361416
474,52277,0.78360975
578,14162,0.783602
105,57380,0.78359973
749,26258,0.78359264
2003,46661,0.7835711
13,43607,0.78355527
919,21177,0.78355265
1601,9462,0.7835524
638,12140,0.78352296
2052,57384,0.7835176
561,2414,0.78351474
58,58244,0.7835126
993,34845,0.78350914
1466,4093,0.78350526
1537,38148,0.783504
647,44357,0.7834989
364,50829,0.7834982
1429,3152,0.7834945
746,8714,0.7834943
1009,7751,0.7834828
154,57661,0.7834543
335,9139,0.78344274
2196,4040,0.7833987
2358,49701,0.78339803
2039,25283,0.7833937
1149,28314,0.7833767
641,34920,0.78336763
919,50667,0.78336215
1795,32455,0.783355
1317,59951,0.78334975
670,47087,0.7833472
2526,3222,0.7832711
1225,29840,0.7832643
1499,28881,0.7832642
670,5647,0.78326285
1332,62882,0.7832551
453,48824,0.7832414
569,3542,0.78324044
1114,5478,0.7832298
2079,51976,0.7832295
2126,39931,0.7832264
1570,21904,0.7832246
1623,52271,0.78321636
1334,35892,0.783216
210,52075,0.7832075
1443,56808,0.78320336
2337,27470,0.7832
411,55351,0.7831985
1185,4040,0.78318864
1776,64160,0.78317046
2452,29409,0.78316385
541,50670,0.7831558
1734,57533,0.7831404
212,13320,0.7831322
922,9786,0.78312945
1553,21351,0.78312075
1153,13096,0.78311443
1267,57021,0.7831112
2324,13741,0.7831042
2238,29727,0.78309035
595,56944,0.7830889
1456,30940,0.78308356
2421,52662,0.78307784
13,45113,0.7830723
1950,38567,0.7830706
2227,21032,0.7830609
695,35990,0.78305924
2039,56576,0.78301954
265,20309,0.78300834
1227,10690,0.78298247
2048,29969,0.78298175
1067,27667,0.7829728
2454,46299,0.78297275
99,40223,0.7829685
1410,49034,0.7829561
203,28285,0.78294325
1808,38780,0.7829151
1846,28305,0.78291345
2003,58948,0.7829071
2369,19184,0.78290033
1950,57211,0.78289616
805,62272,0.7828822
2066,50739,0.78287935
716,43176,0.78286695
1007,28961,0.7828567
2126,58940,0.78284657
1891,49977,0.78284484
1242,61772,0.78284085
1225,46940,0.7828379
2196,4577,0.78283405
2125,19574,0.78283185
1634,33681,0.7828007
950,43640,0.78279734
1717,34650,0.78278923
766,59907,0.78278124
1296,47395,0.7827788
1506,55545,0.7827709
827,59393,0.78276634
2304,50407,0.7827624
364,27585,0.78275037
1553,27289,0.78274596
498,34290,0.78273046
2210,45113,0.7827099
2320,31888,0.78270984
1503,12455,0.7827063
1112,51702,0.7827039
749,33580,0.7826907
117,52662,0.78269005
781,16499,0.78267145
422,38561,0.78267074
1884,8178,0.78265816
2072,53838,0.78265584
917,21282,0.7826489
1746,43176,0.78264093
1225,47981,0.78263843
1185,62242,0.78263223
363,41389,0.7826272
2487,57284,0.78261876
94,49290,0.782614
1729,55313,0.78261375
2166,38688,0.7826054
2259,39394,0.7825868
1491,56249,0.7825804
136,42537,0.78257835
372,48069,0.78257823
737,28385,0.7825532
980,54854,0.7825496
1770,45980,0.78254956
2390,43060,0.7825487
1404,63336,0.7825403
2597,63856,0.78253543
147,48888,0.78253347
147,26242,0.78252757
2210,22913,0.782521
1874,16892,0.78251314
156,56760,0.7825106
1440,1043,0.78249955
521,22305,0.7824986
171,19764,0.7824795
1645,57991,0.78247637
437,9923,0.78246963
392,8511,0.7824543
1055,33580,0.7824541
255,39715,0.78244627
1214,26835,0.7824224
946,59709,0.78241533
1941,45980,0.78239954
1910,54028,0.78239685
906,52549,0.7823919
1061,12344,0.78237057
733,14321,0.78236943
2597,53957,0.7823396
2248,3630,0.7823159
1225,59951,0.7823153
1370,15295,0.78231186
2469,17062,0.7823026
1795,7525,0.7822648
59,50278,0.7822627
1932,23465,0.782254
950,4018,0.7822317
2563,10659,0.7822286
2282,59998,0.78222644
1114,27830,0.7822138
1009,30289,0.7822033
2086,14775,0.78218967
1786,53496,0.78217435
1776,17316,0.7821683
1701,23601,0.78216547
1580,25475,0.78216195
871,34989,0.7821288
513,15455,0.78210807
733,56345,0.7820964
1909,47112,0.7820956
39,18003,0.7820932
1426,44464,0.7820859
1222,10690,0.78206986
1570,9979,0.7820581
2276,52549,0.78205585
2577,33915,0.7820481
158,11758,0.78204656
1537,60299,0.78204465
912,17976,0.7820401
246,27702,0.78203803
1645,44385,0.782032
2473,35935,0.78203094
1513,18031,0.7820283
2344,49034,0.78202474
2413,46857,0.7820231
1603,996,0.78202176
2611,63369,0.78199875
82,22463,0.78199697
2258,7114,0.78199315
2091,50972,0.7819897
1506,58965,0.7819869
1256,24764,0.78197503
492,45899,0.781968
2265,38692,0.781964
1351,63669,0.78194046
919,37012,0.7819388
2333,42920,0.78193545
2210,46661,0.78192294
1456,6044,0.78192127
1698,62882,0.7819103
190,9782,0.7819032
2089,22998,0.7818986
1391,34498,0.7818736
2468,59907,0.7818557
2077,3367,0.78185344
2084,19158,0.7818528
988,31477,0.78184646
1423,39947,0.7818438
504,21985,0.7818271
939,1845,0.781812
1732,48578,0.78180593
828,11173,0.78180486
1971,56771,0.7817915
1528,59174,0.78178906
788,28114,0.7817875
203,59499,0.7817819
871,436,0.7817725
1536,19485,0.78176427
2219,51976,0.7817328
1410,19158,0.7817222
255,10637,0.78171754
564,13741,0.78169954
2597,34340,0.78169185
1846,7564,0.7816846
828,30056,0.78167737
652,35339,0.781661
1950,11331,0.781654
1620,42334,0.7816392
1759,32534,0.78163105
411,11747,0.7816278
1776,11523,0.78162706
1221,48928,0.7816222
569,28751,0.7816131
1701,33580,0.7815974
2587,57446,0.7815958
1088,372,0.7815914
1397,63952,0.7815913
75,52022,0.7815896
279,46857,0.78158677
1105,16499,0.7815865
1752,60710,0.7815851
302,4334,0.7815669
390,58432,0.7815512
1220,7908,0.7815503
1746,28422,0.78154814
2427,20147,0.78154474
1105,40897,0.7815336
1512,59315,0.7815275
1880,55382,0.7815254
703,20418,0.7815136
2505,44385,0.7815118
255,63910,0.78148735
2125,37863,0.7814717
1222,12182,0.78145736
614,2464,0.7814551
1225,14321,0.7814487
105,5579,0.7814477
2195,61582,0.78144705
2185,39878,0.7814179
1970,23894,0.78141433
1334,49814,0.7814119
2546,30350,0.78139704
1418,17785,0.78139096
1667,49622,0.781386
515,34843,0.7813779
2344,47395,0.7813772
49,55845,0.7813612
49,43912,0.7813594
1528,55964,0.781358
680,12112,0.7813573
2454,63622,0.78135526
1941,25395,0.7813407
1890,32362,0.78132635
539,22006,0.7813183
1299,55313,0.781317
1062,53969,0.7813146
1338,60124,0.7813127
104,53772,0.78130674
1765,15303,0.78130436
1857,53265,0.7813028
563,9805,0.78128165
2340,4334,0.7812736
2257,19226,0.7812619
1060,52063,0.78125936
1902,40109,0.781253
2066,13508,0.7812503
960,15530,0.78124714
2087,34301,0.781245
1029,52266,0.7812445
2218,44881,0.7812417
2076,59907,0.7812332
549,16881,0.78122246
1492,45113,0.7812195
927,18854,0.7812068
2083,40492,0.78118443
892,35580,0.781181
1661,18800,0.7811699
279,31249,0.7811636
2577,2832,0.78115106
2174,18337,0.78115
1661,14749,0.78113115
1697,18031,0.7811303
2263,31960,0.7811191
1156,1794,0.78111774
1172,49974,0.7811172
1417,40052,0.7811123
296,57831,0.78109956
1349,7386,0.781099
1750,45351,0.78109884
114,39605,0.78109854
2084,30753,0.78109324
443,58788,0.7810866
2124,28636,0.7810839
2254,63417,0.7810825
819,1676,0.7810621
154,32392,0.78105664
1131,35035,0.78104484
255,42156,0.7810322
1701,54929,0.78102195
2310,27709,0.78101915
2183,56587,0.78101534
1817,5659,0.7810025
1317,55351,0.7809897
1173,30705,0.7809864
578,38294,0.78098595
59,11638,0.7809676
1729,41055,0.7809492
903,58874,0.78093165
2320,50667,0.7809196
1512,9923,0.7809074
492,28786,0.7809029
1770,45113,0.78089404
1059,6998,0.7808848
1660,13981,0.7808832
1158,54028,0.7808649
950,16881,0.7808459
2254,21763,0.78084326
1072,59393,0.7808427
922,9959,0.7808409
2228,32392,0.780815
2501,22014,0.78081405
1338,48837,0.78080875
1880,30056,0.7808072
294,37787,0.7807975
1997,41055,0.78079623
104,59174,0.7807869
1131,57731,0.7807853
1108,24226,0.7807769
112,17487,0.7807677
2263,15790,0.78076637
2219,34301,0.78076226
1352,6044,0.78076166
2606,42542,0.7807601
1997,27784,0.780758
2452,17062,0.78075206
447,7363,0.78074896
1181,36720,0.78074205
1410,33580,0.78073573
1410,26214,0.780733
1645,43907,0.78073233
2548,24185,0.78072596
2333,44986,0.7807247
781,12676,0.7807175
1668,44056,0.7807169
1381,8129,0.78071475
58,51956,0.78071284
105,6020,0.7807111
1296,49034,0.78068346
190,20341,0.78067076
49,16147,0.78066766
927,6218,0.78066564
1697,17937,0.7806531
173,63899,0.78065276
757,52631,0.7806512
1040,42542,0.78064775
1752,15796,0.7806452
1340,41647,0.7806347
2331,21904,0.7806077
2388,59605,0.7806006
2024,26881,0.78059614
305,38997,0.78059506
783,52181,0.7805854
2085,46193,0.7805846
604,50245,0.7805668
1920,54950,0.7805555
290,44141,0.78055185
1503,7529,0.7805444
2505,63140,0.7805425
1571,17062,0.78053147
871,4376,0.78053063
2390,18238,0.7805241
1920,59605,0.7805214
578,17744,0.78051317
1986,63140,0.78047955
1533,5465,0.78043854
2037,25847,0.7804339
1896,10972,0.7804136
13,12036,0.780408
452,53417,0.78040594
372,59530,0.78040314
1499,19304,0.7803961
1528,59680,0.7803787
434,36053,0.7803773
1214,46127,0.78036433
2178,25523,0.78036076
882,30456,0.7803473
2009,41489,0.7803408
1267,61763,0.78033864
2587,37647,0.7803366
146,41792,0.7803213
2340,47385,0.78032005
442,20657,0.78030694
788,12140,0.7803031
1993,33213,0.78030205
1512,50593,0.7802988
502,45959,0.7802844
2536,15434,0.78027666
1977,24288,0.7802455
2094,33807,0.78022283
452,20309,0.78021395
364,18003,0.78020656
434,61103,0.78019893
549,48213,0.78019184
1381,1043,0.7801806
98,35102,0.7801657
1817,8468,0.7801639
532,23470,0.78015506
372,42885,0.78015125
1511,10067,0.78014827
104,4967,0.78014386
604,23774,0.780141
203,13297,0.78014076
783,30048,0.780121
539,28074,0.78011733
474,13741,0.7801108
1746,15099,0.7801072
105,24728,0.78010213
1185,8468,0.78009915
1649,22325,0.7800989
771,39715,0.78009737
2037,47248,0.78005826
1649,42290,0.7800562
350,18751,0.780051
2219,9939,0.7800492
1055,2832,0.7800391
989,48485,0.7800363
390,54640,0.7800335
964,59869,0.7800035
586,63830,0.7800032
1795,19626,0.7800027
1176,1111,0.7799996
2067,34941,0.77999324
2609,5039,0.77998805
2094,41794,0.77998304
1880,56281,0.77995884
474,56306,0.77995026
640,4146,0.7799419
915,32614,0.7799177
521,41972,0.7799046
1256,21904,0.779904
1603,58415,0.77989644
647,36030,0.77989036
1977,52311,0.77988577
752,30421,0.77987236
1214,26107,0.7798666
2396,33369,0.7798504
1634,34481,0.7798369
2272,18264,0.7797835
1492,57667,0.7797824
390,593,0.7797792
1652,13037,0.7797593
856,40851,0.77975816
2258,50898,0.7797533
1397,63945,0.77975035
1600,57383,0.7797481
997,57831,0.7797426
2333,19343,0.7797423
117,53977,0.77973294
212,48141,0.7797303
1767,60281,0.7797302
2111,23579,0.7796927
552,43308,0.77967584
2486,28385,0.77966136
1661,7525,0.7796602
2412,6780,0.7796577
1918,45386,0.7796353
338,33023,0.7796185
2495,11736,0.77961445
2185,7071,0.77960765
1261,5087,0.7795938
1007,35311,0.77959263
229,36711,0.77959067
591,63432,0.77958745
265,23825,0.77958584
506,11608,0.7795781
167,50611,0.77956223
441,15455,0.7795608
17,18567,0.7795472
1608,17062,0.7795373
591,37045,0.77953285
1334,7564,0.7795307
1574,1111,0.77952236
441,8178,0.7795212
427,37441,0.7795207
1270,58040,0.7795178
2349,23843,0.77950406
2324,49034,0.77949977
801,36917,0.77949834
211,55098,0.77948964
1824,24963,0.7794672
208,5562,0.7794608
1926,24826,0.779446
1775,1794,0.77944493
2039,23133,0.7794442
1918,30776,0.77943283
847,53663,0.77943265
1309,40897,0.7794299
442,58317,0.77942604
1666,54759,0.7794254
2572,46640,0.77941835
2195,49426,0.7794158
124,40897,0.779412
2001,16881,0.7794119
987,9805,0.7794031
1067,34826,0.7793933
1656,14067,0.7793884
2183,56247,0.7793741
2178,39550,0.7793601
835,45739,0.7793504
1946,53192,0.77934825
2457,27634,0.7793423
638,29762,0.7793406
1131,56664,0.7793397
939,36378,0.779328
1932,33960,0.77931404
917,63614,0.77929574
780,45980,0.77929556
805,27639,0.7792824
302,43640,0.7792762
1479,39569,0.7792735
640,30242,0.7792728
1729,23948,0.77924395
1221,60153,0.77923584
935,22010,0.7792337
1729,45304,0.77922493
1340,12268,0.77922434
2076,45805,0.7792232
1289,12067,0.7792052
265,11173,0.7791959
1570,6890,0.7791942
1023,28227,0.7791879
82,32309,0.7791853
980,53775,0.779184
84,3988,0.77917767
1776,6218,0.7791661
1076,4501,0.779166
662,30322,0.779156
1614,23262,0.77914774
1467,56460,0.7791243
82,21842,0.779114
703,37729,0.77911174
1098,40077,0.77910686
1507,46092,0.7791065
279,10597,0.77910596
703,6494,0.7791045
1729,27784,0.7790885
1565,12568,0.7790562
117,28093,0.77901375
591,28616,0.7790118
1672,15350,0.779004
1740,55320,0.7790005
1417,58030,0.7789998
1884,57284,0.77897894
1456,35097,0.7789726
474,39229,0.7789713
104,61925,0.77895916
133,54941,0.77895665
475,63622,0.7789526
372,34154,0.7789469
421,36665,0.778941
462,9403,0.7789378
1438,42426,0.77893686
1438,16635,0.77892935
1272,60630,0.77891403
2452,16646,0.7789093
703,45980,0.7789017
442,39878,0.7788994
1236,45177,0.7788967
871,16748,0.77889144
960,38997,0.77888
1221,63588,0.7788563
835,33580,0.7788522
2217,44117,0.77884334
1227,40316,0.77884305
2174,21551,0.7788344
1349,19423,0.7788249
1845,50220,0.7788227
133,57125,0.77881336
1891,39063,0.77880484
1748,49039,0.77879244
437,37894,0.7787844
212,26123,0.7787572
2468,19535,0.77869606
98,53957,0.77869344
2452,43586,0.7786922
1009,8795,0.77868646
68,11748,0.77868605
614,37702,0.7786711
2505,52549,0.7786597
2606,33580,0.77865696
2615,34997,0.77864975
1941,43811,0.77862597
2085,3367,0.77862525
1912,45905,0.77862346
1029,57120,0.7785907
2606,57588,0.7785902
475,16948,0.7785852
1577,40223,0.7785803
176,21924,0.77857494
882,15253,0.7785475
1456,34798,0.77854174
838,54258,0.7785314
632,44179,0.77846944
411,34635,0.77846265
1127,39356,0.7784606
2146,5087,0.77845013
1270,33580,0.77844375
442,35337,0.7784263
1908,23825,0.7784136
13,15796,0.77841
1748,26321,0.7784044
549,62580,0.7784029
2427,46291,0.77839977
591,14963,0.7783966
2590,41773,0.77838683
1905,9790,0.7783834
1869,34331,0.7783778
1342,22591,0.7783751
485,15303,0.7783707
1950,30056,0.7783663
1977,7654,0.7783562
2139,43777,0.7783551
1303,6283,0.77835286
1570,7386,0.77833253
1775,15938,0.77830964
2263,9292,0.7783063
2293,45088,0.77830374
1287,42573,0.7782896
950,62580,0.7782835
2094,14778,0.778281
1999,34435,0.77827543
75,64083,0.7782749
2108,3367,0.77827096
1528,15576,0.77824336
203,51356,0.77823997
720,40526,0.77822375
591,3179,0.7782215
1673,44674,0.778216
1661,38355,0.77821434
2087,58432,0.7782087
614,31393,0.7781923
1295,14415,0.7781886
1468,24184,0.7781582
2276,43811,0.77815086
2257,43051,0.7781444
436,57047,0.77814335
279,42573,0.77814245
2391,6792,0.77813816
453,10985,0.7781341
59,40832,0.7781228
595,15339,0.7781177
2077,11508,0.77810866
58,27688,0.7781048
1347,63622,0.778086
2324,47395,0.7780816
922,1983,0.7780747
280,61103,0.7780627
1634,15455,0.77805674
1601,30940,0.77805644
1918,61304,0.7780519
363,49855,0.77803916
2125,2832,0.77803665
1185,32260,0.7780336
334,21423,0.77803093
749,53098,0.77800393
2317,62190,0.7780032
140,46707,0.7780002
1173,38173,0.7779749
1520,33213,0.77796566
338,1845,0.77796257
452,1766,0.777949
1640,33793,0.7779473
32,29405,0.7779411
1750,18003,0.7779001
1511,42782,0.77789855
1258,32436,0.77789485
2438,27523,0.77789193
2039,54521,0.7778842
2380,31280,0.77788216
2536,30046,0.77787375
1560,932,0.77786434
1403,29775,0.7778462
2072,32758,0.7778217
1352,18299,0.7778173
1101,33915,0.77781504
1507,2195,0.77780735
1482,23825,0.7778063
1221,5087,0.7778049
1570,9805,0.77779895
1511,41474,0.7777915
2515,31339,0.7777901
2079,37919,0.7777881
1528,6124,0.7777869
1673,23578,0.7777736
1902,33580,0.77776325
2186,2187,0.77775174
2340,43640,0.7777486
979,35236,0.7777469
2072,32384,0.7777447
639,9396,0.77771366
530,39550,0.77771306
987,21904,0.777712
1511,54856,0.7776722
2346,42009,0.77765656
670,12112,0.77765155
2204,33580,0.777648
513,56190,0.7776466
439,26123,0.7776379
390,42192,0.7776363
43,54493,0.7776282
154,57284,0.7776227
1717,37169,0.7776203
935,25016,0.7776096
1851,19286,0.77760226
2611,44519,0.7776011
1258,15339,0.77759886
1146,36030,0.7775808
632,54277,0.77757406
2556,46732,0.7775698
2331,2202,0.7775623
2087,54941,0.7775296
1657,36937,0.777529
2079,28866,0.77751976
1765,4701,0.777516
310,32478,0.7775142
2340,62580,0.7775134
554,38294,0.7775033
599,17892,0.7774973
2392,17854,0.77748907
2334,31477,0.77748466
513,46828,0.7774838
1580,62878,0.7774837
614,21924,0.77746487
919,8056,0.77746356
939,38251,0.7774567
475,17510,0.77745605
98,58736,0.7774559
591,30949,0.7774528
2333,29504,0.77745235
32,41450,0.7774485
1661,19626,0.7774382
613,18709,0.7774228
1661,1739,0.77741873
1241,53516,0.7774085
1791,32237,0.7774006
422,34331,0.7773978
1884,30294,0.7773932
1846,22975,0.7773868
554,5079,0.77737933
2210,29409,0.7773716
632,7386,0.7773634
1776,55358,0.7773175
745,24483,0.77730894
47,53079,0.77730376
316,37320,0.7773005
1560,23049,0.7772982
249,17236,0.7772876
1620,64083,0.7772839
1544,26191,0.7772777
1233,9988,0.77726656
638,60710,0.7772515
1352,35337,0.77724457
2146,17062,0.7772376
1405,9847,0.7772331
1770,38251,0.77722704
1313,49039,0.777225
1585,2045,0.7772174
1672,44593,0.77721596
338,42029,0.77720857
2406,1033,0.7771996
1570,13025,0.7771968
504,44385,0.7771901
530,4577,0.77718323
1093,7272,0.77717376
1433,41096,0.77717334
1918,30456,0.7771586
484,37526,0.7771467
2027,24344,0.7771447
2265,43854,0.7771267
1824,7564,0.7771232
185,12263,0.77711153
749,20975,0.7771077
679,19656,0.77710444
1701,14321,0.777094
1433,33788,0.77709365
32,23457,0.7770793
1629,26187,0.7770747
1176,2754,0.7770658
784,41755,0.7770655
1456,45165,0.7770654
1562,7163,0.7770608
1946,44593,0.7770604
939,28733,0.77705806
638,34372,0.77705115
2573,52985,0.7770423
939,19158,0.777037
1511,38087,0.7770264
422,53838,0.7770128
2412,58557,0.7770088
485,30406,0.77700746
1562,49744,0.7770016
2118,30949,0.777001
1902,2832,0.77699554
1303,18973,0.77697265
772,55424,0.77695173
635,25127,0.7769517
1698,26315,0.7769437
1923,43934,0.77693355
2152,57556,0.7769276
2076,45543,0.77691656
989,54303,0.7769153
2047,3797,0.77690804
1349,10343,0.7769033
2204,19205,0.77689934
1074,16499,0.77689195
1999,58055,0.77688766
2564,52285,0.77687985
2146,36378,0.77687776
2425,22803,0.77686435
1926,31477,0.7768635
2571,60455,0.7768619
1156,5702,0.77686095
1039,14981,0.77685153
1148,28619,0.77684766
2425,40703,0.77681696
49,44674,0.7768031
504,35135,0.7767883
1775,5702,0.7767818
2452,57661,0.7767795
1634,43474,0.77676094
1007,23586,0.77676
983,666,0.7767556
1508,47928,0.7767444
1884,42542,0.7767364
638,28114,0.7767331
422,47516,0.77673244
2166,7525,0.77672374
1528,7525,0.7767165
1729,20624,0.7767163
442,538,0.77671576
2227,36401,0.7767142
2111,32134,0.77671134
1303,13679,0.77670157
1702,57489,0.77669567
1227,37894,0.77669334
38,1845,0.7766926
1920,28285,0.7766918
58,25586,0.7766743
603,30002,0.77666956
2341,54424,0.77666533
2076,53838,0.7766639
854,31477,0.77664864
2333,29396,0.77662385
2556,13699,0.77662206
59,54254,0.7766199
689,43308,0.77660847
210,50958,0.77660483
215,39290,0.77659905
288,35718,0.7765789
1381,55610,0.77656996
443,34340,0.7765415
748,10812,0.77653563
2001,43293,0.77653
2079,36630,0.77652794
513,15106,0.77651966
1649,20341,0.7765062
372,17041,0.776505
2506,36734,0.7764869
1258,16499,0.7764795
720,22463,0.77647734
271,6044,0.7764691
430,31393,0.776465
1846,42029,0.77645695
1310,15810,0.7764536
2580,49701,0.77645075
104,17062,0.7764483
46,5608,0.7764436
1349,4443,0.77644145
1846,57136,0.77643937
1950,11173,0.776434
2043,41055,0.77643347
229,56076,0.7764323
140,55598,0.77643013
448,7525,0.77642155
2394,17415,0.7763992
1491,17214,0.7763721
1762,38173,0.77634275
1384,53192,0.77633744
2531,45111,0.7763344
1381,55684,0.77633375
935,3179,0.7763232
2606,39550,0.77631795
833,30721,0.7763127
1952,5087,0.7763116
1426,7272,0.7763074
1342,49499,0.77629304
781,16274,0.77627146
504,12140,0.7762646
1299,50780,0.7762644
132,4443,0.77625006
788,60710,0.7762279
422,46828,0.7762276
2289,43952,0.77622736
1701,1829,0.7762269
49,14321,0.77621955
513,61582,0.7762177
486,34154,0.7762121
2337,20432,0.77621055
2104,50695,0.7762042
2186,54636,0.7761823
1884,13913,0.7761706
416,33380,0.7761463
1729,12676,0.7761447
2067,56808,0.77614415
836,57383,0.7761348
1664,8559,0.7761299
112,8181,0.776127
338,23777,0.7761195
709,55545,0.7761164
502,28961,0.77611625
1037,2754,0.7760793
1156,59709,0.7760779
422,62662,0.7760749
2606,28335,0.7760716
2606,2832,0.77606803
2425,47849,0.7760594
439,17197,0.7760592
7,42485,0.7760586
1902,43912,0.776054
1512,37894,0.77605146
2048,3022,0.7760478
595,23948,0.77604437
1874,46291,0.77603555
784,43487,0.77602786
372,13431,0.7760254
544,29277,0.77602535
1618,31815,0.7760164
1009,41320,0.7760118
2546,21351,0.775996
564,34912,0.77594364
1482,9847,0.7759372
2615,45088,0.7759372
2216,51273,0.77592623
2576,36665,0.7758955
1261,30289,0.7758913
2515,32731,0.7758895
1732,22911,0.77588826
644,20418,0.77588683
554,14371,0.7758854
1748,4040,0.7758795
2186,21488,0.7758795
450,34427,0.7758773
999,39667,0.77585804
2464,14775,0.7758473
828,32534,0.7758471
156,36734,0.7758469
2200,60173,0.7758383
639,49566,0.77582407
84,57444,0.77582306
462,54463,0.7758205
1055,2968,0.7757969
939,58759,0.7757821
1260,30705,0.7757743
2154,61772,0.7757652
521,20396,0.7757503
1952,17744,0.7757421
2178,35337,0.7757367
2406,42885,0.77573633
2043,4825,0.7757144
2354,33023,0.77570915
582,52388,0.77570665
1418,59852,0.7757044
2072,50696,0.7757
1592,17987,0.7756877
1352,42542,0.7756868
1776,21488,0.77568257
274,24315,0.77566093
1846,51968,0.7756598
1267,19237,0.77564347
1946,43176,0.77562624
372,58415,0.7756222
2410,37268,0.7756177
1258,49740,0.77561545
1332,34956,0.77560425
266,6665,0.77560246
2160,38691,0.77559686
2174,19535,0.7755819
614,39550,0.7755804
437,51621,0.77557176
1503,40422,0.77556413
1585,64072,0.77555245
2146,61919,0.77555
946,22399,0.77553
511,11461,0.77552927
680,27619,0.77552426
2111,43175,0.7754886
753,25436,0.77548575
2210,52152,0.7754837
391,42976,0.77548134
463,17397,0.7754781
989,23457,0.77547705
2085,54941,0.775455
912,23655,0.77545404
1303,10067,0.7754539
386,33648,0.7754525
296,39706,0.7754521
2210,33788,0.7754365
1544,9709,0.7754359
998,7011,0.7754234
513,33405,0.7754103
390,38638,0.7754096
2541,41198,0.7753983
1537,32990,0.7753905
1845,24468,0.77538943
462,54566,0.7753769
1792,63588,0.7753689
2421,62882,0.7753639
1992,60565,0.77535594
1249,22384,0.77535284
99,27753,0.7753505
2079,28751,0.77534604
2284,55371,0.77532864
1544,61690,0.77532196
2559,17952,0.7753147
1381,43952,0.775308
145,11270,0.7753002
770,48571,0.77528334
1410,47395,0.7752825
372,46608,0.77527833
1055,45634,0.775262
2027,23657,0.775254
1869,47410,0.7752413
246,53663,0.77522445
2195,26123,0.7752217
1475,16923,0.7752075
2001,10990,0.77520716
1698,23767,0.7752061
1571,29409,0.7752015
860,59823,0.7751933
2468,23133,0.77518994
1101,48279,0.77518094
2456,18765,0.77517974
2070,14737,0.7751727
274,60095,0.77516526
1512,51621,0.7751622
2505,6494,0.775156
1553,39167,0.7751521
1537,62474,0.7751322
1428,16132,0.7751267
680,36967,0.7751236
2484,1142,0.77510977
1473,8670,0.7751092
356,1750,0.77509856
1724,34836,0.7750959
167,9915,0.77509224
2087,1563,0.77509165
1944,35371,0.7750837
13,33788,0.7750834
641,37863,0.7750778
2454,17510,0.775075
513,31823,0.7750726
1381,46640,0.7750637
1860,51273,0.7750557
423,42542,0.77505416
935,30105,0.7750459
2041,57556,0.7750257
1580,6890,0.7750189
2454,23318,0.7750008
599,58040,0.7749949
2475,1845,0.7749765
641,56201,0.7749624
1862,45439,0.7749588
265,14589,0.7749506
1851,14527,0.77494884
2609,7206,0.7749478
669,42742,0.7749404
450,5730,0.77491915
1120,2730,0.77491385
1339,3179,0.77490693
640,47772,0.77490604
992,58907,0.77490497
569,51976,0.7748933
1571,33915,0.7748867
1910,48416,0.77487624
2486,23389,0.7748761
493,10542,0.77486545
709,25741,0.774861
538,51511,0.7748468
2301,20143,0.77484167
1400,33175,0.7748362
1770,23262,0.77483094
1941,31280,0.7748187
1776,16147,0.7748185
2029,2832,0.77480745
1852,21752,0.77479917
2257,2871,0.77479136
1381,6890,0.7747822
778,48392,0.77478135
1440,27863,0.7747556
1952,7163,0.7747325
296,42283,0.7747232
1770,33580,0.7747231
1867,26660,0.7747042
1971,44986,0.7746923
939,34920,0.77468204
2182,28434,0.7746813
1709,38780,0.7746797
689,10256,0.7746554
1511,55244,0.7746519
788,15796,0.7746513
98,5579,0.7746417
1268,11758,0.77463734
1253,18297,0.7746243
1451,29727,0.7746106
539,8466,0.77460444
614,46108,0.77460426
487,60385,0.774577
1503,466,0.7745595
1258,49169,0.7745488
1573,52075,0.77454644
1874,45850,0.7745427
2069,43912,0.77452946
369,34586,0.774526
917,12241,0.77451295
209,42439,0.77449965
749,63778,0.77449703
2227,28876,0.77447724
1477,34812,0.7744615
1795,57588,0.7744578
1765,30406,0.7744574
1454,43811,0.77445483
1775,16799,0.774454
979,7363,0.774446
1159,28114,0.77443963
1776,57774,0.7744315
1365,31984,0.7744204
1603,20734,0.7744162
114,8509,0.7744137
1507,48837,0.7744053
2574,36520,0.77439725
2597,6440,0.77439624
17,39602,0.7743912
1673,9803,0.77436864
1491,33405,0.774353
1630,3542,0.77434486
2372,53496,0.7743439
1576,21042,0.7743358
176,53543,0.77432424
2289,37872,0.7743204
1750,37108,0.7743175
231,14476,0.77431417
794,12684,0.7743132
1673,37863,0.7742952
47,40897,0.7742874
212,40053,0.7742845
158,32384,0.77426505
1997,41598,0.77426296
1142,26734,0.77425885
2059,54081,0.7742566
2001,18057,0.7742366
1391,56225,0.77423495
2079,47516,0.77421933
2475,63778,0.77421874
2601,43630,0.77421653
917,32928,0.77420545
2615,57380,0.7742034
774,8509,0.7742022
813,27863,0.7742021
372,1033,0.77419615
670,43308,0.77419454
1137,15108,0.77419186
56,21667,0.77418
871,28314,0.7741779
1105,48928,0.7741767
1570,53275,0.7741761
1374,56771,0.774169
2541,25655,0.7741669
1837,51422,0.77416664
2380,12036,0.77416176
682,8023,0.7741288
2263,39514,0.77412415
604,57136,0.77412176
1296,32852,0.7741128
2195,49744,0.77411276
1740,50575,0.77410376
1512,13741,0.7740971
1347,23318,0.774089
296,12140,0.7740875
2515,52054,0.7740774
2606,29184,0.7740643
279,35543,0.7740568
2380,23585,0.7740431
1792,49481,0.77404034
2428,17937,0.77403903
2094,23301,0.7740159
1287,30936,0.7740102
1405,2195,0.77400595
2301,41168,0.77399933
2559,22242,0.7739837
513,7476,0.77394944
411,6044,0.77394265
1101,2968,0.77393293
638,35135,0.7739266
1944,3109,0.77390957
411,14321,0.7739076
1007,29963,0.77390635
885,15434,0.7738998
2388,38545,0.7738891
1305,61006,0.77388793
962,56979,0.77388513
1356,22433,0.7738788
423,61145,0.7738459
290,49426,0.77384454
640,11329,0.7738426
1852,61117,0.7738426
2059,55398,0.77383053
1975,23243,0.77381945
2187,50780,0.77381116
211,43486,0.7738023
1748,5659,0.7737967
249,32384,0.7737943
421,40332,0.77377963
2109,62377,0.7737777
1909,1181,0.7737757
1060,45980,0.7737543
13,57991,0.77375054
1512,49034,0.7737483
294,12240,0.7737415
75,15125,0.7737301
46,3725,0.7737194
1125,19775,0.77371407
1826,21323,0.773713
906,18206,0.77369475
1221,55705,0.7736862
1770,36711,0.77368265
522,17415,0.77367985
1342,59334,0.77366984
2289,33580,0.7736696
1511,44245,0.77366066
2101,23262,0.7736576
1241,28866,0.7736541
833,50248,0.77365065
2320,18837,0.7736478
2428,30737,0.7736335
1464,33072,0.7736329
979,36917,0.77362174
1751,49156,0.77361614
907,25574,0.77361584
2263,7751,0.7736151
2265,2871,0.7736126
1750,14928,0.77361083
1161,50696,0.7736032
2174,4810,0.77359545
510,26633,0.773584
838,58907,0.77357966
2067,39063,0.77357197
1433,45980,0.77355653
2491,58809,0.7735492
2079,50877,0.7735465
498,58874,0.77351516
607,9915,0.7735105
1346,51023,0.7735011
809,45634,0.7734856
641,57444,0.7734827
709,35434,0.77348024
2322,33773,0.7734767
1905,62135,0.77347267
582,2081,0.7734705
1857,47981,0.77346617
2022,17280,0.7734627
2372,16881,0.77345717
1360,42573,0.7734495
391,42849,0.7734482
2531,13814,0.7734441
1824,6286,0.7734375
2469,48374,0.77341926
462,28431,0.7733848
1910,45844,0.7733817
2218,45306,0.7733773
126,10934,0.7733605
289,39706,0.7733604
837,56151,0.7733567
597,41759,0.77335197
486,17832,0.7733354
1493,42210,0.77333194
123,47455,0.77333164
2186,17976,0.7733259
1334,48837,0.77332354
912,39569,0.7733145
190,8509,0.7733046
1166,42500,0.77329606
1640,47851,0.7732929
1261,7525,0.7732836
554,34920,0.77326024
1623,30556,0.77325845
1965,52517,0.773253
1499,8890,0.7732432
640,12452,0.7732408
441,27630,0.77323085
2324,20140,0.7732223
1221,15339,0.7732178
1566,37268,0.7732136
1808,30165,0.77319515
211,13913,0.77319384
67,8479,0.7731825
1047,13907,0.7731748
644,2830,0.77317345
1334,7386,0.77315146
1381,41655,0.77314997
394,34920,0.7731477
1240,50737,0.7731396
2218,32392,0.77312905
788,9483,0.7731121
2069,17247,0.7731031
595,59495,0.7731014
453,25084,0.7731006
279,41213,0.7730993
1049,7215,0.77309865
927,58784,0.7730945
363,43575,0.7730936
1660,53752,0.77308965
1553,50780,0.77307594
871,15801,0.77307534
1079,34812,0.77307266
365,5087,0.7730686
1125,54978,0.7730644
2406,63336,0.7730555
2257,55678,0.7730482
190,58834,0.77304363
1207,6148,0.773038
2322,44986,0.7730353
176,57047,0.77303475
583,34393,0.7730297
1765,47521,0.7730264
500,15695,0.77302295
13,31280,0.7730165
858,9606,0.77301633
1261,4825,0.77299803
703,12140,0.7729887
853,57875,0.77296764
1610,34435,0.77296764
407,10637,0.77296746
828,14589,0.7729631
714,466,0.77294296
1370,50886,0.7729383
1060,19158,0.77292836
1187,35593,0.77292717
1770,29138,0.77292705
763,17730,0.77292395
969,7525,0.7729119
595,31322,0.77288127
640,26660,0.77287877
13,45980,0.7728628
1623,2968,0.7728609
1979,26251,0.7728501
1332,16240,0.77284735
1651,34234,0.7728363
1898,6664,0.7728327
847,7363,0.7728081
2320,20734,0.77278864
2586,57125,0.77278054
938,19062,0.7727758
2490,38600,0.7727746
749,42215,0.7727695
640,60385,0.7727578
2079,50835,0.7727443
2484,60985,0.77273166
1469,52948,0.7727111
669,64210,0.77270985
2377,47981,0.7727077
1417,41702,0.77270526
475,38958,0.77270424
743,16881,0.772698
2183,49830,0.7726906
2107,11243,0.7726903
1770,25395,0.77268696
2253,11707,0.7726598
2118,39306,0.77265906
2362,56771,0.7726544
190,17346,0.77264774
250,18299,0.7726324
1511,52741,0.7726276
855,42392,0.77262574
2079,63245,0.77262557
968,28709,0.77262104
2272,28460,0.7726127
1303,59174,0.77259433
1114,6844,0.772591
2257,43854,0.77258855
1138,40052,0.7725611
1040,37684,0.7725472
2556,22731,0.7725413
1898,59265,0.7725336
2346,34736,0.7725173
2063,59951,0.7725154
2349,19485,0.7724921
2601,57609,0.7724878
641,6892,0.77248526
2210,57384,0.77247435
863,3542,0.7724601
709,57875,0.77245766
2001,53040,0.77245444
1400,25869,0.7724484
2111,33731,0.7724428
944,14259,0.7724157
902,13240,0.772413
96,7597,0.77241
49,2832,0.7724049
1645,31280,0.77240324
1986,56597,0.77240175
1557,51356,0.7723945
2043,54277,0.772387
1576,57284,0.7723835
2263,19864,0.7723792
2111,11444,0.7723698
2388,23392,0.7723671
735,59876,0.77234983
922,43474,0.77233577
497,7677,0.7723179
1890,60878,0.77227867
59,49814,0.7722589
77,64077,0.7722565
442,62882,0.77223426
158,55586,0.7722275
1639,8769,0.77222735
922,5651,0.77222216
249,7950,0.7722151
783,22562,0.7722037
1418,25614,0.7721956
2464,37202,0.7721946
1433,57384,0.77219075
176,16274,0.77218366
1309,36900,0.77217495
1573,25016,0.7721713
173,38466,0.77216184
1740,31133,0.77214354
709,34825,0.7721382
837,47238,0.7721355
2556,16644,0.7721355
604,7564,0.77213484
88,18241,0.7721318
1969,61241,0.7721317
1220,56249,0.7721244
2451,22857,0.7721224
350,27830,0.7721139
1539,30544,0.77210814
114,5087,0.77210724
85,61019,0.7720983
2575,30048,0.772097
1248,19343,0.7720961
28,26914,0.77208614
290,23725,0.77207375
2464,18611,0.77206856
564,15861,0.772067
404,51139,0.7720662
2070,58432,0.7720649
2362,40223,0.77205205
1697,26653,0.7720516
992,30705,0.77204686
697,22384,0.7720466
647,56225,0.7720336
437,13741,0.7720141
2572,42478,0.7720109
2546,39167,0.77200603
564,51621,0.7719909
510,54231,0.7719834
1669,7386,0.7719686
1248,7006,0.77194893
549,14213,0.77194816
319,10507,0.7719387
1824,9988,0.7719301
1125,6792,0.77190506
1404,34984,0.7718965
1099,6318,0.7718898
892,43032,0.771883
448,34427,0.77188194
1060,2832,0.7718765
553,28525,0.77187407
1897,18003,0.771873
993,28114,0.77186537
1503,62412,0.771862
422,6891,0.7718532
2506,12142,0.77184844
1305,37548,0.77184486
290,52266,0.771844
494,51653,0.7718351
2597,52265,0.77182794
1180,23301,0.77182
1296,5465,0.77180934
529,58869,0.771802
56,31132,0.771793
1299,40897,0.77178794
964,5487,0.77178717
1824,27863,0.7717676
525,825,0.7717658
1975,29784,0.7717626
274,18372,0.77176
1751,59040,0.7717575
2098,18910,0.77175725
1925,45009,0.7717507
158,16666,0.77174044
1305,39550,0.77172387
1925,36567,0.7717209
2263,45055,0.77169245
1222,39919,0.7716924
743,9807,0.7716776
506,8714,0.7716772
1950,52054,0.77167594
1993,46640,0.7716656
2484,13183,0.77166086
1400,50575,0.7716503
997,42283,0.7716444
1391,12731,0.77162045
2515,29523,0.77161825
2587,60204,0.77161825
1846,41920,0.7715974
1880,20309,0.7715886
1270,55691,0.7715697
2484,63432,0.7715615
1489,22433,0.7715552
1352,46108,0.7715471
919,19343,0.771547
1303,41380,0.7715285
136,17062,0.77152634
1303,59680,0.7715173
1060,33915,0.7715156
458,25127,0.7715128
1131,9180,0.7715119
2320,8056,0.7715012
1824,18082,0.7714962
537,45753,0.7714914
964,9880,0.7714888
1340,9606,0.77148247
784,31614,0.7714713
1007,45959,0.7714703
799,15938,0.7714634
2556,63994,0.7714629
1268,37919,0.7714603
250,39550,0.7714504
1786,32585,0.771447
2390,34586,0.7714322
917,35103,0.7714304
298,9859,0.77142894
1303,50781,0.7714132
569,14217,0.7714083
698,57047,0.7714038
2256,43854,0.7713954
392,16223,0.7713922
17,60385,0.77138877
2185,7525,0.7713809
133,36630,0.77136767
2546,31477,0.77135146
450,39550,0.77133816
1601,5937,0.771332
1767,30544,0.77133036
2069,28733,0.77132416
1537,2832,0.7713239
982,51994,0.7713232
1937,9396,0.7713189
486,29504,0.77130866
1246,30002,0.7712993
1926,27299,0.7712993
1904,33693,0.7712962
871,37940,0.7712949
133,50897,0.7712782
486,44986,0.7712722
1260,31393,0.7712617
1478,56549,0.7712493
1591,38997,0.77124757
625,23301,0.77124584
1035,61354,0.7712434
1855,1869,0.7712343
2076,48254,0.7712332
1926,30350,0.7712256
1037,12890,0.77122545
603,7560,0.77122176
710,5087,0.77121574
2256,46389,0.7711972
171,27857,0.771187
2009,63610,0.77118504
2267,52385,0.7711849
641,64083,0.7711772
641,51453,0.77117467
1909,5838,0.7711697
484,28685,0.77116394
1351,11087,0.77116066
1739,54854,0.77114516
176,13078,0.77113134
1574,35082,0.7711272
1503,57661,0.7711241
2047,27830,0.7711234
1240,13108,0.77111214
749,55691,0.7711092
1120,19951,0.77110755
2276,35135,0.7711041
574,33693,0.77109957
2129,33050,0.7710956
1539,31815,0.7710831
117,15111,0.77108216
1630,22305,0.7710595
1179,45777,0.77105594
1023,63962,0.7710506
2079,30906,0.7710485
2178,1869,0.77104723
2076,59823,0.77103996
1795,33580,0.7710326
915,3375,0.77103204
843,56086,0.77099156
1305,26214,0.7709812
801,24966,0.7709781
2397,61808,0.7709745
875,11638,0.77094644
860,6168,0.7709439
1537,22325,0.77093065
563,23818,0.7709278
1094,35435,0.77091783
1910,17316,0.7709152
1591,40008,0.7709124
1340,39306,0.7709122
2253,56597,0.7709019
272,46017,0.77089775
348,52388,0.7708919
1544,10256,0.7708729
392,19786,0.77083874
885,62412,0.7708346
1898,57047,0.7708093
946,58154,0.7708051
1248,31888,0.7708006
1871,21042,0.7707916
1698,14321,0.7707827
790,59499,0.77078044
999,8110,0.7707766
1334,49169,0.77077603
1660,58227,0.7707747
1852,44179,0.7707654
124,54277,0.7707441
990,10241,0.770742
117,40897,0.7707373
2087,45805,0.7707315
919,44986,0.7707133
1334,1739,0.7707088
1694,24830,0.77069724
2227,48824,0.7706926
1855,43278,0.7706897
421,50582,0.77068657
2372,53040,0.7706831
1975,61103,0.7706765
769,52985,0.7706663
512,63356,0.77065843
475,61042,0.7706573
215,37268,0.77064717
2087,60949,0.77064466
1478,18868,0.7706433
644,45980,0.770634
2571,16892,0.7706212
569,56496,0.770615
1570,55610,0.7706094
1732,1794,0.7705921
2210,62913,0.77058625
669,46017,0.7705766
13,36529,0.77057594
1573,3273,0.7705724
2089,15576,0.7705692
486,7509,0.7705655
231,13004,0.77055144
427,14020,0.7705332
1908,41786,0.7705281
849,57777,0.7705224
946,15938,0.77051437
1574,49426,0.7705072
2087,50897,0.7704903
1507,49814,0.77048886
2576,40332,0.770483
1721,29523,0.7704802
1301,63614,0.77047944
1173,11452,0.7704657
1362,18854,0.77045894
1777,16892,0.7704575
560,17854,0.7704469
1697,30737,0.77043736
143,61585,0.77040625
1466,57048,0.7703694
2322,34787,0.77034736
279,6892,0.7703312
644,23262,0.7703253
348,52596,0.77032435
1992,53663,0.77032256
1263,51750,0.77031803
8,25127,0.77031136
2333,20734,0.77030957
1272,15839,0.7702879
1218,38355,0.77028775
1910,29840,0.7702838
1395,13007,0.77028346
2009,26775,0.77027994
801,62736,0.77027965
1165,56834,0.7702729
2055,53887,0.77026486
2381,26914,0.77026343
1975,36401,0.77025765
2402,4040,0.77023846
2456,25084,0.7702373
146,19950,0.77023596
532,17510,0.7702311
530,37863,0.7702216
2259,19237,0.7702109
964,55886,0.77020955
1761,26570,0.7702006
1910,17701,0.77019405
297,11933,0.77018416
2289,3228,0.77017045
274,12270,0.77016807
1221,44245,0.770165
146,7564,0.77016115
1739,44593,0.770157
871,24548,0.7701532
746,11608,0.7701515
173,5608,0.7701509
133,27202,0.7701431
80,2875,0.7701378
1410,25395,0.7701348
2347,5776,0.77013123
906,51719,0.7701307
644,14456,0.7701169
1560,53040,0.7700979
467,21336,0.77008736
1101,47463,0.7700797
1305,7525,0.77007556
946,14928,0.7700671
2254,47300,0.77006614
145,49356,0.7700605
875,9767,0.77006006
443,12017,0.77005243
146,42029,0.77003735
1338,21733,0.77002746
1339,40052,0.7700264
1734,60370,0.77000296
853,17782,0.7700027
599,45753,0.76999944
554,45165,0.769997
2069,39107,0.76999676
915,7522,0.7699915
334,8555,0.76999116
380,27234,0.7699911
1105,5730,0.7699896
1634,10163,0.76997846
774,45866,0.76997197
1451,58902,0.7699598
49,18854,0.7699559
1292,49293,0.7699531
1125,22065,0.7699429
2349,6677,0.7699429
721,63962,0.76993287
1586,47521,0.76992553
1418,8555,0.7699231
964,15938,0.7699228
944,54424,0.76991713
32,33213,0.7699106
770,7552,0.7699077
234,12798,0.76989853
378,56834,0.7698979
2079,43777,0.76988864
1334,42029,0.7698616
1153,29280,0.76983875
836,37039,0.7698213
770,17166,0.7698172
515,51553,0.7698162
1131,57489,0.7698144
2154,45723,0.769809
935,40808,0.7698082
1748,24925,0.76980555
1851,9660,0.7698039
1491,39342,0.76979744
749,62323,0.7697947
962,8825,0.76979303
1560,45864,0.7697915
2263,7353,0.7697839
572,50670,0.7697793
1352,33175,0.7697793
1646,55856,0.76977575
1896,57777,0.7697604
1253,33277,0.7697544
599,19158,0.76972425
513,20020,0.76972413
2157,63356,0.7697195
2491,50407,0.76970965
2076,54941,0.76969475
492,53481,0.7696693
1587,30949,0.7696661
992,7525,0.7696243
2601,7597,0.76961756
1362,27110,0.7696166
290,30234,0.76961386
572,14310,0.7696121
1384,20626,0.76960504
1243,63614,0.7696016
447,8744,0.76958525
1159,60919,0.7695833
1049,41689,0.7695825
1120,63089,0.76957345
1250,1142,0.7695718
117,5937,0.76956654
1326,7964,0.76955223
1867,30242,0.76954275
1173,59584,0.769536
1357,57284,0.7695167
2380,56675,0.7695135
2069,58759,0.7695037
438,50407,0.7694922
608,56204,0.76948607
955,54213,0.7694845
2118,29814,0.7694706
599,996,0.76945436
1562,17744,0.76945364
950,48726,0.76945305
582,59951,0.7694506
599,17062,0.76943636
1876,6283,0.7694292
443,1303,0.7694258
1694,58788,0.76942134
1867,15513,0.7694117
2087,36630,0.76940644
2300,25211,0.7693826
158,3542,0.76938057
669,24560,0.7693788
2610,27953,0.76937366
1156,9880,0.76934195
345,53314,0.7693374
89,25768,0.76933706
871,48115,0.7693237
280,57572,0.7693079
1971,7420,0.76930535
1908,45459,0.7693039
1842,14589,0.7692992
950,4334,0.7692809
448,48392,0.76927996
787,29280,0.76927257
288,59558,0.76926446
1649,36520,0.76924944
99,52302,0.7692212
1883,54424,0.769217
1649,36293,0.7692163
1694,10912,0.769205
2597,7756,0.76920384
1536,17772,0.76920116
2014,50781,0.7692002
1833,17810,0.76918554
447,39009,0.76916224
124,30705,0.7691581
1574,55124,0.76915514
1549,21454,0.76915455
902,34715,0.76914257
2,28690,0.7691394
1372,8003,0.76913095
1384,5315,0.7691275
143,60418,0.7691202
1600,9853,0.7691047
997,25820,0.76910007
2199,14910,0.7690892
989,43419,0.76908064
1150,17854,0.76908016
98,45088,0.76907045
1220,46828,0.7690581
900,25586,0.76905084
1508,51356,0.7690425
199,18730,0.7690397
1268,31331,0.7690299
794,9456,0.7690171
1218,46940,0.76900876
1791,29255,0.7689882
1270,41544,0.7689809
721,42636,0.76898074
117,42542,0.7689758
1993,23457,0.76897156
569,23224,0.76897097
1026,33175,0.76897043
94,34226,0.76896656
2076,38381,0.7689522
1379,35337,0.7689469
1267,51627,0.7689363
156,7529,0.7689302
372,56771,0.76891196
2307,54879,0.76890767
1338,60354,0.7689054
1033,45299,0.7689042
2089,37548,0.76890194
2484,52045,0.76885223
1574,56190,0.7688026
1602,54027,0.76878834
511,39150,0.76878655
638,25454,0.7687694
2079,23224,0.76876545
1560,34181,0.7687553
455,53957,0.7687455
2276,18632,0.76874477
117,61919,0.7687419
935,44609,0.76873124
504,15253,0.76872075
801,3152,0.76871556
2027,51762,0.76869285
1618,58252,0.7686752
421,52741,0.7686633
1993,59561,0.7686591
299,49034,0.768638
1130,6998,0.76863766
486,10256,0.76863575
1438,24925,0.7686208
783,43060,0.76860446
2048,39253,0.7685953
1440,47010,0.7685816
1618,23711,0.7685798
564,9923,0.7685587
1376,31220,0.76854753
1478,34217,0.7685387
1242,14371,0.7685359
1339,53768,0.7685331
836,62619,0.76853275
2491,7625,0.76852465
2372,29280,0.7685119
94,58736,0.7685086
49,33915,0.76850617
1673,43645,0.7685002
1776,33639,0.7684828
8,42573,0.76848257
2130,927,0.7684804
620,12503,0.7684791
2613,27456,0.7684736
167,34812,0.7684276
1059,6000,0.7684179
707,39063,0.7684124
1433,28114,0.7684078
421,17960,0.76840556
1508,24826,0.7683928
1119,5478,0.76839125
1178,25974,0.76838934
644,39706,0.76838577
1309,53977,0.76837647
530,2832,0.76836026
847,39009,0.7683593
1995,16392,0.7683566
1578,41977,0.7683476
305,9988,0.7683358
2157,6998,0.7683276
253,31280,0.7683238
1817,55458,0.7683195
1888,36827,0.76830775
2150,21042,0.76830685
1507,53775,0.7683057
2041,27830,0.7683013
1036,30056,0.76829815
2556,42636,0.7682787
778,28613,0.7682781
1405,483,0.76827633
1405,56281,0.76827466
1993,31084,0.76826894
1890,52181,0.76825404
1340,19496,0.7682526
716,52306,0.76824653
2,54463,0.7682434
900,48405,0.7682408
1218,36520,0.7682381
1691,56225,0.7682247
211,22635,0.76822317
2388,58990,0.7682094
1912,6792,0.76820755
151,42949,0.7681987
781,21752,0.7681804
2021,30232,0.7681757
362,56144,0.7681662
976,16543,0.7681632
296,44376,0.7681564
1944,50790,0.7681502
1700,28961,0.768144
1160,8593,0.76814353
1009,39550,0.768141
1905,14963,0.768134
1222,58674,0.768109
1305,25869,0.7681046
1121,26754,0.76809496
1876,53772,0.7680929
2096,17397,0.7680927
1709,13678,0.76809055
1263,15699,0.7680763
1189,62882,0.7680737
358,6044,0.76807094
498,57489,0.76806676
1120,60614,0.7680657
1114,43087,0.76806426
1340,25095,0.76805186
698,8178,0.7680435
530,50047,0.7680418
296,26258,0.7680235
1207,10654,0.7680173
2480,59680,0.7680038
1714,57138,0.7679969
710,9847,0.767986
770,14528,0.76798034
537,996,0.7679781
1601,19840,0.76797295
1313,53442,0.76797104
2178,19574,0.7679657
2402,4577,0.76795864
32,37039,0.76794785
305,50779,0.7679406
266,28751,0.7679345
1950,51676,0.76793134
1067,53496,0.76793027
784,47463,0.7679254
919,61486,0.76790476
1067,4334,0.7678987
280,21437,0.7678978
1639,11384,0.76789165
2199,23948,0.7678883
1440,25781,0.7678553
1274,24925,0.76784384
915,53319,0.76784194
1263,20734,0.7678404
2317,57653,0.767836
1060,63140,0.76783276
1176,36209,0.7678207
2069,33915,0.7678158
208,42542,0.7678132
995,47720,0.7677953
2575,43392,0.76779
1049,15006,0.76778126
1862,57077,0.7677802
1410,45980,0.76775825
630,21730,0.7677572
644,56193,0.76774406
997,33915,0.7677423
1909,9426,0.76773715
2564,59643,0.7677182
1317,53879,0.7677049
1777,50781,0.7676704
59,40741,0.76763415
993,23262,0.76763093
1440,7386,0.7676288
1029,12798,0.76762104
1645,57384,0.767606
2422,37299,0.7675897
459,63259,0.7675844
1090,14371,0.767581
417,48571,0.7675792
635,14981,0.76757896
1227,44550,0.7675776
1897,13699,0.76757234
2178,54277,0.76756656
882,41112,0.76754785
1309,36378,0.7675452
1433,43907,0.7675426
788,39706,0.76754177
502,14652,0.7675407
8,43912,0.767537
591,1142,0.7675352
439,49928,0.767524
1987,7103,0.76751935
1335,16881,0.7675135
1026,9767,0.7675056
1557,41055,0.7675017
290,51653,0.7674947
1846,56907,0.7674876
1440,11740,0.76748604
158,63245,0.76747
1179,6056,0.7674592
380,51336,0.7674588
644,6706,0.76745665
1721,60840,0.76742
944,8669,0.7674157
852,34812,0.7674061
2320,55481,0.76740015
1143,28114,0.7673936
2174,27021,0.7673797
1138,62603,0.7673786
783,3152,0.7673745
1785,33580,0.7673726
1338,49814,0.76736814
1795,43487,0.767357
2115,34234,0.7673515
1305,15576,0.76734304
871,38853,0.7673427
161,60840,0.7673395
2526,4585,0.7673305
921,27289,0.76733005
855,35571,0.76732886
949,9493,0.7673186
2506,30833,0.7673116
1975,62272,0.76730824
506,11487,0.76730597
421,37494,0.767287
1908,30056,0.7672862
1007,37142,0.767284
1859,63901,0.76728034
2575,22562,0.7672776
1874,53363,0.76727307
2069,55351,0.76726484
838,30421,0.7672633
1909,33055,0.7672579
2238,21606,0.76725566
922,47930,0.76725525
2350,31020,0.76723886
2063,49290,0.7672312
384,2464,0.7672044
1788,9299,0.7672005
1009,31393,0.76719725
1373,42599,0.76719654
1699,30026,0.76719415
768,35097,0.76718414
2253,44224,0.7671522
1537,33580,0.76714456
2468,59206,0.76713896
554,33639,0.76713765
1165,14364,0.76712406
871,13989,0.76711655
1253,34845,0.7671144
997,40077,0.76711
835,40825,0.7671013
1562,16714,0.76709753
1751,7917,0.76708996
11,40703,0.76708955
919,34787,0.7670885
2298,29396,0.7670785
1874,59174,0.76707566
1947,1750,0.76707387
1603,21177,0.7670672
368,38638,0.7670636
617,50245,0.7670578
1732,27667,0.76704216
1740,59088,0.7670382
1339,39901,0.767035
2066,45959,0.7670255
2380,41952,0.7670253
993,57831,0.76702356
437,1509,0.76701605
1740,21552,0.7670063
94,6440,0.7669934
1227,6998,0.76697594
1851,37863,0.7669584
968,57731,0.76695466
525,21283,0.76694393
1222,2576,0.76694393
1592,36798,0.7669437
99,56771,0.7669234
553,34772,0.76692194
1652,17713,0.76691425
111,53957,0.76691127
1154,6792,0.7669087
288,56587,0.7669083
99,38387,0.7668956
1677,4386,0.7668947
1334,38338,0.76689374
2150,9205,0.7668904
1949,61512,0.7668873
2458,34812,0.76688546
2178,16499,0.76683795
1869,50670,0.7668314
1391,43682,0.7668292
1508,58809,0.7668255
716,31919,0.7668213
492,58579,0.76681894
1179,2050,0.7668158
1608,41952,0.76679325
1059,62941,0.7667852
356,35371,0.7667835
1111,11461,0.76678115
1339,41702,0.76676923
2373,6400,0.76676667
453,49566,0.76676506
289,6742,0.76676345
334,17785,0.7667628
2084,46661,0.7667531
1568,21508,0.7667451
1243,21282,0.766732
2157,6000,0.76672924
989,62619,0.76672304
1899,21479,0.76671845
434,4370,0.7667024
669,27899,0.7667017
877,53129,0.766688
1313,47337,0.7666879
737,22725,0.76668537
1925,11111,0.7666825
2475,59605,0.7666787
1656,55886,0.7666686
471,45463,0.76666784
787,33912,0.7666658
1869,25283,0.76666355
1593,54950,0.7666609
443,6440,0.7666582
2199,48864,0.766645
1430,53486,0.7666409
2487,21042,0.7666315
1824,50416,0.7666198
748,19158,0.7665864
935,19496,0.766572
1358,12064,0.76656926
1573,6792,0.76655406
2011,23657,0.76655143
1334,19864,0.7665503
357,51813,0.7665454
2379,6930,0.7665343
1410,15576,0.76652396
1433,50584,0.7665229
903,28314,0.76650566
1677,32237,0.7664814
1912,41702,0.76647747
2548,63164,0.76647496
1040,29255,0.7664535
785,37863,0.76645136
2157,58674,0.76644486
854,5730,0.7664381
245,5487,0.76641786
2044,30056,0.7663902
1195,53969,0.76638424
436,13974,0.7663722
1596,32392,0.7663505
784,28685,0.76635015
2043,43088,0.7663422
362,58123,0.7663341
2611,53192,0.76633406
2186,30268,0.7663313
1475,13440,0.76632345
1561,46017,0.7663157
995,4905,0.7662954
1869,51976,0.7662904
73,11758,0.76628834
510,37169,0.7662847
780,50871,0.7662829
2108,60949,0.76628244
471,21565,0.7662819
698,13336,0.766281
1503,19158,0.76627576
1267,31328,0.7662755
2337,55975,0.766275
1700,23586,0.7662623
1570,50245,0.7662587
1440,13025,0.7662431
614,7548,0.7662274
1765,20624,0.76620626
728,5595,0.7661881
1539,52306,0.76618576
1694,27081,0.76618385
1732,13933,0.76618147
1890,50108,0.76616395
1975,38275,0.76616263
447,27702,0.76615083
334,18326,0.7661499
380,16337,0.7661498
2178,28335,0.76613176
99,26407,0.76612663
2601,41695,0.76612586
1561,41701,0.7661183
2174,25283,0.76608896
1560,41647,0.76608527
938,39809,0.7660851
1995,37724,0.76607865
1740,2776,0.7660723
1334,33379,0.7660678
2580,26187,0.7660581
2228,33268,0.7660556
539,3367,0.76605046
989,63017,0.76604986
1268,56576,0.7660321
1634,60742,0.7660308
2077,34282,0.76601875
2427,59174,0.76600176
1700,35311,0.76599777
1357,29920,0.7659974
2427,45850,0.7659937
2380,25429,0.76598305
2475,43919,0.7659745
1429,44758,0.7659739
2276,26860,0.7659709
1776,36091,0.7659639
2180,50696,0.7659554
1165,41194,0.76594317
208,20341,0.76594317
229,56662,0.7659412
1734,18988,0.7659405
781,41320,0.76593506
458,52690,0.7659254
1211,38355,0.76592386
828,33175,0.76591647
1154,63943,0.765913
1831,61585,0.7658982
299,9449,0.7658929
1033,46857,0.76588464
1539,21340,0.7658762
784,15463,0.7658603
863,14310,0.7658602
2574,19860,0.76584643
951,16187,0.7658345
656,16845,0.76583385
1846,34736,0.76582783
2394,52955,0.76581407
591,23800,0.76579446
836,44402,0.76579195
1334,11839,0.7657912
1634,62155,0.7657656
2491,8820,0.76576173
1242,27830,0.76575387
1898,46196,0.765741
644,17062,0.76573265
1993,17062,0.7657236
2514,53669,0.76571804
2253,63140,0.7657015
1482,53867,0.76570135
2059,15861,0.7656845
2346,22975,0.7656696
1851,18205,0.7656659
2320,58415,0.76565343
2388,54433,0.7656442
1601,60797,0.76564175
638,3341,0.76561975
1712,15339,0.7656062
77,18803,0.7656014
2574,3946,0.76559323
1397,3179,0.76557845
1649,21024,0.7655748
2199,37548,0.765573
1334,30056,0.7655683
976,25574,0.76553494
588,13981,0.76552486
544,18629,0.76551455
1503,29920,0.7655047
2130,31582,0.76550376
1612,37809,0.7654875
442,6044,0.7654826
456,23499,0.76546353
1993,27459,0.76546264
1268,32758,0.7654609
2601,4594,0.765458
2258,35588,0.7654506
969,49426,0.7654264
28,38552,0.7654235
421,10325,0.76541984
1491,37080,0.7654135
2094,50047,0.7654116
1603,8056,0.7654114
453,9558,0.76539797
643,33580,0.76539606
1067,7420,0.7653841
1291,52631,0.7653749
94,34340,0.76536715
1268,58497,0.76536524
2312,50575,0.7653605
271,40897,0.7653591
1714,46857,0.7653544
647,51866,0.76533043
1309,5087,0.76532865
1824,7386,0.765328
59,25417,0.7653271
2107,17346,0.76531154
2486,41655,0.7653023
246,27456,0.76530004
1503,51866,0.7652962
769,63016,0.76528317
1833,35082,0.7652812
1189,6044,0.76528
915,57831,0.76527935
1594,21558,0.7652781
819,57120,0.7652767
591,19496,0.7652728
1232,20542,0.7652725
32,61241,0.76526195
1561,31981,0.76525474
1993,61241,0.7652517
575,46454,0.7652511
2242,10805,0.7652436
1220,32599,0.7652408
835,7163,0.76523983
2084,17062,0.76521385
1029,9767,0.76521045
1788,49664,0.7652083
1272,54854,0.7652075
1798,4711,0.76520365
1115,50197,0.7652006
1091,54640,0.7651993
2281,51273,0.76517904
1898,38815,0.7651732
498,41109,0.76516324
1537,43487,0.7651578
2245,5562,0.76515603
2315,241,0.7651435
486,7525,0.7651409
1173,53977,0.76513493
707,33156,0.7651311
1267,29815,0.76512146
5,42029,0.7651199
1028,5478,0.7651189
1950,14589,0.7651125
1141,45980,0.76511085
2182,39111,0.76510715
1583,5287,0.7651069
1572,12930,0.7651044
1652,19262,0.76509416
1993,39677,0.7650851
365,7476,0.76508045
1067,4263,0.7650689
2475,32152,0.76505333
1469,30160,0.76504534
1119,12572,0.76502156
1946,62397,0.76502067
1561,39437,0.76501036
724,44680,0.7650081
871,58300,0.7650044
299,13741,0.7650044
2388,23818,0.7649995
1592,38987,0.7649977
2108,42348,0.764992
2576,50582,0.7649877
912,33624,0.7649729
1009,24826,0.7649728
2089,49034,0.7649636
146,51356,0.7649583
1547,41450,0.7649549
486,48069,0.76495457
915,35230,0.7649539
2178,2464,0.7649502
1694,2486,0.76494676
2312,54854,0.7649415
836,4146,0.7649324
301,42961,0.7649278
993,12140,0.76492524
630,48141,0.76490724
1767,39297,0.76489824
525,33028,0.7648809
2411,26672,0.76488036
140,63046,0.76487595
595,12109,0.7648736
140,36461,0.76487046
2529,58557,0.7648624
900,23109,0.764861
2575,51548,0.76485085
1391,21309,0.76484776
167,21559,0.76483995
2043,30350,0.764832
614,30721,0.7648299
487,62619,0.76482594
777,27456,0.7648258
582,33287,0.76482177
1669,44245,0.76479614
572,47248,0.7647908
17,8412,0.764786
614,42542,0.76478046
1911,56144,0.7647628
286,58557,0.7647529
1249,27857,0.76474565
1029,40832,0.76474386
1912,53768,0.76473415
962,54035,0.7647295
1691,40422,0.7647153
1405,32534,0.7647041
1240,23465,0.76469445
710,24289,0.76468927
991,26296,0.76468664
1352,20341,0.76468647
453,27237,0.76468307
1533,2576,0.7646693
1645,45980,0.76465607
962,50108,0.7646431
1896,33156,0.76463425
1354,8762,0.76462376
2388,18082,0.7646215
1669,4443,0.7646196
136,36711,0.76461864
915,42283,0.764616
5,7386,0.76459277
608,19062,0.76458335
2427,50781,0.76457715
1227,1671,0.76457715
2089,35169,0.7645749
2180,11134,0.7645691
2482,17062,0.7645486
1668,52285,0.76454777
2539,60251,0.76454604
1734,27198,0.7645441
1695,28668,0.7645415
294,56496,0.764534
2043,40897,0.76453197
2322,48623,0.764521
1440,42631,0.76450527
1438,18205,0.764498
644,19158,0.7644887
22,38545,0.76448333
2372,21637,0.76445866
227,22973,0.7644364
486,4334,0.76441646
1861,37110,0.7644131
2337,15847,0.7644052
2301,29204,0.7643843
2083,3473,0.76437306
1026,47112,0.7643576
2178,33175,0.76435184
1987,51769,0.7643509
1115,53433,0.76434624
833,46108,0.76434445
289,35292,0.7643293
149,28942,0.76430905
2564,14364,0.764309
1645,28114,0.76430523
2312,2629,0.7643025
915,60299,0.7642989
147,30508,0.7642946
1568,24925,0.7642859
2388,34372,0.76428556
498,40862,0.76428175
210,35543,0.76427007
885,12142,0.76424444
2563,45879,0.76423836
1404,26242,0.7642114
2152,42490,0.7641965
2084,33915,0.76418436
838,14749,0.7641777
1949,51702,0.7641719
2574,36937,0.7641703
784,33915,0.7641666
286,32396,0.7641639
1506,34929,0.7641419
1101,38251,0.7641389
1143,15796,0.7641368
1874,50781,0.7641325
752,55684,0.7641269
160,8154,0.76411307
1574,56281,0.7641096
2324,31280,0.76410675
1291,31411,0.7641016
1824,30082,0.7640978
498,8555,0.7640972
2248,18319,0.7640945
245,14067,0.7640866
299,55398,0.764084
2071,40965,0.76408327
2451,32392,0.7640827
1220,17415,0.76408017
1384,50593,0.76408017
1347,15307,0.76407886
2597,49356,0.7640722
38,29280,0.76407063
1808,58579,0.7640592
2076,3542,0.764045
950,932,0.76403844
442,7525,0.7640338
1352,40455,0.76403236
1109,5478,0.7640196
1996,55490,0.76400733
770,11166,0.7640062
707,32033,0.7639736
231,56443,0.76397324
2098,21032,0.76397103
150,50737,0.7639641
2469,16646,0.76396394
2314,41952,0.7639629
486,31888,0.7639603
32,61432,0.7639586
2150,57284,0.7639519
1153,29360,0.7639488
500,38473,0.7639474
1909,42139,0.7639352
1860,56771,0.763929
689,13814,0.76392883
305,30082,0.76392066
484,56270,0.76391673
1660,37894,0.76391625
384,51641,0.76391137
1603,50667,0.7639079
1149,19588,0.76390576
487,4193,0.7639024
1270,12042,0.7638952
852,55477,0.7638942
2373,54264,0.7638923
2379,51038,0.76388973
2564,54674,0.7638862
1851,44942,0.76388097
1732,37108,0.7638544
980,44593,0.7638499
272,11983,0.7638389
1378,28733,0.7638185
28,64077,0.7638179
502,56204,0.7638174
504,45980,0.7638046
1491,8178,0.76377344
176,61145,0.7637455
1220,40832,0.76373875
2150,33788,0.76372266
1153,43640,0.7636814
922,42334,0.76367843
305,6286,0.76367664
1263,63261,0.76367366
511,63778,0.76367044
1059,58674,0.7636587
915,41544,0.7636514
1761,57777,0.76364994
1111,59310,0.7636467
379,23947,0.7636174
1908,57211,0.76359886
158,30906,0.7635963
869,48416,0.76358724
2475,33580,0.7635843
1441,49977,0.7635648
1289,27042,0.76356256
1694,39342,0.76356167
1740,483,0.76354986
1250,34181,0.7635324
1910,10695,0.7635188
1727,56875,0.7635027
2105,63141,0.7634901
2317,45734,0.76348823
603,55876,0.763487
124,53977,0.7634853
426,33175,0.76347744
1950,37039,0.7634675
1322,55595,0.76346684
283,42348,0.76346624
2174,44767,0.7634655
2337,62913,0.7634562
572,33617,0.76344895
1180,61293,0.76343435
2118,9606,0.7634328
2427,53363,0.76343215
855,49845,0.76342857
2178,46108,0.7634197
1434,28202,0.7633956
2574,26305,0.7633922
1979,22725,0.7633908
637,4589,0.76338744
398,4589,0.76338744
606,4589,0.76338744
2406,37475,0.7633873
1776,39107,0.76336896
1443,54856,0.7633637
1061,23369,0.7633601
1059,13741,0.76335406
689,38339,0.76335204
1334,63271,0.76334584
1544,43308,0.7633342
1334,28758,0.76333266
1317,44245,0.76332915
956,58244,0.76330566
1740,28422,0.7632904
421,45055,0.7632823
922,27299,0.7632756
998,4781,0.7632527
243,36331,0.76322466
2227,32114,0.76322085
927,57774,0.76321936
539,16192,0.76321864
1845,24132,0.7632103
421,24648,0.7631981
448,6124,0.7631954
572,62662,0.76316315
2610,38173,0.76315767
1656,2563,0.76314807
2063,19769,0.7631467
2043,31477,0.7631405
922,57444,0.763121
2284,62555,0.7631203
711,21104,0.7631196
411,49953,0.76311064
2070,60949,0.7631104
417,42893,0.7631055
1516,11268,0.7630924
2178,2655,0.7630863
43,23499,0.7630558
334,16748,0.76305485
1291,40866,0.76304406
2320,34154,0.7630389
869,7163,0.7630352
901,49782,0.76303416
1896,40897,0.7630301
1946,53775,0.7630246
1646,29277,0.76302063
936,15217,0.7630136
2157,10805,0.76299906
11,44758,0.76299083
1173,20464,0.76298773
969,12485,0.7629815
487,47772,0.7629757
1544,21454,0.7629647
927,36091,0.7629602
1993,43264,0.7629554
2341,16179,0.7629477
1360,4791,0.7629403
50,60456,0.76293963
1092,59074,0.7629274
530,7525,0.762926
710,55244,0.7629191
1156,2563,0.76290905
1270,31706,0.76290524
229,23262,0.7628745
955,57444,0.76286995
124,23948,0.7628635
2199,11850,0.76286083
1090,20199,0.76284564
47,20624,0.7628447
2104,40239,0.7628414
32,36378,0.76284057
1693,47153,0.7628339
833,6775,0.762833
2556,59825,0.76282567
439,51230,0.7628205
1249,54837,0.7628054
1016,18803,0.76280296
1097,5017,0.7627893
863,37919,0.76278234
2477,60173,0.76275265
781,31393,0.76273453
1299,36378,0.76273084
1405,42599,0.76272917
1859,56190,0.7627263
1482,30002,0.7627237
2574,6890,0.7627225
1397,28616,0.7627114
2440,54369,0.76270914
2391,2113,0.76270854
1646,13700,0.7627038
2572,43487,0.7627034
1995,15463,0.7627005
150,29274,0.7626997
1537,26050,0.7626982
757,63622,0.7626928
838,18858,0.76267326
2199,33218,0.7626704
357,19045,0.7626691
1587,12076,0.7626685
1547,33661,0.7626631
1795,12390,0.76264304
673,4755,0.76263607
227,59850,0.76263416
1434,23021,0.76262987
2379,27764,0.7626239
1898,23649,0.76261944
1569,19237,0.7626044
620,666,0.7626015
1843,30458,0.76259786
310,51720,0.7625822
1577,23654,0.7625663
662,5579,0.76255584
1433,31280,0.762554
774,45304,0.7625453
2477,19775,0.7625388
299,47395,0.762525
231,37320,0.7625216
601,38173,0.7625209
487,4146,0.7625098
1440,4443,0.76250744
1725,44390,0.76250005
1969,33213,0.7624997
1575,56076,0.76248103
1992,27702,0.7624806
1160,63945,0.7624763
903,27311,0.76246
2210,36711,0.76245844
1691,44357,0.7624485
993,36711,0.76244795
901,62792,0.7624418
776,38115,0.7624397
2154,1899,0.7624313
1105,41055,0.76242745
2043,52662,0.76242733
475,23318,0.7624012
1979,41655,0.7623961
288,26466,0.7623648
94,11270,0.76236445
2092,17785,0.7623529
835,38543,0.76235116
716,54021,0.7623472
1173,3621,0.7623433
2310,29078,0.7623409
1817,20258,0.76233995
2248,7274,0.7623377
209,4040,0.76233137
1249,31476,0.76233125
993,19158,0.7623296
2094,24925,0.7623194
927,33639,0.7623142
294,16456,0.76231134
1160,23800,0.7623055
833,27014,0.7623035
707,47682,0.76230097
1992,48571,0.7622865
1673,11030,0.76228267
697,27857,0.7622638
1547,37039,0.7622535
1583,13037,0.76223654
1507,33175,0.7622317
411,36520,0.7622311
1242,21488,0.7622223
2289,63140,0.76221514
1296,53752,0.7622106
922,25127,0.76219594
2029,21118,0.76217294
1950,483,0.7621633
300,53775,0.7621562
908,19587,0.76215196
1586,55705,0.7621463
1357,29775,0.76214445
935,47172,0.7621442
448,5730,0.76214373
1059,48430,0.762141
2346,49714,0.76212156
146,1845,0.76211905
1404,30790,0.7621119
2063,20550,0.7621071
935,27060,0.76210463
849,53742,0.76209617
1309,49740,0.76208866
173,13078,0.7620875
1751,49730,0.76208043
380,25781,0.7620699
1589,22591,0.7620666
1791,38173,0.7620601
1950,62619,0.76205915
2331,1996,0.76205206
2413,2113,0.7620478
2089,32580,0.76204723
434,17397,0.7620444
1067,62580,0.7620321
1477,7534,0.7620239
1550,49249,0.76202095
2109,58948,0.7620201
692,24289,0.76202
2468,18337,0.7620107
836,29405,0.76200974
114,49443,0.7620088
1317,21904,0.7619945
2276,29409,0.7619916
2289,1829,0.76198786
2108,50835,0.7619809
502,23572,0.76197505
1724,63830,0.7619618
2514,3595,0.7619553
1507,60124,0.76195383
2178,52946,0.7619418
1532,9790,0.7619407
976,29561,0.76191735
2600,3992,0.7619167
1764,11087,0.761916
272,27899,0.7619158
799,3833,0.7619103
2576,17960,0.7619058
1491,32599,0.7618959
2178,62882,0.76189035
1740,43176,0.7618897
2130,21004,0.76188034
854,7534,0.7618651
1161,28733,0.76184726
1242,5382,0.76184547
794,48623,0.76184034
1508,43412,0.76183903
1429,8825,0.7618315
987,6890,0.7618209
2174,30906,0.76181763
2094,57159,0.761816
1129,12227,0.7618114
296,33915,0.7618111
1704,5551,0.7618104
1867,11727,0.76178944
544,49664,0.7617807
1949,12466,0.76178056
136,16646,0.76177764
1246,483,0.7617742
2543,34018,0.7617658
1786,7420,0.76176536
1618,61590,0.7617607
1429,37797,0.7617587
123,50780,0.76174814
682,16272,0.76174784
2491,43422,0.76171577
1869,28751,0.7617086
1149,21736,0.7617042
1740,2629,0.7616885
2380,30456,0.76168406
1488,44070,0.7616826
2491,17274,0.7616503
2238,26223,0.76164806
2178,16274,0.7616443
794,20734,0.7616362
2473,18964,0.76163614
2066,35311,0.76163286
314,33220,0.761629
302,16881,0.76162815
1313,58881,0.7616272
2517,53724,0.7616184
201,54856,0.761618
1650,51613,0.76161695
2242,13981,0.76161337
2450,27060,0.7616124
1668,61884,0.7616117
1190,9939,0.7616105
2346,50062,0.7615956
950,7420,0.7615938
1313,32994,0.76158273
2276,17062,0.7615629
781,56771,0.76155496
2084,25395,0.76155174
146,26305,0.7615454
2289,6742,0.7615395
2391,57170,0.7615382
1552,7476,0.76153696
136,45980,0.76153296
829,41055,0.7615328
537,20914,0.7615286
1574,20309,0.76151544
1845,59310,0.7614995
1391,40862,0.76149607
2454,61042,0.76148033
2304,61749,0.76146746
2195,4755,0.7614534
1573,30077,0.7614484
2276,25454,0.76144505
1429,34586,0.7614403
1765,1907,0.76143885
133,13448,0.7614372
502,17987,0.76142865
748,36999,0.7614273
871,56241,0.76142156
1898,38927,0.7614213
1656,12964,0.7614156
1340,45864,0.76141024
1817,26231,0.76140845
453,23243,0.7613974
1189,33624,0.76139146
498,42678,0.7613834
646,21736,0.7613561
644,62474,0.76135397
830,60095,0.7613451
197,31646,0.76133585
962,52181,0.7613301
407,20546,0.7613293
2248,22242,0.7613094
493,664,0.76129436
2469,3367,0.7612932
365,1996,0.76128745
1851,11541,0.76128197
983,26445,0.7612759
1346,58226,0.76126635
28,50488,0.76124275
801,33369,0.76124096
1520,61304,0.76123166
710,54854,0.76123047
1404,63261,0.7612293
1833,40024,0.7612251
2362,27753,0.7612225
1577,27753,0.7612121
1220,37080,0.7612083
1370,14364,0.7611958
2317,3128,0.76118755
1026,5088,0.761181
2066,23586,0.761178
1623,16538,0.76117635
2304,5579,0.7611752
1153,16881,0.76117516
1800,7424,0.761162
1060,46640,0.7611582
475,52631,0.7611493
2178,20341,0.76114905
1578,41110,0.76114607
2070,60363,0.7611362
2029,47112,0.7611338
2178,39695,0.76113164
1130,48430,0.7611301
987,36689,0.7611287
599,26181,0.7611186
2170,48134,0.76111084
2447,36855,0.7611086
969,38275,0.7610967
8,18013,0.7610966
1577,60946,0.76108944
463,28522,0.7610891
32,50871,0.76107335
47,10483,0.76106024
1396,37548,0.7610439
1561,33123,0.76102215
28,18803,0.7610213
468,21118,0.7610194
2228,40422,0.7610189
1101,4755,0.7610179
714,57661,0.76101756
510,31497,0.761008
304,59375,0.7610003
1154,58030,0.76097333
2344,32852,0.7609423
854,20341,0.7609384
420,31981,0.76093173
484,55990,0.76091933
253,24302,0.760913
2337,6714,0.7609115
390,33034,0.7608992
572,18337,0.76089835
1438,62708,0.76089406
935,41647,0.7608939
2178,50248,0.76089346
484,54474,0.7608687
2320,37012,0.7608658
2204,60363,0.7608591
2391,60173,0.7608525
229,17062,0.7608454
1669,9565,0.7608448
962,34389,0.7608374
2373,23495,0.7608228
737,26251,0.7608186
1190,50877,0.7608113
2110,50737,0.7608053
2451,57653,0.7607948
2614,8771,0.7607937
1243,35103,0.7607831
2450,39306,0.7607359
283,14020,0.7607131
1817,44542,0.76070964
2059,37005,0.76070166
2108,38381,0.7607001
2183,8276,0.76069885
2447,63945,0.76069224
1263,34154,0.7606877
1405,39277,0.7606847
229,18629,0.76067215
416,57499,0.7606425
1477,49025,0.76063275
438,29204,0.7606255
1030,15861,0.7606248
434,36401,0.76062375
210,46857,0.7606236
417,30048,0.76061904
1153,31237,0.76061296
1673,56630,0.7605964
392,42372,0.7605896
900,825,0.76058376
644,26181,0.7605765
613,12182,0.76056933
57,40053,0.760569
2199,30289,0.7605613
1522,13741,0.76055306
662,19610,0.760551
2346,13318,0.7605495
1596,29920,0.7605476
2304,52265,0.7605467
1552,9959,0.7605362
607,19574,0.7605324
1094,9809,0.7605245
2362,3442,0.76051855
1652,33379,0.7605141
900,9801,0.76051164
1227,6000,0.76050806
871,1184,0.76050687
2204,11758,0.76048416
644,29409,0.76048356
1347,60630,0.76047665
1842,60124,0.760474
2006,7006,0.76046634
231,9473,0.76044655
124,37039,0.760425
1039,202,0.7604213
669,39992,0.7604209
1767,29469,0.7604184
55,3765,0.7604176
935,40052,0.760407
471,61156,0.7604039
752,58907,0.760394
417,61599,0.7603735
1156,5487,0.76036227
437,5465,0.76035243
1153,2244,0.760344
2084,45980,0.76034355
1233,30879,0.7603355
2084,23262,0.7603331
1143,60710,0.760316
507,4589,0.7603085
418,4589,0.7603085
479,4589,0.7603085
1475,483,0.7603056
1272,63382,0.7603006
363,9396,0.7602985
1761,5087,0.76028776
1926,27630,0.7602826
404,5562,0.7602762
1845,630,0.76027584
1898,63910,0.76027346
2474,4158,0.7602728
32,24884,0.7602705
136,10586,0.7602626
2094,1796,0.7602599
1218,29255,0.76025033
599,57384,0.7602501
2373,15311,0.76025
907,62156,0.7602488
1765,42848,0.7602467
1718,19237,0.76024544
363,19786,0.760244
2337,53319,0.76024354
1561,27899,0.7602305
1120,37348,0.7602186
1029,3872,0.7602042
1568,62242,0.7601981
210,19775,0.7601895
1069,17510,0.7601849
37,23604,0.7601833
2174,46916,0.7601588
1786,43640,0.7601527
510,1544,0.760146
2337,17892,0.76014274
208,49374,0.7601333
2362,30120,0.7601161
963,16613,0.7601127
417,7363,0.7601096
1443,47480,0.7601069
2360,38294,0.76009977
1028,12572,0.7600988
1848,37894,0.7600899
1693,56526,0.7600883
1813,57661,0.76007915
1302,16187,0.760074
300,54854,0.7600722
296,23262,0.7600716
1396,23948,0.76006824
1384,28385,0.7600583
1305,61690,0.76004624
601,11452,0.7600443
1317,14162,0.76003575
2174,43777,0.76002586
1910,49905,0.76001155
1391,62603,0.7599865
133,37028,0.7599863
1026,52266,0.7599859
572,37954,0.7599758
1049,15695,0.7599669
362,37872,0.75995326
315,8452,0.7599489
933,36720,0.75993776
1575,25395,0.75993663
1557,55705,0.7599361
1810,62664,0.75993073
638,23585,0.7599286
87,16666,0.7599162
698,2834,0.7599063
2105,49711,0.75990236
2110,29274,0.7599012
1539,39437,0.7599001
1649,18299,0.75988865
1092,50790,0.7598702
564,37894,0.75986814
423,41865,0.75986254
1458,54636,0.75986075
2531,9709,0.75984627
1700,14652,0.75984323
2077,59316,0.75984293
1233,63843,0.75984
1507,9847,0.7598393
1767,62397,0.7598368
529,29676,0.75983614
1593,14642,0.75982445
1272,53775,0.75981987
1950,54854,0.7598165
2377,29255,0.7598133
1673,31249,0.7598119
1734,33808,0.7598105
2034,50897,0.759807
839,60385,0.7598016
1248,20914,0.7597984
289,8632,0.7597977
161,47772,0.75977564
1800,53079,0.75976765
2322,49701,0.7597575
549,28733,0.75974107
55,4158,0.75974095
2195,3542,0.7597392
1566,30165,0.7597234
2580,42405,0.75971705
2089,47395,0.75970024
1537,20341,0.75969964
993,45980,0.7596948
2094,4577,0.7596946
790,39418,0.7596868
1060,57831,0.7596754
2089,59951,0.75966513
1677,5017,0.7596647
1573,40183,0.7596624
146,21351,0.75965565
1482,2195,0.7596509
2104,11246,0.75959694
564,49034,0.759587
1337,62192,0.75958294
1583,17713,0.75957096
1138,40808,0.7595625
2531,47087,0.75954974
1700,39809,0.7595429
2451,56743,0.75953335
2450,22857,0.7595251
1565,38173,0.75949013
1610,38339,0.7594877
995,26759,0.75948584
2070,51976,0.75948286
564,17854,0.75947595
1507,14589,0.75946826
1684,17937,0.7594564
1798,16351,0.7594554
1356,18238,0.75943005
1600,50871,0.75942975
2300,53793,0.7594205
1669,40801,0.75941795
982,46437,0.7594149
114,16092,0.7593991
22,59797,0.7593877
583,12890,0.7593861
1592,37142,0.7593826
2209,2464,0.7593821
1646,49792,0.7593742
2380,42063,0.7593606
1899,35086,0.7593361
607,1001,0.75932986
2358,38773,0.7593297
1313,9393,0.7593037
1295,2863,0.7592945
2059,62941,0.759274
1786,23049,0.75926673
1475,51769,0.7592663
1253,6044,0.7592555
2491,43412,0.7592461
855,3135,0.759236
380,46940,0.7592113
2529,45634,0.7591979
1349,50245,0.7591897
493,12263,0.75917804
2129,1142,0.7591759
572,51847,0.7591726
1668,12142,0.75916904
146,3207,0.7591681
1384,16923,0.7591579
2412,21619,0.7591542
1153,55639,0.75915176
2379,42204,0.7591287
1876,4967,0.75912786
146,13037,0.75912726
1026,50278,0.75912267
390,22973,0.75911224
511,34823,0.7591009
1551,7534,0.75909704
1896,42782,0.7590947
2480,14910,0.7590922
1059,52277,0.75908643
453,56979,0.7590842
983,20029,0.7590754
835,2832,0.75907207
1911,3228,0.759064
210,57170,0.7590578
305,27440,0.7590511
778,29632,0.75903296
2058,4501,0.7590046
1159,41952,0.75900114
243,1557,0.7589785
838,32384,0.7589725
2451,29920,0.7589648
1627,1291,0.7589532
2140,20935,0.7589454
599,241,0.7589338
147,50881,0.758924
2422,14687,0.7589077
475,15307,0.75890577
1507,60210,0.75890446
423,30705,0.75890404
910,22803,0.75890076
305,38545,0.7588973
1553,39550,0.7588929
1120,19231,0.7588862
2546,10114,0.7588756
1842,5118,0.75887245
2477,52075,0.7588656
1176,33681,0.7588603
2101,28114,0.7588569
2070,28866,0.75885224
157,37039,0.7588457
1120,52263,0.758845
15,49137,0.75884163
2174,59206,0.75883245
983,22803,0.75882584
2195,54213,0.7588254
852,50611,0.7588234
2572,49490,0.75881803
1950,44593,0.7588138
1871,17247,0.75880396
85,9224,0.7588018
1220,47930,0.75880027
1694,54055,0.75878036
537,28689,0.7587609
209,31393,0.7587585
2183,16285,0.7587537
1427,26439,0.7587497
1712,7525,0.7587434
1767,31393,0.75874186
1060,6742,0.75873315
549,967,0.7587298
835,63140,0.7587215
1263,60682,0.7587188
1125,57170,0.7587187
1120,34274,0.75871557
1030,17854,0.7587118
915,63140,0.7586987
2574,21904,0.75869656
2412,8110,0.7586933
1677,38173,0.75869185
2580,59530,0.75869095
1346,7117,0.7586777
123,21102,0.7586765
794,47300,0.75866926
453,29784,0.75866866
498,33392,0.7586683
2475,9988,0.75866234
1634,21851,0.7586583
780,9853,0.75865823
1869,48254,0.7586562
173,38173,0.7586553
65,60418,0.758635
1600,29405,0.758634
1542,41952,0.75862837
1154,60173,0.75862205
1639,24754,0.75861007
1785,45850,0.75860924
1395,47326,0.7586061
210,62603,0.75858974
1156,35459,0.75858593
1616,27440,0.7585826
835,55691,0.75857455
2071,59998,0.7585734
1263,30053,0.75856906
1358,34547,0.7585689
1557,5087,0.75856733
2210,36529,0.7585556
1029,55313,0.7585499
1557,10114,0.7585445
1869,47061,0.7585394
2101,31280,0.7585359
294,28751,0.7585341
1028,3872,0.75852233
290,43727,0.7584941
1016,8831,0.7584936
982,22516,0.75848925
852,63178,0.7584885
358,63386,0.75848293
538,19482,0.7584709
1554,64032,0.7584692
350,34536,0.758468
1788,49792,0.7584634
1299,45304,0.75845414
689,36967,0.7584233
335,27456,0.7584066
1292,50873,0.75840056
2063,27830,0.75839686
1026,12798,0.75839615
755,28314,0.7583874
620,26445,0.75838727
1677,12499,0.75837415
1159,44385,0.758371
2098,4066,0.7583643
65,4701,0.75835246
1817,10545,0.7583444
1723,13949,0.7583386
964,12964,0.75832504
1101,53838,0.75830626
2227,57572,0.75828767
407,57120,0.75827813
1369,48485,0.7582594
871,41109,0.7582486
1578,33308,0.75821227
962,11170,0.75820565
47,7424,0.758204
1669,59269,0.75816804
151,15252,0.7581589
1340,35803,0.75815004
1549,20876,0.7581475
55,61501,0.7581463
2011,1253,0.7581421
796,42029,0.7581167
2424,16390,0.75811
1894,63803,0.75810933
1803,32436,0.75810355
1255,29703,0.7580837
294,9939,0.75807244
2597,58788,0.7580628
2063,24728,0.7580611
2354,50062,0.7580609
1751,44984,0.7580592
1979,23389,0.7580588
510,32246,0.7580523
2260,51830,0.75804526
2446,14963,0.75804317
1767,33661,0.75803936
1460,63421,0.7580348
367,57439,0.75800234
1586,27270,0.7579937
2427,58600,0.75799
1313,34112,0.75798696
504,19179,0.75798
833,2762,0.7579737
411,30940,0.75795317
2270,43854,0.7579415
1593,30082,0.75793827
2063,35102,0.7579373
1313,45452,0.7579361
2409,33308,0.7579316
752,57588,0.7579279
1649,34943,0.7579138
2573,11111,0.7579124
2248,38510,0.7579043
438,58788,0.75789547
85,40460,0.7578869
1267,44135,0.7578839
1574,38688,0.75787294
1601,11498,0.75786775
2130,51976,0.7578533
1313,39931,0.7578442
166,10617,0.7578433
1912,2113,0.7578366
1138,63943,0.75781935
1475,20626,0.75780904
2083,20432,0.7578051
463,28108,0.7578026
748,60063,0.7578009
2322,7509,0.7577964
2245,20043,0.75779617
1652,9805,0.7577932
864,1043,0.7577894
1091,46193,0.7577714
762,45306,0.757753
575,1671,0.7577231
1698,16132,0.7577187
161,29703,0.7577181
2468,39854,0.7577131
426,7525,0.75770587
2487,4589,0.7577025
1299,53977,0.7576998
380,45165,0.75769717
1476,63635,0.7576767
114,36952,0.7576463
675,45271,0.7576361
1299,32580,0.7576353
208,31393,0.75762796
451,17697,0.7576221
484,2968,0.75762
177,38705,0.7576072
1869,3246,0.7576051
827,17744,0.75759876
132,57650,0.75759554
2572,977,0.7575888
532,15307,0.75758666
1539,45266,0.7575853
2397,57675,0.7575841
1369,56281,0.75758326
1317,23011,0.75757694
2107,50695,0.75756973
815,36331,0.75755584
54,631,0.75755084
51,16087,0.7575172
1218,16499,0.75750756
253,43811,0.75750506
1553,33027,0.757489
1488,14952,0.7574836
1547,62619,0.7574724
1950,9847,0.75746024
1949,14123,0.75745934
1287,53969,0.7574575
2346,47743,0.75745195
1575,46640,0.7574518
1390,45324,0.7574512
2034,24415,0.75744927
1488,36350,0.75743276
423,21752,0.7574322
933,11379,0.7574029
2083,57488,0.75740254
1339,45905,0.7573976
1409,50138,0.7573968
1853,58226,0.75738573
2576,52741,0.7573801
229,52549,0.7573638
1159,28789,0.75735897
1596,38007,0.75735664
1552,24740,0.7573467
1859,49426,0.75734246
497,36549,0.7573351
1537,19158,0.75732946
2468,22973,0.75731766
148,4589,0.75731516
224,4589,0.75731516
373,4589,0.75731516
1299,7525,0.75731015
146,36952,0.7572994
1817,36651,0.75729764
792,61919,0.7572938
1250,9606,0.75728977
2323,38545,0.7572823
1575,33580,0.75727415
1270,41362,0.7572684
1008,62521,0.75726175
2322,42920,0.7572484
294,46369,0.75724745
599,6795,0.7572421
1093,33497,0.75724196
365,12097,0.7572349
504,30456,0.757229
2204,2832,0.7572248
2564,15434,0.75721645
55,20624,0.75720274
2362,26568,0.75719345
447,61599,0.7571896
356,9742,0.7571684
2270,54399,0.75716674
1888,35371,0.757165
405,39111,0.75714576
366,38173,0.75714165
1482,483,0.75710684
1553,41055,0.75710523
1869,33758,0.75707364
2563,37765,0.7570731
2576,37494,0.7570659
900,51956,0.7570585
2394,44664,0.7570506
356,12464,0.7570279
1243,12241,0.7570279
2267,39926,0.7570262
1656,45614,0.7570114
2029,1845,0.7570084
1506,35434,0.7570066
47,29225,0.7570064
1652,9979,0.75700337
776,29376,0.7569686
2600,10096,0.7569643
525,61690,0.75695986
2491,22282,0.7569591
2011,4997,0.75694895
2475,27202,0.75694263
146,36937,0.7569238
829,37976,0.7569138
2438,7625,0.7569123
209,56460,0.756878
1571,46640,0.75686765
1899,58147,0.75684214
55,15307,0.75683784
250,16499,0.7568338
2546,62213,0.75682855
2563,47682,0.7568222
1685,37571,0.7568215
1296,22137,0.7568129
2391,50958,0.75680566
504,29762,0.7568034
416,45889,0.7567909
250,35097,0.7567867
1364,64228,0.75678295
133,63567,0.7567762
710,54277,0.75673074
1176,17415,0.75672007
903,37588,0.75670284
1911,58123,0.7566973
819,20546,0.7566956
1348,36331,0.7566931
1842,33175,0.7566905
1130,1671,0.75668824
1119,22216,0.75668764
549,8482,0.7566868
599,28114,0.75668395
969,41055,0.75666374
2070,28751,0.7566637
796,53772,0.75665855
32,62619,0.7566402
260,42755,0.75663745
1218,7163,0.75662917
1332,22463,0.75662744
290,49923,0.75662684
836,50871,0.7566248
407,27830,0.75662416
698,28335,0.7566066
1571,57384,0.75660455
1153,48213,0.75658965
2576,10325,0.75658476
1088,14634,0.75658154
1817,51361,0.75657856
2,7353,0.7565763
510,18140,0.75657195
2559,25475,0.7565624
2002,22399,0.7565581
964,14067,0.756547
770,61599,0.75653636
1577,49701,0.756528
1712,40897,0.756524
2600,51973,0.7565221
1339,63943,0.7565202
1813,33788,0.75651425
529,17960,0.7565005
124,52662,0.75649977
1767,55382,0.7564943
1634,37080,0.7564685
1418,8968,0.75646394
908,4386,0.75645655
1751,61291,0.7564555
2325,17292,0.75644636
1272,39947,0.75640166
2574,14321,0.7563855
935,25581,0.75638074
1418,17911,0.75636137
1871,57284,0.756361
215,9644,0.7563559
780,19345,0.7563529
1813,57444,0.756341
447,35236,0.7563383
1800,40801,0.75633764
2354,20204,0.7563348
737,23389,0.75632876
1301,32928,0.7563183
762,50540,0.7563082
305,4338,0.75630796
1709,30165,0.756307
1364,52662,0.75630385
1365,37976,0.7563019
1246,56281,0.7562996
1728,19237,0.7562922
2108,58432,0.7562834
2574,7564,0.75628054
55,37608,0.756275
1668,11268,0.7562709
290,5087,0.7562609
1294,34084,0.7562548
1965,51692,0.75624746
2101,44385,0.75623447
434,32114,0.7562315
538,1826,0.7562275
1115,5478,0.7562274
1460,54640,0.756225
2157,39919,0.7561952
365,60153,0.75619286
245,18003,0.75619143
1589,5292,0.7561898
1248,44986,0.75618654
2468,44767,0.756172
1583,9805,0.7561717
434,23081,0.75615156
283,37752,0.7561228
1767,7510,0.75610274
2475,58040,0.7561021
421,32033,0.7560842
1571,43907,0.756064
779,40077,0.7560599
2273,54277,0.7560575
1910,46828,0.7560494
2377,17854,0.7560313
1583,6343,0.75602126
693,25820,0.75602025
253,37729,0.75601447
900,31003,0.7560091
2134,53887,0.75600183
1765,20874,0.7559978
1112,16390,0.7559743
1791,22325,0.7559671
1332,39706,0.7559602
1441,28669,0.755943
1520,50871,0.7559407
2292,4594,0.7559375
2292,57609,0.75593686
428,42782,0.75592935
1008,27289,0.7559196
899,3341,0.7559142
342,4589,0.75591266
270,4589,0.75591266
303,4589,0.75591266
2559,38510,0.7559096
1871,50197,0.75590396
1396,41474,0.7558961
1573,57170,0.7558652
1267,60918,0.7558595
907,29677,0.7558579
608,23572,0.7558576
956,3384,0.7558559
319,8559,0.75584793
707,35978,0.75584763
1950,60210,0.75584763
780,12140,0.75584745
1193,41465,0.7558413
1233,33580,0.75583494
1854,37662,0.7558345
2559,31591,0.755829
1652,6890,0.75582796
553,529,0.7558127
235,19746,0.75580645
1550,52155,0.7558033
173,3725,0.7558014
869,59951,0.7557824
1220,34481,0.75576764
1732,13096,0.75575316
979,27702,0.75574875
1576,32439,0.7557386
368,37752,0.7557335
1806,16331,0.75573343
32,9853,0.755731
171,9936,0.7557285
698,61145,0.7557199
1172,44036,0.7557144
300,48837,0.75570107
1936,9959,0.75568557
1267,22174,0.755679
2048,6084,0.7556509
2564,57661,0.75564694
1971,34154,0.7556317
1119,44621,0.755623
1634,33405,0.7556065
1761,54277,0.7556009
2098,55673,0.7555977
1023,56125,0.7555803
57,10695,0.75556946
860,42348,0.7555617
1788,61689,0.7555579
1155,12366,0.75554395
1395,53927,0.7555431
2298,19226,0.7555342
1586,44245,0.75552124
2279,30234,0.75551105
774,52517,0.7555057
2029,33580,0.7555041
772,2407,0.75548977
2210,63421,0.7554861
863,16456,0.75548136
423,31393,0.75546825
2006,25824,0.7554678
283,31181,0.75546557
2098,48824,0.75544906
2183,36567,0.7554452
1138,52075,0.7554401
885,9426,0.7554317
1250,43682,0.7554266
384,53129,0.7554265
1190,12240,0.75542516
1250,17566,0.75542474
114,40897,0.75542295
2027,7103,0.75542045
511,50757,0.7554151
2469,8714,0.75540674
656,41489,0.7553971
1586,40897,0.7553868
242,5805,0.75537944
2077,11487,0.75537163
993,15796,0.7553549
55,23318,0.75535214
1578,26215,0.75534946
1243,32928,0.7553329
2475,6286,0.755316
1911,37872,0.7553061
1302,49774,0.7553061
1141,2830,0.75530434
1874,58600,0.75530064
439,10695,0.7552985
1949,9786,0.7552942
1896,48416,0.75529075
1114,34340,0.7552805
1995,57588,0.75527483
511,33580,0.7552719
271,41055,0.7552671
370,9019,0.7552517
1788,7114,0.75524366
2574,46175,0.75524086
737,16923,0.75520825
416,34865,0.75520647
1338,53775,0.7551929
1833,61422,0.7551925
1810,8831,0.75518525
1739,39736,0.7551843
423,45703,0.7551807
544,52858,0.7551784
32,43419,0.75517464
1806,45304,0.7551583
106,54206,0.7551515
1833,62583,0.7551468
1218,37526,0.75514597
1180,45082,0.7551415
2424,41194,0.7551377
1031,40205,0.7551291
272,33123,0.7551273
1023,16881,0.75512636
989,11329,0.7551193
1723,34744,0.7551143
1366,14364,0.755113
1301,56281,0.7551118
899,47455,0.75510657
2337,64033,0.75510293
546,56460,0.7550955
1532,55886,0.7550927
1248,28689,0.7550806
969,54001,0.75507987
2424,8178,0.7550776
1028,63830,0.75507444
1405,15350,0.7550603
1477,50971,0.7550564
146,12889,0.7550534
2404,18068,0.75505143
900,31132,0.75504124
302,53040,0.7550253
32,9714,0.75502384
245,5702,0.755014
544,49792,0.7550053
2027,51769,0.75500166
1577,52302,0.7549926
1400,54856,0.7549759
1346,34137,0.754972
2011,54977,0.75496703
1396,32580,0.75496465
144,42814,0.754934
656,49333,0.7549335
1366,39297,0.75492644
1396,10067,0.754926
65,19278,0.7549256
1532,14067,0.75492203
1842,9847,0.75492126
2440,6283,0.75492036
1153,33912,0.7549185
2248,52385,0.75491005
1653,32237,0.75489324
541,28751,0.7548914
1912,52075,0.7548695
392,52956,0.75486946
1853,39681,0.7548517
298,20963,0.7548467
885,19139,0.75482494
1242,59951,0.7548025
1313,57533,0.7548002
1713,36567,0.75479317
1246,2195,0.7547914
2380,17062,0.75478363
993,60710,0.7547808
1305,5087,0.7547771
1378,17247,0.7547722
2377,36520,0.7547525
796,49169,0.75475097
366,11452,0.7547476
1851,40024,0.754743
2526,52394,0.7546923
2098,36401,0.75468624
192,40851,0.7546246
1319,37800,0.7546153
1346,60772,0.7546084
1740,51743,0.7546021
227,41762,0.7546011
1220,32371,0.7545998
246,31806,0.75459385
1765,19482,0.75459117
833,58798,0.7545857
500,16374,0.7545794
1837,30705,0.75457805
2556,49325,0.75456995
1427,46324,0.75455457
1532,1794,0.75455385
94,41470,0.75455076
2317,7151,0.7545254
1060,17062,0.75452423
468,24423,0.75452256
2301,58788,0.75451887
549,43640,0.7545149
2362,38046,0.75451344
938,56204,0.7544917
1370,57444,0.7544906
504,42283,0.75448817
982,46291,0.75448376
246,21999,0.75447464
525,37918,0.7544691
1295,25974,0.75446326
1220,22490,0.7544627
210,22010,0.7544609
549,8509,0.754452
2199,27784,0.75444186
1287,43220,0.7544384
1501,34823,0.7544336
1067,43640,0.7544335
9,314,0.7544164
1339,40808,0.75441504
271,60797,0.7544114
250,28335,0.7544109
724,52494,0.75440586
1698,35086,0.75440377
1317,41055,0.75439525
1218,34920,0.75438946
837,52517,0.75437206
1926,42139,0.754359
2204,37441,0.7543589
2341,15342,0.75433314
2571,20147,0.754328
599,9493,0.7543267
423,60210,0.7543162
1321,37800,0.7543109
173,21924,0.7542943
794,49701,0.75429004
1061,7806,0.75428355
384,31393,0.754282
416,23224,0.7542786
1098,52948,0.75426114
1450,53939,0.7542562
2324,41112,0.7542553
2180,2045,0.7542535
1036,20309,0.75424635
1725,22512,0.75424576
2458,50611,0.7542422
548,25824,0.75422525
698,37702,0.7542114
743,51728,0.7542014
2379,2968,0.7541985
1732,9790,0.7541897
852,49025,0.7541754
111,12017,0.75417507
1317,31531,0.75415725
2380,52662,0.754153
2379,12061,0.75415117
1220,45945,0.7541231
423,46108,0.7541016
2477,57170,0.75409055
997,52572,0.7540769
908,59530,0.7540578
2596,41194,0.75405514
1250,30949,0.7540542
2373,27299,0.7540536
1517,18299,0.7540458
2359,1352,0.75402176
1636,23604,0.75401735
384,53611,0.7540151
394,12755,0.75401014
1940,19286,0.7540077
1785,22325,0.7539999
1220,33305,0.7539949
2199,5087,0.7539809
2097,16129,0.7539799
1325,13907,0.75396633
541,52470,0.75395286
229,55856,0.7539407
2109,51552,0.75393116
2199,26354,0.7539094
2199,14162,0.7538918
837,27444,0.7538892
1571,35230,0.75388455
2394,22074,0.753883
1029,12572,0.75388
1305,30289,0.75387955
124,23457,0.7538732
724,55188,0.7538421
2574,34635,0.75383717
208,33175,0.7538347
1547,43419,0.75383115
989,33657,0.7538296
829,41458,0.7538269
2601,54206,0.7538244
1684,53024,0.7537899
1910,21488,0.7537877
1153,35012,0.7537851
145,45088,0.75378096
38,28595,0.7537712
1351,50379,0.7537683
1831,24185,0.7537631
675,5987,0.7537557
1845,52662,0.75375026
1532,58154,0.75374866
1522,32392,0.7537448
1443,21481,0.7537421
1400,32534,0.75374055
1061,18550,0.753734
433,3542,0.75371736
1888,49274,0.7537053
2402,42439,0.7537029
2324,37039,0.75369865
1220,26324,0.7536873
2360,17316,0.75367606
2543,29184,0.7536372
1370,54213,0.75363284
2574,2694,0.7536248
1267,58021,0.75360924
1204,3988,0.7536031
2580,60208,0.7535739
1592,26496,0.7535695
2547,13064,0.7535582
510,59876,0.7535561
863,62662,0.75354075
141,61398,0.7535264
439,17922,0.7535165
114,40239,0.7535144
1712,42782,0.75351393
813,11893,0.75350714
1806,35854,0.7535065
549,7420,0.7535058
2596,18361,0.7535026
2556,56125,0.75349593
1541,20350,0.75349474
564,53486,0.7534756
936,64238,0.75347203
1305,6124,0.75347185
1482,53192,0.7534524
1538,46291,0.7534504
839,14910,0.75344294
2183,33693,0.7534344
2070,50877,0.753428
854,30350,0.7534164
209,14527,0.7533997
1429,59778,0.75339365
1987,13440,0.7533829
1517,30701,0.753375
549,39107,0.753371
1218,34635,0.7533703
2517,9050,0.75336224
1153,34826,0.7533593
1690,33230,0.7533465
980,39837,0.7533436
2304,2475,0.7533401
847,51548,0.7533367
553,45144,0.75332576
2480,48392,0.7533176
1272,40741,0.7533146
1466,2413,0.7533074
395,16666,0.75330293
1549,5647,0.7533001
796,7386,0.7532977
471,22468,0.7532916
1236,52063,0.75329095
976,28847,0.75328743
2377,34920,0.7532824
829,10241,0.7532792
974,56967,0.7532768
1564,50065,0.7532722
2460,5574,0.75325805
1739,39837,0.7532563
2601,1303,0.75323546
981,12503,0.7532195
2108,60363,0.7532152
1109,27857,0.7532104
1289,39988,0.7531961
698,49744,0.7531936
298,19536,0.75319284
1091,34301,0.75318444
1714,44758,0.7531717
1092,46619,0.7531439
1551,34812,0.7531424
1026,48064,0.75313854
662,11001,0.7531363
2348,54463,0.75312215
1851,55947,0.75312006
2379,45634,0.7531154
1692,6044,0.75311404
254,30833,0.753103
1577,38387,0.75310177
1241,39062,0.75309736
718,13796,0.75307715
1817,7844,0.7530483
1694,25684,0.75303084
2517,49954,0.75302505
467,51288,0.75301385
1396,45304,0.75301254
1539,19799,0.7529987
2029,4755,0.7529863
2097,4262,0.7529811
335,19244,0.7529772
1766,61859,0.7529692
909,47280,0.7529677
2017,53137,0.75296545
843,6984,0.75295377
698,42542,0.7529513
2089,47512,0.7529429
1552,2834,0.7529332
253,45980,0.752926
1589,17566,0.7529241
1233,60299,0.7529198
1577,56771,0.75290245
1619,33915,0.75289476
229,43907,0.75288683
1218,6044,0.7528819
843,45165,0.7528757
1447,4155,0.7528696
5,13025,0.75286245
245,56771,0.7528547
2019,56247,0.7528541
983,35236,0.75285184
1332,32111,0.7528498
1276,13872,0.7528484
1932,51297,0.75284064
839,43419,0.7528363
289,56875,0.7528344
2063,1303,0.7528217
89,314,0.75280505
1532,32935,0.75279963
467,7556,0.7527994
2108,1563,0.75279456
2531,21454,0.7527904
1544,8795,0.7527766
1530,57170,0.75277567
1134,40716,0.7527746
1364,42063,0.75276506
423,25579,0.75273836
2029,48279,0.7527159
954,54929,0.75271446
639,4716,0.75271046
183,2892,0.7526985
1806,51187,0.75269544
795,41194,0.7526885
2014,18973,0.7526851
2592,14653,0.7526786
2292,58788,0.75267434
2402,24925,0.7526608
913,40821,0.75264704
1190,3367,0.75264484
1218,49953,0.75264484
1400,4742,0.7526186
836,43264,0.7526177
504,60919,0.7526034
2204,55684,0.7525848
271,55351,0.75257605
1233,12390,0.7525501
300,15190,0.7525474
2543,52662,0.7525313
1218,7525,0.7525257
1594,23604,0.75251055
2026,29969,0.75250006
698,52690,0.752475
599,60710,0.7524737
2322,46289,0.7524622
2377,42389,0.75246024
2137,16819,0.7524451
2317,3605,0.75244486
2344,35490,0.75244474
597,40077,0.7524251
987,7564,0.7524239
304,34941,0.7524085
1561,50359,0.75240684
71,6381,0.7524051
1016,5338,0.7524002
1761,15339,0.7523978
1845,15339,0.7523957
2346,15386,0.7523868
770,14651,0.75237924
1571,36378,0.7523675
502,26496,0.75236726
1575,57588,0.75236374
869,55351,0.75235057
2159,41458,0.7523414
22,58990,0.7523302
976,62156,0.75232726
1669,10603,0.7523255
1169,33661,0.75231564
2204,51976,0.75231487
2021,30544,0.7523073
1577,44986,0.7523042
362,3228,0.7523036
319,22839,0.7523035
1109,6844,0.7523034
895,54977,0.7522974
1154,35543,0.7522799
392,1580,0.75226855
2380,39706,0.75226116
2301,3973,0.7522453
2091,55465,0.7522334
1460,63843,0.7522316
2354,46354,0.7522259
245,44986,0.75222373
402,137,0.7522195
2273,1996,0.7522191
987,29140,0.7522181
1253,35874,0.7522097
1557,56190,0.7522055
22,43278,0.75220144
1097,25,0.7521865
1697,62834,0.7521775
1531,30232,0.7521635
997,22325,0.75214326
334,33392,0.7521384
1255,59310,0.7521315
334,37940,0.7521302
907,47238,0.75213
328,48521,0.75212497
1571,38005,0.7521155
345,46811,0.75211066
1712,6044,0.75209737
1639,33353,0.75209355
1583,5370,0.7520826
1669,37494,0.7520821
583,3246,0.75207293
1586,48928,0.75207186
1149,23604,0.75206804
1109,34340,0.7520658
243,25655,0.75206256
909,34301,0.75203425
1149,57721,0.7520342
2377,29191,0.7520329
1302,13722,0.75202835
774,23777,0.75202835
380,6250,0.7520264
1896,36520,0.7520194
852,17810,0.7520161
1577,18299,0.75199187
2580,44986,0.7519887
1719,23499,0.7519876
2341,28322,0.75198346
2379,54474,0.7519791
2312,44593,0.7519753
2349,23101,0.75197506
1441,34941,0.751964
927,27110,0.7519619
1612,47326,0.75195974
2134,57628,0.751946
863,57499,0.75193
2224,12366,0.7519276
2258,4540,0.7519173
787,18057,0.7519082
2324,53486,0.75190616
2572,63843,0.75189686
5,6072,0.7518916
2091,60419,0.7518877
1176,56967,0.7518786
319,14605,0.7518448
2141,41954,0.7518423
1441,3107,0.7518414
209,24925,0.75183976
384,39550,0.7518337
949,12042,0.75181663
253,61078,0.7518089
1544,13814,0.75180197
1292,25974,0.7517922
2248,31591,0.7517882
334,28314,0.75178534
1156,13933,0.7517811
250,17744,0.7517747
1932,31286,0.7517637
847,37373,0.7517359
1335,27667,0.75172424
599,31280,0.75172293
156,39694,0.7517197
1026,48430,0.75171196
2379,9205,0.7517106
877,21924,0.7517067
917,21565,0.7517011
1678,20542,0.7517009
215,40612,0.7516997
421,27784,0.75169224
2057,57247,0.75168264
416,44767,0.7516823
209,22680,0.7516781
300,49814,0.7516761
1370,17191,0.7516714
1800,53668,0.7516705
1189,35337,0.75166935
1971,27456,0.7516599
1137,40741,0.75164795
955,62521,0.7516191
1098,28685,0.751619
2548,41290,0.7516189
1657,57588,0.7516031
2592,33369,0.7516002
2362,38387,0.7515961
2183,62683,0.7515919
1190,63403,0.75158435
210,60173,0.7515692
1477,55477,0.7515651
838,23072,0.7515607
1600,39677,0.75155294
979,31806,0.75155276
2354,28305,0.7515497
1669,53079,0.7515458
743,35012,0.7515321
362,52647,0.7515257
299,5465,0.7515194
1030,13741,0.75150454
560,48430,0.7515023
2409,1909,0.75148815
141,58788,0.75148433
1036,35892,0.75148237
2021,54424,0.7514808
1475,2195,0.75147766
1469,32866,0.7514756
1876,52942,0.75147176
22,33580,0.75147116
1287,53433,0.751469
689,11215,0.7514688
796,11740,0.7514589
787,8133,0.75145525
952,6677,0.7514527
693,16187,0.7514483
1400,21667,0.7514437
829,50858,0.75143266
1777,22693,0.75143087
1764,63918,0.7514249
250,19574,0.75142485
1153,53970,0.75142395
1477,50611,0.7514157
2322,19343,0.7514072
57,22341,0.7513999
2048,25277,0.7513913
1250,53862,0.75138664
1026,54254,0.751362
1475,7103,0.75135493
1069,63622,0.7513536
1150,30753,0.7513496
1180,42581,0.7513276
440,6044,0.7513227
1274,4577,0.75131756
1479,59951,0.75131536
968,31309,0.7513137
300,22840,0.7513101
1031,26749,0.7513031
1339,21309,0.75128794
92,4589,0.7512823
122,4589,0.7512823
252,4589,0.7512823
14,4589,0.7512823
1029,49923,0.7512804
1253,24268,0.75127923
1179,56875,0.7512617
2317,21296,0.7512533
1573,60173,0.75125223
2576,45055,0.75125146
210,40052,0.75124806
1551,30350,0.7512435
606,3253,0.75121796
637,3253,0.75121796
398,3253,0.75121796
416,51976,0.7512114
1154,40808,0.7512077
1694,25781,0.7512034
416,33856,0.7511985
969,39550,0.7511957
209,39550,0.7511815
671,8795,0.7511716
417,37373,0.75116426
2362,31372,0.7511529
458,48416,0.7511495
675,5786,0.7511444
370,23579,0.751137
599,23585,0.75113636
752,18800,0.7511326
253,6070,0.75113213
286,56270,0.7511163
2473,17166,0.7511129
2242,63356,0.7511059
1949,35397,0.7511016
2101,44376,0.7510867
654,4064,0.75106853
1845,45884,0.75106823
2434,8561,0.75106394
1134,60434,0.7510522
1471,26123,0.75104505
2118,63945,0.7510432
2614,63017,0.7510199
145,30891,0.7510172
1143,35135,0.7510164
1464,21340,0.75099474
2107,27299,0.75096965
662,34340,0.75095797
1508,2444,0.75095093
1479,13320,0.75094754
1363,42290,0.7509378
537,37994,0.75093436
1179,2325,0.75092775
567,53137,0.75092596
932,32152,0.75091845
1295,49293,0.75091124
1156,32935,0.7509108
1154,40052,0.75090945
847,48571,0.7508964
286,12304,0.7508833
1788,55856,0.75087154
389,58962,0.7508385
2025,49491,0.7508304
2089,54303,0.7508291
2057,37283,0.75080884
234,54254,0.75079364
693,5315,0.75078905
2411,29274,0.75078183
1370,49374,0.7507683
2539,40152,0.75074327
1882,33220,0.7507423
710,23948,0.750721
1168,19278,0.7507192
1897,16644,0.7507093
772,63398,0.75070584
2451,45306,0.7507001
2601,36656,0.75069606
1272,46299,0.75068235
1132,7876,0.75067717
1837,3207,0.750672
2130,38638,0.75066936
2044,56281,0.7506651
715,12386,0.7506297
1374,7117,0.7506262
1848,13741,0.7506249
1026,34833,0.7506231
856,60565,0.7506131
937,34234,0.7506064
1700,53395,0.7506031
1700,56204,0.7505918
836,59561,0.7505851
365,8509,0.7505808
1741,5877,0.7505726
1365,49744,0.7505628
1016,17292,0.75056064
215,39394,0.7505523
365,49426,0.75054294
2391,33696,0.7505403
2411,31286,0.7505351
2273,10241,0.7505262
427,33617,0.7505178
1601,14321,0.75051284
1751,38219,0.75050914
2564,32392,0.7505065
394,45165,0.7504847
998,36331,0.7504792
1551,49025,0.75047654
421,37765,0.75047433
297,36855,0.7504586
2028,19568,0.75043637
1639,42063,0.7504344
1851,39550,0.7504293
1236,51158,0.7504241
2130,42348,0.75041914
2580,25510,0.7504159
160,35045,0.7503766
968,38192,0.7503743
1349,16634,0.7503573
54,4577,0.75035465
932,45165,0.7503464
1575,43907,0.7503451
1014,34941,0.75033617
250,59530,0.75033486
875,32999,0.75032735
829,27014,0.7503146
2402,53442,0.75030935
2561,54929,0.7503052
2256,55678,0.7502999
1594,21614,0.75029796
1026,22840,0.75028276
250,33175,0.7502811
2130,46369,0.75027084
1668,57661,0.7502675
1712,55705,0.7502612
2325,6677,0.7502599
1400,7654,0.7502501
1459,56693,0.75024366
2539,52748,0.7502319
1295,49601,0.7502222
494,38882,0.7502147
1911,52647,0.7502099
1627,41055,0.75020665
1471,49658,0.7502024
1851,53196,0.75019884
250,52946,0.7501987
2468,47368,0.750198
2536,41213,0.7501972
1383,6056,0.7501901
335,4334,0.7501807
635,12890,0.7501692
243,62484,0.7501622
1704,21476,0.7501539
2262,52056,0.7501498
944,50459,0.7501441
1287,63350,0.75014377
1207,6159,0.7501384
2007,29640,0.7501331
365,21851,0.75012946
2563,27444,0.75011563
2529,52271,0.75011224
2245,51653,0.7501036
22,39694,0.7501017
328,29784,0.75008774
2576,49481,0.7500646
2098,9205,0.7500639
468,40825,0.7500639
2011,45382,0.7500516
2360,18854,0.75005066
230,29775,0.7500396
1373,30002,0.750036
776,61725,0.7500349
980,48837,0.7500265
315,16289,0.7500069
1992,37373,0.7499956
380,29715,0.74999535
143,18855,0.7499942
635,202,0.749991
2324,58227,0.7499906
608,39809,0.74998915
1851,22680,0.74998707
1263,28447,0.7499869
38,53040,0.74998134
215,9595,0.74997413
1190,60337,0.7499464
2414,14364,0.7499131
289,33580,0.74990153
502,19062,0.7498702
1130,54081,0.74986684
1851,34812,0.7498592
286,54474,0.7498178
430,13078,0.7498156
2204,9939,0.7498151
1732,2244,0.74981105
837,42782,0.74980474
1986,1845,0.74979734
774,42029,0.7497883
435,27184,0.7497776
216,2830,0.74977684
746,11487,0.7497733
1788,29564,0.74975586
2301,20944,0.74974376
180,4443,0.74973536
964,3833,0.7497332
1171,45959,0.7497269
2059,56306,0.7497237
15,59393,0.7497202
1619,38251,0.74971384
1867,21508,0.7497052
2440,53772,0.74970055
300,27855,0.74969876
145,1303,0.7496935
434,61847,0.74968266
2543,32825,0.74968046
1036,49814,0.7496699
1101,63171,0.7496695
1157,43912,0.74966043
673,17197,0.7496416
2380,15253,0.74964076
858,45864,0.7496165
837,51692,0.74961483
710,53775,0.749609
1154,46857,0.749586
2350,63901,0.7495674
1732,43293,0.7495671
2400,15378,0.74956113
900,19019,0.7495567
763,36331,0.74955237
2438,9762,0.7495407
617,13025,0.749533
1400,15350,0.7495242
1400,54854,0.7495116
197,54474,0.74950856
453,27453,0.74950826
938,23586,0.7495006
2122,16646,0.74947953
2064,5624,0.74947476
824,42283,0.7494637
2345,18538,0.74946237
1112,42139,0.7494522
286,55990,0.74944437
1571,34845,0.7494395
1206,48154,0.7494271
271,7163,0.7494215
1233,29255,0.7494178
2322,29504,0.74941206
2270,46389,0.7494099
210,39901,0.7494036
787,15938,0.749397
541,51976,0.7493938
603,56281,0.7493861
1564,64163,0.749382
785,14981,0.7493742
705,45271,0.7493711
2204,46640,0.7493684
132,23818,0.74934816
369,3152,0.7493398
1301,53887,0.74932814
995,57831,0.74931866
633,27042,0.74931777
2118,53862,0.74929786
2324,2576,0.7492882
50,1621,0.74928796
1649,32237,0.7492868
289,63421,0.74927676
2473,43906,0.7492765
2242,57869,0.74926555
1076,49864,0.7492634
1544,5647,0.74926317
617,7564,0.7492585
774,47512,0.74925226
2348,28690,0.74924266
746,48374,0.74924076
1374,60946,0.7492398
978,12503,0.7492352
698,30705,0.74922895
1594,30685,0.74922836
538,15303,0.7492261
597,52948,0.74919444
283,22973,0.74919355
717,46563,0.7491869
1141,19158,0.74918324
1817,42439,0.7491826
261,20341,0.7491566
490,723,0.7491451
1313,44542,0.7491387
1571,25395,0.7491338
1156,37108,0.749112
2322,59530,0.7491007
2288,23526,0.749091
1891,13263,0.74908054
1263,50667,0.7490692
1932,48100,0.7490517
743,43640,0.7490483
1568,45648,0.7490375
1094,45703,0.74903405
1127,17510,0.7490233
1578,24347,0.7490026
1026,53775,0.7489963
982,41380,0.748991
1263,44986,0.7489908
1242,25127,0.7489791
1083,7424,0.74895597
314,2845,0.74894947
2312,23825,0.74893475
2014,54369,0.74893427
1800,12716,0.74892056
938,35311,0.7489034
426,25417,0.74889827
1296,52886,0.7488892
38,47385,0.74888825
1366,52285,0.7488582
575,52438,0.7488572
1577,38046,0.74885154
471,54226,0.7488512
197,59998,0.74884737
1337,38688,0.7488315
215,13678,0.74881315
594,49066,0.74881136
1532,59709,0.7488076
2231,39391,0.7488047
635,21488,0.7487992
192,51571,0.74879026
819,13974,0.7487879
1547,33657,0.7487814
629,39297,0.74876213
357,36173,0.7487534
908,32237,0.74874467
2101,25454,0.74873734
1653,5017,0.74871624
864,43738,0.7487134
1090,5079,0.7487128
787,10990,0.74871045
286,58163,0.7487065
875,40832,0.748693
1949,59499,0.7486743
430,57588,0.74867094
955,14510,0.7486569
2256,56428,0.7486532
1782,56705,0.7486435
1192,58478,0.7486434
2576,24648,0.7486378
820,22216,0.7486338
416,56496,0.74863255
1030,34912,0.7486255
358,42391,0.7486157
300,56281,0.7486143
2561,24841,0.7486078
2083,19853,0.7486063
1594,28314,0.7486063
932,47981,0.7485725
989,41656,0.74856985
2204,7525,0.74855214
989,47641,0.7485485
2170,41194,0.7485465
463,61103,0.7485384
964,37108,0.7485374
743,2244,0.7485312
2301,2475,0.7485307
796,47743,0.74851644
160,28641,0.7485087
1158,49905,0.7485072
2028,41974,0.74850655
541,41658,0.7484927
839,55398,0.7484889
858,17566,0.7484795
1026,24289,0.7484671
1250,34053,0.74846375
2394,7905,0.7484546
1007,13508,0.748453
2220,47455,0.7484509
517,19610,0.7484506
2563,60542,0.748446
1364,17331,0.7484436
334,41109,0.74843657
453,54465,0.7484294
1283,20341,0.74842656
1373,7560,0.7484257
1600,16538,0.7484223
2182,29295,0.7484188
230,4589,0.74840593
77,23843,0.748401
1494,30139,0.7483907
270,3253,0.74837387
342,3253,0.74837387
303,3253,0.74837387
2101,29277,0.74836016
160,27667,0.7483349
93,9564,0.7483319
982,59680,0.7483245
1589,48006,0.7483181
1577,28954,0.7483018
1533,54081,0.74829
1896,4701,0.7482891
300,44593,0.74827003
305,23818,0.7482693
724,37976,0.7482401
1557,16499,0.7482306
1154,8432,0.7482301
635,36520,0.7482103
1111,51633,0.7481913
2130,39062,0.7481767
38,58147,0.74816287
907,47824,0.7481628
2019,1933,0.7481564
2447,36030,0.7481334
752,61948,0.74813324
955,47255,0.7481278
1180,5130,0.7481216
1932,3595,0.7481173
964,58495,0.74809384
1253,36457,0.74809295
792,50780,0.7480735
1928,20143,0.7480708
1549,18704,0.74806803
28,6295,0.7480664
2410,9644,0.748062
1800,11740,0.74805576
847,35236,0.74804926
2179,19799,0.7480246
653,36293,0.7480232
796,54277,0.7480176
710,44593,0.74801743
2482,36711,0.74800986
271,41572,0.74800444
1969,17229,0.7480024
858,58030,0.74797595
50,7206,0.7479692
458,38294,0.74795973
673,51230,0.7479563
2256,54399,0.7479522
909,46193,0.7479392
1649,37608,0.7479342
989,61859,0.747927
949,26181,0.74792314
286,63140,0.74791086
345,63933,0.7479099
2531,20876,0.74790686
544,10586,0.74790496
1649,6044,0.747875
416,41658,0.74786544
334,59852,0.74786377
227,25283,0.7478507
1513,47874,0.7478387
73,32384,0.7478372
2324,60455,0.74783254
1204,31249,0.7478265
2059,52277,0.74778265
111,40394,0.74777293
877,42542,0.7477596
558,28134,0.74775434
93,39926,0.74774206
1971,26011,0.747742
2105,31853,0.7477411
1594,21423,0.74773085
1530,6792,0.7477304
969,43350,0.7477268
944,52383,0.7477217
383,27463,0.74770087
2482,25395,0.7476871
847,50005,0.747684
932,10805,0.7476772
1096,36350,0.74767125
1049,2587,0.7476696
1405,30002,0.74766207
1252,3472,0.74765587
2233,8526,0.7476414
755,4577,0.7476395
224,3253,0.74761975
373,3253,0.74761975
148,3253,0.74761975
2204,43777,0.74760246
1639,47112,0.74759877
1725,54856,0.7475889
1242,29840,0.7475822
356,20247,0.7475734
2463,36302,0.7475699
588,11614,0.7475432
914,33680,0.7475408
909,38935,0.7475221
2391,62603,0.7474973
1871,58759,0.7474794
862,57581,0.74747336
1262,24639,0.74746877
378,20020,0.7474686
391,9595,0.7474627
1475,4958,0.7474573
334,42678,0.747455
1289,52631,0.7474549
2324,31339,0.7474517
1283,4386,0.747441
2141,36969,0.7474382
14,3253,0.74741554
92,3253,0.74741554
252,3253,0.74741554
122,3253,0.74741554
2130,28636,0.7474082
1430,33915,0.74738705
1206,26258,0.74738306
1940,51697,0.74737394
2245,52662,0.7473322
502,49325,0.74731684
549,17247,0.7473148
938,23572,0.7473127
1240,15382,0.74731266
1373,2195,0.74728847
1680,19270,0.7472855
1970,46195,0.74726915
625,8378,0.7472644
2358,23649,0.7472544
1129,34290,0.747249
714,6617,0.7472472
1859,53508,0.7472439
963,20719,0.7472279
2044,41786,0.74722004
510,6948,0.74721587
1479,40053,0.74721265
1520,29405,0.7472094
989,57383,0.7472051
2273,5087,0.74720263
65,24182,0.7471943
417,34586,0.7471896
1392,30232,0.7471611
2360,55351,0.74715775
1329,57533,0.7471347
440,60797,0.747131
2580,42755,0.7471057
2044,35562,0.7471032
417,53663,0.7471009
1242,2187,0.7470864
2204,59907,0.74708486
1831,31531,0.74708456
843,50593,0.7470795
1601,33580,0.74706733
653,11258,0.7470624
1891,28022,0.74706113
2298,42659,0.747054
1155,29840,0.7470484
949,42241,0.7470336
1383,6742,0.7470171
980,60124,0.7469911
912,61772,0.74699086
553,14963,0.7469878
2118,12076,0.7469844
796,6317,0.74697834
2228,11268,0.746976
458,14595,0.7469661
1986,44224,0.7469654
420,6168,0.7469593
909,42348,0.7469572
2404,23604,0.7469489
1479,33624,0.7469456
132,27863,0.7469442
1109,27830,0.7469341
1291,38958,0.7469337
2014,9039,0.7469331
2040,51847,0.7469276
1520,30776,0.74692094
635,32111,0.7469113
918,34715,0.74690783
125,44260,0.7468972
1072,25127,0.74689543
2312,5935,0.7468888
286,63171,0.7468746
2083,33580,0.74686867
1639,52662,0.7468684
1396,55046,0.74685884
1346,43422,0.7468578
813,33305,0.74680996
1248,34154,0.74680436
856,8646,0.74678886
1340,2389,0.7467792
286,45634,0.7467769
2503,54636,0.7467703
2611,5315,0.746757
1339,47172,0.7467569
1475,5315,0.7467453
77,8831,0.74674404
951,13722,0.746738
1896,26570,0.74672997
710,30546,0.7467259
132,19371,0.74671423
607,34851,0.7467004
969,5087,0.74668896
1911,4723,0.74666643
116,8509,0.74666053
2083,50584,0.74665153
982,20322,0.74665
787,25095,0.74664354
1450,2475,0.7466389
223,60772,0.7466363
2014,16892,0.74663454
1712,44245,0.7466271
2130,58432,0.74658835
1522,60455,0.74658704
1616,20143,0.74658287
2220,2180,0.74658275
1876,59174,0.7465813
949,63037,0.74656916
1761,30289,0.7465593
458,21488,0.7465567
160,12227,0.74654925
2157,12182,0.74654675
1577,62659,0.7465457
2238,39316,0.7465453
2576,32033,0.7465372
938,45959,0.7465371
2248,36277,0.74653596
28,22998,0.7465292
705,5786,0.74651724
1520,43264,0.74651664
1566,7459,0.74649525
2508,17253,0.74648076
2059,40316,0.7464441
951,38987,0.7464268
2064,47440,0.746423
737,59088,0.7464193
2580,28954,0.74641323
496,4064,0.74641204
1296,13981,0.7464118
1250,45306,0.7464086
2004,2577,0.7463878
66,34687,0.7463831
983,56201,0.74637675
253,27759,0.7463703
1061,19199,0.7463591
710,57277,0.74635625
369,50005,0.7463522
5,7564,0.74634373
488,24092,0.7463193
2482,45980,0.7463095
271,1750,0.74628603
1031,47596,0.74628013
1513,2329,0.74626744
1712,5087,0.74626625
1593,9988,0.74626434
813,44141,0.7462626
1520,9853,0.74624735
856,57528,0.74624354
1189,7163,0.7462414
727,44644,0.74620914
2083,15847,0.7462088
2480,4967,0.7462088
437,39229,0.7461969
1525,32866,0.7461895
1313,22542,0.7461893
335,28051,0.74618316
1114,30268,0.7461815
907,29561,0.7461811
843,34343,0.7461759
1418,31417,0.7461661
2083,51928,0.7461612
902,14087,0.74615467
1057,44674,0.7461535
902,59480,0.7461312
2470,9807,0.7461268
575,2576,0.7461127
2480,33156,0.74610066
1141,18777,0.74609596
1650,16649,0.7460959
2595,29360,0.74608684
1761,33078,0.74607885
2259,64161,0.7460734
362,4723,0.7460617
855,59558,0.7460534
467,14340,0.7460514
1349,49169,0.7460408
1678,5382,0.7460263
2278,4431,0.74602544
300,38688,0.746005
910,4529,0.74599993
2073,56576,0.74599445
391,44322,0.74597543
2413,8432,0.7459729
541,14217,0.74596477
1739,40741,0.74595976
1714,40052,0.74595964
493,7103,0.74595606
305,43278,0.7459505
710,48837,0.74594903
1592,39667,0.7459406
1944,45288,0.74592966
1626,26759,0.74591947
1430,40316,0.74591774
1949,45945,0.7459128
1313,10458,0.74590766
710,33175,0.7459042
2414,22121,0.7458609
1574,30056,0.74583685
938,28961,0.7458277
588,13741,0.7457931
1800,57650,0.7457752
910,21639,0.745769
1378,58759,0.74575907
1704,41977,0.7457566
2312,54424,0.7457415
885,19158,0.74571496
2053,59342,0.7457142
2601,34997,0.74571055
394,56979,0.7457056
1652,1043,0.7456809
334,48115,0.7456763
2480,63031,0.74564993
1600,31627,0.7456335
1339,58383,0.74562967
2009,51613,0.74562526
1577,20734,0.7455889
2130,34301,0.7455887
1618,17865,0.7455632
1932,32731,0.74555755
1349,13025,0.74554884
1940,18205,0.74554557
544,15847,0.7455411
2044,48485,0.7455307
1601,16499,0.74552023
963,28278,0.7455151
1854,61859,0.7455137
2354,43933,0.7455053
2325,23843,0.7455051
215,15378,0.74550503
1190,60363,0.74549544
1143,60919,0.7454928
1033,14444,0.7454846
1150,38251,0.7454677
2312,2776,0.74546635
903,16835,0.7454623
2534,24184,0.7454599
132,39813,0.74545985
1616,51709,0.74543935
1035,55562,0.74542975
1949,15106,0.7454251
1025,50781,0.7454014
157,5487,0.74540126
2354,49714,0.74539065
1680,32237,0.7453798
2360,29840,0.745378
315,46369,0.74537075
647,43682,0.7453629
2314,6070,0.74535406
132,11740,0.7453525
1639,28616,0.74534285
1549,45637,0.74533725
510,15883,0.74532104
253,6494,0.7453106
1434,60245,0.7453041
537,21922,0.7453013
2109,12064,0.7452949
1365,38705,0.7452799
790,34166,0.74527466
1806,34943,0.74527466
1294,38239,0.7452738
1596,19947,0.7452707
438,5579,0.7452618
552,7702,0.745259
215,8023,0.7452576
428,47824,0.7452537
944,1832,0.74525225
2120,29825,0.74523795
1479,36845,0.7452371
277,27659,0.7452283
1096,11035,0.7451805
235,48006,0.7451732
1971,52302,0.7451558
404,20043,0.7451522
1262,17592,0.7451419
2457,41210,0.7450994
378,44881,0.7450826
123,20341,0.7450814
1863,24289,0.7450795
1992,30048,0.7450725
1007,56204,0.7450714
2354,15386,0.7450713
466,18854,0.74505496
2517,20439,0.7450416
1678,30126,0.745026
2346,55610,0.7450234
1639,25429,0.7450092
1970,36378,0.7450043
512,44550,0.74499893
1798,23141,0.7449925
995,14016,0.7449917
921,39221,0.74498487
334,27311,0.7449676
1025,18318,0.74495023
555,967,0.74492586
1150,33915,0.7449251
2034,19205,0.74491787
1179,52572,0.744915
1690,36355,0.74490535
1321,35337,0.7449031
2314,29988,0.74489194
1850,17076,0.7448917
682,18704,0.7448704
254,46668,0.7448411
334,23604,0.7448319
1577,34650,0.7448318
2064,57086,0.7448224
298,24344,0.74482095
1531,12572,0.7447989
910,17479,0.74475515
1383,29566,0.74475276
1544,18704,0.74474883
22,59605,0.7447394
1340,23800,0.74473876
2474,23470,0.74473786
1721,11032,0.7447343
1628,49782,0.7447337
1160,28616,0.7447181
2120,33028,0.74469364
66,57439,0.74468946
2152,5478,0.7446817
1125,60173,0.7446382
132,47010,0.74463725
617,57136,0.74463403
588,48430,0.7446178
1589,56743,0.74460256
173,16274,0.7445972
22,27822,0.74459416
1556,24289,0.7445911
956,60891,0.7445843
2063,5478,0.74457884
2468,10708,0.7445629
1785,42283,0.7445613
774,30919,0.7445426
1142,42298,0.74452955
502,38987,0.74451685
428,43237,0.7445058
2508,33027,0.74450296
2258,54302,0.74448603
597,28685,0.744483
2064,49744,0.7444804
2073,27021,0.74447906
1138,50958,0.7444377
305,4693,0.74443644
995,51743,0.74442613
511,16666,0.7444167
982,18973,0.7444105
428,44245,0.7444085
777,11382,0.74440813
1132,10179,0.74439245
289,35230,0.74438345
2394,58241,0.7443792
173,31393,0.7443768
1248,7509,0.74437594
2391,19775,0.7443743
522,33681,0.7443454
2248,55492,0.74433744
2284,41655,0.74433553
1761,20341,0.7443325
682,10256,0.7443304
2450,14963,0.74432564
1247,57138,0.74431765
1761,24826,0.74429935
126,30705,0.7442851
392,50877,0.7442767
1471,57632,0.7442668
780,29405,0.74425304
2345,1869,0.7442498
1156,14067,0.744241
5,43933,0.7442273
1986,51552,0.744225
603,42599,0.7442188
1374,18299,0.7442102
1190,28636,0.74420446
437,10805,0.74419916
2563,24648,0.7441858
1250,16601,0.7441688
1365,42170,0.7441662
613,37005,0.7441652
2026,25277,0.7441428
837,44494,0.7441114
2105,31815,0.7441084
909,58432,0.74410534
2556,45795,0.7441007
512,10805,0.7440789
1766,46319,0.7440772
1971,7117,0.7440753
1725,21635,0.74407506
538,41290,0.7440721
465,28669,0.74407184
1896,49977,0.7440539
2182,52843,0.7440506
2348,27564,0.7440322
89,5877,0.7440088
1627,56190,0.74400246
757,16948,0.7439999
1652,39474,0.74399763
635,13336,0.7439953
1362,44376,0.74398255
785,57528,0.7439767
553,44600,0.743959
839,41450,0.74395895
245,55886,0.7439574
1583,44151,0.7439445
1445,28613,0.7439429
404,63386,0.7439369
1272,4158,0.7439352
910,25655,0.7439326
877,31393,0.74392843
157,33912,0.74392277
1906,18773,0.7439164
1693,54474,0.74391
1248,29504,0.7439065
963,7886,0.7439033
588,40316,0.74389553
956,3779,0.74388266
813,43431,0.743876
860,22973,0.7438581
2209,38173,0.7438108
1233,38355,0.74379635
1800,50416,0.7437748
1970,58498,0.74377346
956,825,0.7437707
1349,7564,0.74376285
2358,20719,0.74374783
416,47516,0.74374247
1826,61925,0.74372745
1189,7476,0.7437229
356,18229,0.7437179
2254,15699,0.7437119
2453,55351,0.7437075
89,48634,0.7436977
1764,14162,0.7436737
776,14952,0.74366117
763,17479,0.7436539
1522,33970,0.7436481
597,62614,0.74363685
998,32313,0.7436328
1547,47772,0.743625
1111,1506,0.7436191
779,29566,0.7436102
522,48141,0.7436005
123,6124,0.7435758
1189,32111,0.7435646
693,57630,0.74355894
2346,20204,0.74354696
1575,57661,0.7435363
465,23632,0.74353325
2346,41405,0.7435326
927,54636,0.7435322
1721,62065,0.7435163
2273,28648,0.7435155
1583,14535,0.7435144
2292,41695,0.7435056
1373,56281,0.7434891
28,19485,0.743469
2170,31456,0.7434611
794,63336,0.7434467
2226,18910,0.7434394
2180,33724,0.74342823
1601,54929,0.7434257
672,8432,0.7434223
2402,42336,0.74341637
693,52572,0.74341214
2284,44519,0.7434117
1761,34941,0.7433908
839,22998,0.74339044
976,29677,0.74337596
1652,19840,0.74337274
1601,4825,0.74337274
1992,50005,0.7433629
844,36567,0.7433574
796,50416,0.743356
1566,19237,0.7433553
1636,57721,0.74335456
1678,52763,0.74334574
2179,12319,0.7433265
541,47516,0.74331844
1253,30368,0.74331367
2118,3179,0.7433032
1168,60418,0.74329734
2073,59850,0.74329454
416,62662,0.7432785
2021,7510,0.7432703
2495,58478,0.7432692
837,31754,0.7432357
1159,12140,0.7432257
1011,28323,0.7432149
407,49923,0.74321324
2182,63382,0.7432107
1891,35435,0.74320936
1271,40866,0.74320287
1831,20341,0.74319243
54,57749,0.7431786
1544,20876,0.743157
192,2809,0.74313724
1669,23948,0.7431337
2484,53862,0.7431271
635,27456,0.7431165
1578,5551,0.7431129
1150,60455,0.74310935
2446,44600,0.74309057
1646,9299,0.74308807
833,10984,0.74308354
1074,30705,0.7430796
1255,35718,0.74307764
1057,42170,0.7430602
2406,5903,0.7430396
780,30776,0.74301755
1233,2832,0.74301153
197,9790,0.74300194
1520,61220,0.74299836
167,1001,0.7429953
238,47949,0.7429899
1594,40283,0.7429812
546,45318,0.7429794
1002,16724,0.7429793
931,56526,0.7429713
2350,55481,0.74294126
1193,4146,0.74293804
197,61847,0.74293435
1992,7363,0.7429155
635,38294,0.74291223
1594,31545,0.742893
2508,63588,0.74288964
1149,23791,0.7428838
629,60210,0.7428795
1477,40024,0.7428554
1575,16646,0.74285376
864,29964,0.7428249
216,56176,0.74282134
65,46364,0.7428211
1272,48837,0.74281025
1254,25127,0.7428048
2170,46661,0.74280417
1712,34018,0.74278057
976,52741,0.74277383
2009,52794,0.7427558
1837,20341,0.7427546
20,60063,0.74274147
1837,52946,0.74273866
2580,30120,0.7427378
99,38046,0.74273074
2009,53363,0.7427273
1266,25627,0.74271965
909,58414,0.7427193
852,35082,0.74271786
1761,28669,0.7427148
430,32907,0.74270254
1370,6250,0.74270105
721,45795,0.7426978
1714,50958,0.7426971
2071,4298,0.7426882
369,32362,0.74268126
1074,54277,0.7426808
858,60606,0.7426802
2539,35914,0.74267614
909,37102,0.74267465
1777,13814,0.7426666
1739,60124,0.742665
1789,29469,0.7426573
1193,63294,0.74265695
1691,34498,0.742651
858,34181,0.742649
2220,5087,0.74264157
2473,17730,0.74260396
494,62272,0.74260324
2434,59692,0.7425927
2590,20719,0.7425865
2359,38473,0.74256206
995,56076,0.74255764
2440,51994,0.74253464
463,36401,0.7425078
852,39550,0.7424975
160,58713,0.7424959
1149,14805,0.7424953
2348,10617,0.7424952
1300,44680,0.74248195
1379,23390,0.7424791
2424,13705,0.7424605
847,3705,0.74245846
553,56743,0.7424435
1171,56204,0.7424402
1586,16714,0.74243796
2480,55964,0.74240506
2370,16218,0.7423806
1193,63017,0.7423667
552,27619,0.7423657
1932,60251,0.7423636
1035,28743,0.74235773
2096,18910,0.7423413
1141,27054,0.7423068
856,1933,0.7422997
2539,11250,0.742295
999,56875,0.7422888
2182,60630,0.7422666
537,61858,0.74226594
1340,28616,0.74226546
1761,34427,0.7422498
1636,18068,0.74224734
2580,56771,0.742236
1233,42478,0.74223363
1138,7677,0.7422327
1434,45767,0.7422253
541,48254,0.7422122
2245,6044,0.74220276
1718,28620,0.7421938
2059,41954,0.7421907
2063,6440,0.7421769
2334,39167,0.7421626
1374,44986,0.74214906
1482,50720,0.7421443
302,29360,0.742139
1657,18794,0.74212426
1629,55033,0.7421217
343,40703,0.7420728
1349,18264,0.74205804
1190,54952,0.742046
2071,21883,0.7420312
1243,26047,0.7420181
2411,23465,0.74199957
2543,42063,0.7419954
433,14310,0.74199414
2314,17225,0.74198747
957,50617,0.74196887
585,49574,0.74195623
1688,60308,0.7419524
1578,6283,0.7419435
1428,8517,0.7419423
902,32012,0.74193716
639,37291,0.741909
281,5087,0.74188805
54,33807,0.7418857
150,44768,0.74188495
2105,31981,0.741876
1361,11975,0.74187404
1594,16748,0.74187195
305,1845,0.7418632
755,33807,0.74185663
243,22803,0.74185514
1697,40907,0.7418448
1526,57284,0.74183726
1475,54631,0.74183
1753,61027,0.74182236
541,23224,0.74180484
2346,8820,0.7418031
1405,38688,0.7418008
1033,56201,0.7417909
847,57581,0.7417769
1538,53772,0.7417605
123,55473,0.7417467
2548,46364,0.7417437
656,6317,0.74173754
1714,62603,0.7417355
1971,1440,0.7417319
597,29566,0.74170756
1513,31442,0.7416855
1155,17316,0.7416803
1628,6819,0.74168026
908,20341,0.741677
2543,16285,0.7416591
1583,13318,0.74165684
2402,49039,0.7416405
2359,59763,0.7416217
1651,45980,0.7416206
1871,28733,0.7416185
2323,43811,0.741612
517,40484,0.7416111
2113,63171,0.7416094
1766,59187,0.741593
85,32309,0.7415925
2438,34137,0.74157655
369,26445,0.7415763
1138,2113,0.74156517
22,23818,0.7415616
794,28447,0.74155456
2314,41112,0.7415487
260,4575,0.74154747
1600,43264,0.7415421
852,18281,0.74152076
1437,41403,0.74150914
2270,31130,0.74150854
1513,40907,0.741508
1526,63369,0.7415068
2083,51500,0.74149764
125,27463,0.7414862
778,38338,0.741486
1241,41249,0.74147713
1236,54474,0.74147666
1619,42283,0.7414764
2284,19343,0.7414761
2245,17744,0.7414653
1601,2832,0.7414645
1692,46563,0.7414632
651,35435,0.7414558
1911,52948,0.7414464
1445,37548,0.7414241
2152,27830,0.74141777
1949,41055,0.741417
1302,26575,0.74140793
1530,26759,0.7413955
902,63089,0.74137986
1652,7564,0.7413739
1713,15341,0.7413713
1569,60918,0.741359
743,14213,0.74135506
1197,26914,0.7413455
1837,16499,0.7413218
538,30406,0.74131453
717,8031,0.74131143
780,29640,0.7413051
1785,46640,0.7412871
1482,57211,0.7412644
768,34920,0.7412545
1471,55034,0.7412525
50,40422,0.7412462
630,49658,0.74124044
57,18327,0.74123895
234,5087,0.7412351
833,27329,0.74122137
494,53022,0.7412135
2312,26088,0.7412051
2108,9016,0.7411929
1971,34787,0.74117297
796,12109,0.7411715
903,35581,0.7411679
1310,42139,0.74116457
54,61145,0.74115014
1867,12452,0.74113667
1250,50540,0.74112654
796,5087,0.74112296
2523,40223,0.74109113
1272,60124,0.7410878
1848,24705,0.74108064
1250,29920,0.74104923
2381,17772,0.74104065
1970,60577,0.74103665
496,47759,0.74101686
428,8129,0.74101466
1134,17384,0.7410077
1143,15253,0.7410059
2414,45306,0.74098814
2446,56743,0.7409869
1911,57461,0.7409589
974,43577,0.74095273
2071,18765,0.7409526
955,55342,0.7409481
1544,3716,0.7409406
426,41055,0.7409358
1871,63119,0.74093163
1923,53024,0.7409185
917,45463,0.7409059
976,47682,0.74090457
370,8561,0.7408931
809,35230,0.74089193
613,40316,0.7408775
426,61006,0.740874
2428,62834,0.7408723
537,17832,0.7408648
132,28305,0.7408587
1489,18238,0.74085414
1896,2444,0.7408349
1141,43907,0.7408221
385,12158,0.74082136
1594,42678,0.7408175
1628,40223,0.74081707
1747,55342,0.74081415
506,38115,0.74079156
1160,25095,0.7407864
1639,30833,0.7407825
2226,61103,0.7407733
2394,29138,0.7407672
602,15024,0.74075186
1694,61749,0.74074745
191,53543,0.74074626
2531,36967,0.74073327
1688,45006,0.7407323
1327,38045,0.74072933
2129,9606,0.7407185
2539,10179,0.7407146
1721,22512,0.7407042
952,38406,0.7406924
1182,18567,0.7406874
1516,31257,0.74061424
1616,25395,0.74061084
1049,40686,0.7405894
500,47455,0.7405864
1477,17197,0.7405746
555,27456,0.7405647
1096,14952,0.7405618
1475,46092,0.7405598
597,38115,0.74055743
1098,47463,0.74054986
440,55421,0.74052644
2327,55492,0.7405227
690,23572,0.74052036
2536,47981,0.74051803
796,13025,0.7405125
1574,11173,0.7404859
1384,8670,0.7404845
2063,30268,0.7404835
1138,39901,0.7404413
227,21475,0.74043953
281,15339,0.74041706
1362,33580,0.74040884
468,5651,0.7404073
1329,45452,0.7404071
998,36185,0.74040306
166,48623,0.7403975
1721,32953,0.7403902
1428,62882,0.74037975
1272,57996,0.7403759
978,57444,0.74036735
537,15657,0.74035764
439,49658,0.74035
426,55705,0.7403419
1459,16762,0.74030197
987,22340,0.7402992
1780,32237,0.7402973
2021,28547,0.7402966
1229,11268,0.7402737
2284,29504,0.74026465
597,37532,0.7402506
852,40024,0.7402357
394,18854,0.74022007
1516,40174,0.7402137
1720,20876,0.74020904
126,46196,0.74019504
147,10343,0.7401944
1628,18841,0.7401837
378,37526,0.7401825
2508,35750,0.7401748
1533,11515,0.7401725
1445,29473,0.7401724
1033,52075,0.7401552
1004,19158,0.7401444
755,20547,0.7401411
2118,23947,0.7401305
1551,55477,0.74012905
1296,13741,0.74010086
1384,53867,0.7400977
979,34586,0.7400476
954,27822,0.7400416
2440,46437,0.74003106
2346,33023,0.7400286
1204,42334,0.7400284
1111,6044,0.7400275
1897,62901,0.74001795
347,63803,0.73999435
378,13121,0.73999417
1691,32392,0.739992
1349,28460,0.7399819
2109,38005,0.7399715
50,13660,0.73996323
1688,44984,0.7399545
2170,47981,0.7399517
1129,5837,0.73994607
2363,37817,0.7399374
2268,34823,0.73993504
873,31355,0.7399153
1700,23572,0.7399148
1616,54210,0.73987234
2341,21340,0.73985225
902,24667,0.7398288
1923,40907,0.73982704
1864,3253,0.7398225
1955,3253,0.7398225
1935,3253,0.7398225
402,3872,0.7398119
2345,54566,0.7398056
2109,36711,0.73980516
2098,40965,0.73980516
2614,32260,0.7397843
1074,35874,0.7397624
2077,35144,0.739735
617,9979,0.7397345
820,12572,0.73972404
877,53611,0.7397228
603,9164,0.7397188
1262,11204,0.7397101
1255,36457,0.73968184
2543,54856,0.73967195
1992,44758,0.73966616
1777,18318,0.73966175
2453,58239,0.7396546
987,11740,0.7396508
1530,22911,0.73964643
57,49928,0.7396382
2329,55481,0.7396194
1115,35609,0.73961544
1430,10007,0.7396096
73,43011,0.739601
2596,48134,0.73958564
300,55382,0.7395777
1538,51994,0.73956823
1137,54854,0.7395611
1048,53278,0.73954517
541,56496,0.7395352
87,21463,0.739534
1882,2845,0.7395319
235,26019,0.73952526
1464,53927,0.7395218
1574,39297,0.73952055
954,19950,0.7395191
1383,52647,0.73951614
402,45267,0.7395131
2105,62397,0.7395109
2180,16337,0.7395011
2348,32091,0.7394998
1369,37039,0.73948777
434,59998,0.73947537
150,62076,0.7394748
1550,50112,0.7394634
157,9880,0.7394557
7,38352,0.7394461
2413,35543,0.7394416
780,34346,0.7394383
1854,54303,0.73943424
1713,6677,0.73941994
297,17166,0.73940927
1026,55320,0.73940873
314,7556,0.7394043
1477,43912,0.73937345
2349,38406,0.7393731
271,50142,0.7393705
1594,38444,0.73936963
2424,34166,0.7393681
1337,62311,0.7393676
1363,5017,0.73935723
1608,20418,0.7393435
1179,62614,0.73933274
1392,60210,0.7393296
987,50245,0.73931545
156,28758,0.7393103
1712,8129,0.739305
1938,20498,0.73929167
1339,34181,0.7392877
439,36209,0.73928297
1520,39677,0.73927045
1925,59558,0.7392533
1204,25703,0.73925185
2011,977,0.73924863
1971,30120,0.7392467
833,13533,0.7392466
1594,33392,0.73924065
439,1111,0.7392403
2170,32917,0.739234
1493,34166,0.7392261
1653,19587,0.7392229
261,37608,0.73922026
2344,13981,0.7392155
1125,7806,0.73920774
974,49928,0.73920465
1365,27463,0.7391852
1335,13096,0.7391823
93,23547,0.73917526
1056,35609,0.73916125
426,55313,0.7391571
1473,44519,0.73914075
28,62664,0.73913753
1193,61686,0.7391342
1971,17041,0.73912966
301,22454,0.73912036
1088,32758,0.73911726
917,26047,0.7391131
9,29825,0.7391088
1639,36030,0.7390981
1428,13649,0.7390917
1249,30308,0.73908913
1160,60985,0.739089
164,45634,0.73907423
643,41362,0.73907244
880,61266,0.73906565
1111,36689,0.73906195
1477,2754,0.7390587
633,39988,0.73904943
1329,17171,0.739038
328,23243,0.7390296
38,53496,0.73902917
1619,62474,0.739027
1888,3205,0.7390202
1530,38058,0.73900867
1516,49066,0.73899525
1295,61128,0.73899215
2323,44385,0.7389881
1378,45113,0.7389872
995,5315,0.738986
2352,46144,0.7389788
2395,55673,0.7389509
2354,34435,0.7389457
1593,26181,0.738931
2497,49620,0.73892933
2284,44986,0.73892176
875,5088,0.7389134
956,44869,0.7389089
912,29840,0.7388991
1233,43952,0.73889333
2098,23036,0.738893
2170,50961,0.7388868
300,30056,0.73888534
144,62277,0.7388836
956,23109,0.73888063
875,44593,0.7388793
2019,56587,0.7388757
1777,20876,0.73884976
85,26315,0.73884827
439,24364,0.7388391
237,5579,0.7388292
2349,15341,0.7388188
191,21924,0.73881257
1061,19281,0.73880935
807,30048,0.73880154
1076,31220,0.73879933
2447,22857,0.7387943
1516,52022,0.73879087
300,15810,0.7387893
2473,22803,0.7387867
1241,58414,0.7387823
1383,37872,0.73877853
106,24165,0.7387744
633,17510,0.7387743
1594,36995,0.7387569
778,13037,0.738747
1756,56125,0.7387393
633,18657,0.73872733
79,16779,0.738714
1572,61220,0.7387047
2284,47720,0.7387022
2071,17397,0.73870146
2348,46354,0.7386937
1024,42511,0.73868906
976,39878,0.73867285
1441,56808,0.7386718
1340,17566,0.73866963
737,54689,0.7386685
1143,56176,0.7386598
792,50298,0.7386598
2098,56270,0.73865557
1072,49137,0.7386389
633,15307,0.73861945
237,57559,0.73861045
2447,34498,0.738597
796,19262,0.73858845
592,19205,0.73856205
362,52948,0.7385565
1727,18003,0.7385528
1578,56436,0.7385505
757,17510,0.7385441
2267,37076,0.7385385
1593,53286,0.7385352
1339,2308,0.7385342
1111,50757,0.7385311
809,57047,0.73852026
1574,54854,0.7385092
9,5877,0.7385012
431,60840,0.7384989
1280,25974,0.7384908
1253,25781,0.7384614
2563,41474,0.73846054
2345,19226,0.73845136
772,58965,0.73844343
693,13722,0.7384392
1182,42453,0.7384323
1726,33750,0.7384095
1339,51866,0.73840874
2428,40907,0.7384082
2525,4493,0.7384061
524,38157,0.7383994
143,24185,0.73839617
555,4527,0.73838687
1115,53969,0.73838586
1254,17316,0.7383721
1639,48461,0.7383613
1033,43220,0.7383572
1363,55595,0.73835355
1723,9400,0.73834896
1250,52075,0.738333
833,20743,0.7382972
714,12142,0.7382954
157,53111,0.7382896
2118,17566,0.73828447
1688,17810,0.7382728
2580,38046,0.7382703
1274,33807,0.7382495
1531,45247,0.7382475
2113,21883,0.7382424
1254,29840,0.73822945
1469,42534,0.7382157
99,60946,0.7382125
899,23251,0.7382088
1608,23585,0.73820007
1088,11223,0.7381997
824,18854,0.738196
433,54640,0.73818743
2543,57277,0.7381605
1547,44402,0.7381547
855,56587,0.73814905
192,57528,0.7381446
847,28322,0.7381385
1987,2914,0.73812497
790,64238,0.73811185
907,15339,0.7381109
424,34331,0.7381028
2078,3367,0.7380948
901,9139,0.73808354
955,4755,0.738083
370,59840,0.73807836
2543,38688,0.73807377
912,21488,0.7380705
855,56247,0.73806465
2360,21488,0.7380562
1407,8215,0.7380544
574,35718,0.7380511
1294,13622,0.73804307
1430,13741,0.7380395
792,61145,0.7380385
1189,35097,0.73803604
1593,39694,0.73803586
2058,55730,0.73803556
378,51336,0.7380302
328,4298,0.7380259
1547,41656,0.7380233
1547,3244,0.7380223
106,43630,0.73802125
1761,3152,0.73801774
1373,483,0.7380131
912,63011,0.73799825
160,47348,0.7379915
77,19485,0.73798823
1374,60682,0.7379622
983,7363,0.7379594
1248,8056,0.7379577
780,57384,0.7379565
1115,19488,0.7379535
1693,56270,0.7379509
2108,33208,0.73794746
2316,30234,0.73794043
907,40231,0.73793685
201,36232,0.73793554
463,18910,0.73793495
1192,38251,0.73792416
1839,61191,0.73792344
1364,15201,0.73791647
28,21341,0.73790026
506,23499,0.7378878
439,17701,0.7378627
1800,7564,0.73785955
1004,23262,0.7378594
1944,46634,0.73784995
347,33661,0.737834
2501,42976,0.7378334
1091,38935,0.73783207
2406,12684,0.73782957
2007,63550,0.7378187
493,42389,0.73780787
2108,55857,0.7377944
2325,35351,0.7377937
1867,8771,0.7377933
2019,45009,0.7377897
522,31823,0.7377862
2414,7529,0.7377848
1374,40223,0.7377781
774,41598,0.7377734
1548,58687,0.7377537
908,7117,0.7377471
1098,29566,0.7377466
807,13295,0.73774076
1048,59029,0.73773855
1700,19062,0.7377211
369,24966,0.7377155
1112,12503,0.73770964
1693,32963,0.7377067
982,53772,0.7376847
1654,30190,0.73767495
979,24966,0.73767495
157,9807,0.7376673
597,4997,0.7376667
912,45165,0.7376648
1366,62412,0.7376534
976,35571,0.7376493
253,10586,0.7376465
1688,3888,0.7376429
1761,48928,0.7376379
438,3973,0.73763657
1143,25454,0.7376336
1885,16040,0.7376322
427,57499,0.7376321
1747,34812,0.73762476
833,5730,0.73760116
560,15861,0.7375926
1596,62412,0.7375791
2096,23036,0.73757386
1365,32680,0.73756325
2529,16538,0.7375505
2482,33580,0.73754716
2314,60710,0.7375401
860,37687,0.73753977
438,6239,0.73750395
2226,48824,0.7374939
1549,10256,0.737484
901,3716,0.73748136
1248,46289,0.7374764
2078,14737,0.7374687
379,34181,0.73746455
1944,39381,0.737461
762,62412,0.7374531
546,37074,0.73744667
1859,45844,0.7374345
1434,5332,0.7374219
30,1676,0.73738855
426,48928,0.73737377
1928,58812,0.73736954
1704,41110,0.73736894
2059,37894,0.73734534
143,54103,0.73733824
2497,59907,0.7373352
463,59375,0.73733485
283,57499,0.737318
639,50961,0.7373129
1586,44066,0.7373072
1739,53775,0.7372905
1235,53357,0.73727846
1709,58579,0.7372664
585,21868,0.7372655
394,26258,0.73724806
796,12443,0.7372436
1154,19775,0.73723996
160,39497,0.73723817
737,41655,0.7372372
162,11382,0.73723274
955,1181,0.7372302
180,31322,0.73721826
648,57047,0.7372153
1321,39706,0.73719776
1293,5702,0.73719597
968,5130,0.7371839
647,62452,0.7371794
2044,7560,0.73717713
1450,51719,0.73716474
1014,29255,0.73714226
1627,30368,0.7371266
824,27110,0.7371247
1157,35609,0.7371175
407,60630,0.73711085
2230,36092,0.7371048
1049,3341,0.73710316
796,7525,0.7370952
2529,56270,0.7370836
1259,4305,0.7370795
1574,14589,0.7370615
223,38863,0.73706096
439,56967,0.7370595
2424,36667,0.73704743
1764,17744,0.73704505
1726,52662,0.7370442
983,8825,0.7370427
1493,61117,0.73703635
2334,51356,0.73701626
1777,47087,0.73699117
1236,43586,0.73696864
2394,18533,0.73695457
389,22216,0.73695123
1536,26914,0.73694503
1158,45844,0.73692054
1405,34812,0.73690856
22,4693,0.73687613
780,48725,0.73687375
603,483,0.73686945
1864,4589,0.7368604
1935,4589,0.7368604
1955,4589,0.7368604
2394,24423,0.7368394
1970,57588,0.7368198
2590,14605,0.73679805
1002,53543,0.7367971
2073,29821,0.736786
391,32999,0.7367618
974,36209,0.7367501
1593,6286,0.7367461
2406,46289,0.736737
1657,27202,0.7367299
1733,5296,0.7367271
370,3887,0.73672205
2260,50687,0.73671913
1416,22001,0.73669505
2460,4323,0.7366823
1709,37268,0.73668075
143,46364,0.7366801
555,4334,0.73667425
1031,29255,0.7366648
1800,41920,0.7366552
1885,8112,0.7366541
901,7420,0.7366485
541,10708,0.7366384
2556,34439,0.7366365
2101,6070,0.7366314
863,46369,0.73660445
2242,11614,0.73660076
982,16892,0.7365854
1812,62664,0.73658425
646,14619,0.73658216
1464,44367,0.7365676
2523,46435,0.7365586
1180,47315,0.736555
2142,7720,0.73654866
1208,12395,0.73654246
1262,28093,0.7365366
983,56172,0.736531
2438,46872,0.73652136
395,45010,0.7365185
2394,3876,0.73651594
1800,42029,0.7365028
2269,36191,0.7365027
833,7525,0.7365005
493,55034,0.73648936
2400,8023,0.73647285
790,12466,0.7364696
1445,34427,0.73646396
2007,44385,0.7364552
701,5651,0.7364356
428,40332,0.73642695
976,33156,0.7364224
1121,33222,0.736417
1741,314,0.7364038
1141,44385,0.736375
1155,40576,0.7363633
1291,5574,0.73635805
31,21298,0.73633325
1360,63350,0.73632234
113,23604,0.73632085
1104,19441,0.73630416
2260,43738,0.73630065
2595,35130,0.73629975
2312,57454,0.7362984
2350,20914,0.7362869
1522,41396,0.736286
608,45959,0.73627955
2508,2180,0.7362746
1652,21904,0.73623884
951,42603,0.7362345
1749,20300,0.7362323
1747,5651,0.7362158
2460,8627,0.7362071
1992,39009,0.73619723
2444,32994,0.7361969
949,1530,0.7361831
643,8576,0.73615795
757,61042,0.7361577
434,18910,0.7361406
903,14619,0.7361388
1803,7386,0.73612213
2501,22216,0.7361216
253,42537,0.7361196
1150,6742,0.7361177
1550,22030,0.7361172
1383,59029,0.7361114
2101,43811,0.73610735
903,39092,0.73610413
2073,37954,0.7360979
1694,27738,0.73609483
1683,41689,0.73608387
949,41362,0.73608327
907,59951,0.73606837
1289,46299,0.73605824
2277,63336,0.7360571
28,20480,0.7360532
2440,4967,0.73605096
2011,23072,0.73604405
426,5087,0.7360165
2098,54474,0.7360102
901,18841,0.7359783
2447,17566,0.7359666
141,64072,0.7359611
1180,20602,0.73595524
2447,56743,0.7359532
2450,34181,0.73592454
738,27830,0.7359231
1471,1111,0.73591226
1861,50935,0.7359117
1007,23250,0.73590165
1348,22803,0.7358913
1111,54277,0.735863
123,17062,0.7358421
1959,39106,0.73583394
77,6677,0.7358322
2098,58557,0.7358107
508,7206,0.73581004
827,14364,0.7358029
807,22433,0.7357942
1591,14642,0.7357869
2009,24524,0.73578155
2360,27110,0.7357706
817,37268,0.7357539
1648,23894,0.7357466
370,34498,0.73573923
2539,6154,0.7357337
2021,41755,0.7357316
1115,14371,0.7357306
1160,41966,0.73572874
268,54103,0.73572594
2259,28019,0.73571515
67,24289,0.7357116
2573,55705,0.7357062
1517,7525,0.73567224
125,16218,0.7356602
541,47311,0.735658
768,58239,0.73565763
97,17165,0.735643
547,21565,0.7356327
1832,13741,0.73562706
259,37628,0.7356238
1255,33277,0.7356197
233,9202,0.7356196
1189,44245,0.7356166
774,51692,0.7356072
2360,48416,0.7356067
2526,16736,0.7356039
439,56694,0.7355895
1615,31418,0.73558867
753,25614,0.7355859
2446,22857,0.7355788
954,14556,0.7355573
1154,57721,0.7355572
538,47521,0.73552454
718,41345,0.7355196
778,19840,0.7355163
630,37180,0.735513
2297,1307,0.7355048
1700,13508,0.7354993
1616,17076,0.7354956
2473,36331,0.7354906
362,57461,0.735481
1704,40152,0.7354804
144,46096,0.7354751
860,37752,0.73545176
1098,36999,0.73544306
949,58040,0.73543704
1574,61422,0.7354275
1445,6124,0.73542166
1700,17987,0.73541915
2477,6792,0.73541224
794,61717,0.73540807
1965,26964,0.7354052
755,35045,0.7354052
1373,30056,0.73539865
2450,56743,0.7353724
125,39290,0.73536366
1747,19081,0.73532254
216,48725,0.73531574
439,48141,0.73530376
1180,63399,0.7352958
980,49814,0.73529285
1899,1845,0.7352905
762,22798,0.7352743
1947,35435,0.73527086
737,61473,0.7352628
434,41974,0.73526204
1726,23468,0.7352612
630,5838,0.7352611
2363,45009,0.7352593
1246,46092,0.7352592
2467,53838,0.73525214
157,16881,0.73524714
1369,2195,0.73524165
1351,39550,0.73523253
833,37320,0.7352283
1368,32480,0.7352222
728,51609,0.73521745
1102,33308,0.73520774
2395,55395,0.7351967
1800,50245,0.7351906
1525,24116,0.7351891
2231,6948,0.7351884
493,56076,0.73518836
952,6295,0.73518616
867,54474,0.73516357
592,29255,0.73516154
1141,57384,0.73515105
2316,33023,0.73515
1628,15551,0.735144
167,34851,0.7351415
2410,60918,0.73512346
1940,33807,0.73511624
2473,31935,0.7351042
912,3246,0.7350986
2580,40223,0.7350929
1566,19872,0.73508906
557,27582,0.7350888
283,59206,0.7350786
1254,17976,0.7350737
1074,24289,0.73506665
1291,7195,0.73505634
227,20704,0.73504335
2129,45461,0.7350429
1098,2968,0.73504186
2044,20309,0.73503876
2097,14586,0.7350258
2098,57384,0.73501503
995,20341,0.73500174
394,55845,0.73499745
517,23578,0.73498404
1727,16644,0.73497915
1464,51090,0.73495775
1362,42283,0.7349453
2536,10597,0.73493266
2251,24171,0.7349297
620,39878,0.73492885
2345,7114,0.73492336
1805,4193,0.7349148
157,29405,0.73491174
2014,18318,0.7348999
949,43487,0.73489785
22,45980,0.73487544
629,40741,0.7348651
774,61391,0.73486507
2413,52075,0.7348601
283,52470,0.73485565
764,25371,0.7348406
1378,38215,0.7348398
1692,8031,0.73483634
755,47348,0.7348187
1187,59685,0.7348173
11,17487,0.7348112
1127,61042,0.73480314
2462,4305,0.73479795
944,43176,0.7347927
38,33580,0.73478496
1714,40718,0.7347779
2230,38280,0.7347676
2508,55684,0.7347052
1119,34536,0.73469865
1254,59363,0.73468953
2059,6000,0.73468864
673,19107,0.7346866
123,61650,0.7346736
1618,44367,0.7346718
2014,20147,0.7346559
1201,2186,0.7346415
2314,42537,0.73464125
2445,52075,0.73463994
863,56496,0.7346345
1119,57556,0.73463327
2141,48666,0.7346327
20,10812,0.7346318
1650,38087,0.73461103
1154,17487,0.7346093
1264,49946,0.7346078
1867,58495,0.7345924
2260,18794,0.73459005
863,28751,0.7345886
2434,59840,0.7345857
1289,31411,0.73457044
438,18176,0.73456955
1554,56075,0.73455906
912,6275,0.73454654
1104,39837,0.73454
912,17316,0.73453766
863,51976,0.73453647
2447,40422,0.7345358
1157,6844,0.7345317
1340,21192,0.7345314
892,13727,0.73449916
15,30046,0.7344723
407,12572,0.7344629
1636,51630,0.7344577
1289,23318,0.7344452
2561,27822,0.7344443
1970,2832,0.7344426
1675,4673,0.7344332
792,27289,0.734432
407,57556,0.7343956
1747,61931,0.7343933
557,12499,0.7343855
1583,24933,0.7343762
30,34732,0.7343682
407,6318,0.7343639
304,6187,0.7343475
1548,33661,0.7343351
1471,51762,0.7343344
1549,40870,0.73432124
1351,16714,0.73431486
976,52517,0.7343101
1800,23616,0.7343034
809,61145,0.734293
792,58907,0.7342915
2170,62213,0.7342894
909,53516,0.73427016
1725,42782,0.73425627
2440,59174,0.7342534
28,55774,0.73425186
2482,23262,0.7342441
123,7525,0.73423535
1657,29255,0.7342345
705,19405,0.73422897
253,44385,0.73422575
1428,35337,0.7342144
738,6489,0.7341745
1614,28891,0.73417425
1301,61156,0.7341541
2170,57284,0.73415077
2022,23708,0.7341365
2394,53098,0.7341145
1249,35435,0.73411095
132,61117,0.7341046
2165,29394,0.73409784
2530,41450,0.7340763
2021,31691,0.7340639
2113,59998,0.7340605
234,50278,0.7340495
1451,33305,0.7340455
1831,53977,0.7340398
1119,53424,0.7340388
2286,59433,0.73403406
197,29784,0.73403144
908,5017,0.7340306
1140,9807,0.7340268
2315,31280,0.73402214
2341,19781,0.73401654
815,41198,0.7340134
123,32384,0.7340096
2548,42848,0.73400706
160,53620,0.7339769
1619,31614,0.7339686
2228,56225,0.7339631
757,48190,0.73394746
630,17701,0.7339443
1030,12758,0.7339387
1384,38115,0.73393464
2267,35750,0.7339302
2231,43682,0.73391926
719,38561,0.733918
191,31393,0.7339147
522,17214,0.73391384
2359,40686,0.73391044
2571,36711,0.73390996
1125,19199,0.73389715
1464,39437,0.7338643
1965,38087,0.73385584
654,57086,0.73385084
143,38092,0.73384196
2287,34851,0.73383427
2059,44550,0.733822
2021,6706,0.7338212
428,40897,0.7338157
968,45452,0.73378587
1204,57444,0.73376226
1206,32152,0.73375857
38,28285,0.73375815
1608,43051,0.7337287
1657,43952,0.73370546
737,15730,0.73369426
1289,18657,0.7336871
1276,53615,0.73366535
952,26914,0.73365283
177,47759,0.73364055
2136,59925,0.73364025
2021,26439,0.73362124
38,48726,0.73361427
2563,52741,0.73361087
1965,47824,0.7335919
93,22635,0.73359156
1189,60477,0.73358715
2548,20874,0.73357105
2009,56053,0.7335646
2113,34343,0.73355126
1356,9716,0.7335376
1482,30056,0.7335304
1800,19262,0.73353004
2334,21351,0.7335289
281,8129,0.73351216
1206,40576,0.7335121
1036,48837,0.7335099
1121,52574,0.73350847
1141,29405,0.73350686
1074,39695,0.7334963
936,59499,0.73349094
1554,18266,0.7334889
395,61948,0.73348445
1197,6295,0.7334758
936,10797,0.73347336
1049,16374,0.7334685
980,33693,0.73345876
1753,47552,0.7334528
776,49774,0.73344177
463,28876,0.73341966
1992,8825,0.73341894
1074,22840,0.73341703
201,13678,0.73341167
860,593,0.73340976
1236,50993,0.7334097
2503,8334,0.73339045
362,31743,0.73338294
404,30126,0.7333795
2269,8516,0.73336345
345,42490,0.73336
603,45269,0.73335636
1593,4693,0.733354
1547,41474,0.73335266
132,23616,0.73335195
785,51641,0.7333504
1121,49072,0.7333468
757,23318,0.7333413
2002,50696,0.7333363
597,2968,0.7333321
409,32237,0.73331976
1127,63622,0.73331964
912,2187,0.7333129
1756,59825,0.7333101
843,41544,0.73330426
1650,30828,0.7333015
1360,17043,0.7333006
1088,58497,0.7332926
2329,48676,0.733284
2482,56662,0.7332581
2556,10990,0.7332474
860,52470,0.73323923
2460,19377,0.7332366
1627,62272,0.73322093
2059,58227,0.73321337
2523,41263,0.7332133
2508,13064,0.73320335
2477,33696,0.73319495
524,8829,0.73319304
65,16819,0.7331847
1530,39363,0.7331791
1725,61335,0.73317385
2273,35825,0.73315024
2497,58497,0.7331475
1321,62882,0.733143
1533,52277,0.73314214
1493,60316,0.7331382
431,23695,0.73313725
157,2563,0.73313606
2471,19799,0.7331111
272,19950,0.7331099
555,28051,0.7330249
2525,44980,0.7330022
1938,4370,0.732982
1608,33213,0.73296666
1929,12273,0.7329401
223,2180,0.7329252
873,35750,0.7329122
875,54854,0.7329114
1564,26178,0.7329088
1618,54424,0.73290443
466,26258,0.7328817
1482,34833,0.7328669
2404,57721,0.7328661
1004,26389,0.7328565
1301,32534,0.73285216
197,20236,0.7328416
1155,21488,0.7328384
2394,42998,0.7328332
1362,46940,0.73283017
959,43060,0.7328201
1329,43625,0.7328112
1619,44376,0.73280543
2397,14371,0.7328038
1959,43419,0.7328012
762,11268,0.7327939
1831,14162,0.7327763
2360,44674,0.73277026
2508,52385,0.73276246
1756,58895,0.73275626
283,51976,0.7327477
1831,49374,0.73274404
1211,25429,0.7327371
1831,60637,0.73273635
815,22803,0.73273635
1364,14259,0.7327239
463,23036,0.73272175
166,63989,0.7327161
15,14981,0.73270226
575,63465,0.7326866
1384,53010,0.7326517
1005,62901,0.73265123
495,33308,0.73264956
2473,16601,0.7326456
1389,40703,0.7326393
1301,23825,0.73263824
762,52022,0.7326255
690,19062,0.7326108
954,422,0.73260725
2220,45304,0.7326057
998,51571,0.7326046
774,10059,0.7326
1713,11111,0.7325814
1777,61690,0.73258066
902,60192,0.7325764
2325,19485,0.73254496
132,41689,0.73254204
512,47993,0.73252344
362,53327,0.7325042
1369,30002,0.73248786
1666,52746,0.73246664
2096,48824,0.73245955
431,47772,0.732446
268,21003,0.7324401
2573,14321,0.7324385
2098,12036,0.73241174
768,43912,0.7323961
2409,35648,0.7323919
1850,33353,0.7323792
774,5103,0.7323778
1764,841,0.7323643
938,55465,0.7323581
1510,14999,0.7323562
394,27110,0.7323519
785,3542,0.7323429
1329,34209,0.7323403
843,13962,0.7323141
2323,45980,0.73230076
785,21047,0.7323007
466,12755,0.7323006
693,6706,0.73229015
302,47385,0.7322744
1800,21341,0.73227024
2118,34181,0.7322628
794,8056,0.7322625
216,26181,0.73224044
2411,27688,0.73224044
1628,56771,0.7322383
2447,33268,0.7322339
654,61191,0.73223054
438,13063,0.7322284
1150,35230,0.73221755
1329,25386,0.7321952
1204,20056,0.7321917
2314,33580,0.73214346
2240,4796,0.7321208
785,53983,0.7321119
1657,16624,0.7321068
1911,53327,0.7320998
1141,23262,0.7320871
740,61858,0.7320852
434,20363,0.7320792
693,24288,0.7320765
845,35130,0.7320731
281,12097,0.73207283
671,13814,0.7320659
903,19732,0.7320109
506,44984,0.73200524
328,23036,0.7319995
1329,32994,0.7319863
1542,61220,0.73197174
1407,19237,0.7319485
2482,4066,0.7319473
1289,4158,0.7319434
671,13678,0.7319294
790,24847,0.73191744
1516,41396,0.7319174
2142,29295,0.73190176
1563,6318,0.73189604
2529,56526,0.7318945
1564,11166,0.73188174
304,56808,0.73187184
907,63016,0.7318604
2503,47440,0.7318468
1524,11839,0.7318425
1897,46732,0.7318319
1141,46661,0.7318206
918,53302,0.7318177
1127,16948,0.731816
2344,22382,0.731813
494,63386,0.7318118
901,52628,0.7317809
942,26633,0.73177016
80,14365,0.731768
1168,16819,0.7317573
1963,11156,0.7317339
1803,12889,0.73173285
64,38173,0.7317164
1549,12112,0.73171246
1756,50584,0.73167074
901,62580,0.73167014
1490,49249,0.7316562
1168,28437,0.7316539
912,12890,0.7316503
671,3716,0.7316389
1141,17062,0.7316385
1564,14528,0.731632
1335,62580,0.73162365
1351,4443,0.7316234
643,32152,0.7316141
1430,51621,0.73159534
671,9709,0.7315917
435,12017,0.73158747
1538,59680,0.73158586
982,56436,0.7315831
2209,2762,0.73155415
160,22251,0.7315513
2523,60946,0.73155046
116,31053,0.7315287
1493,57136,0.7315261
2054,27456,0.73152196
1725,52741,0.73151505
776,6148,0.73150074
2024,21003,0.7314967
2020,27273,0.7314958
1619,20418,0.7314451
1810,6677,0.73143286
768,35609,0.7314205
466,58784,0.7314066
2230,11549,0.73140115
1048,34940,0.7313776
2394,56419,0.7313591
2484,28616,0.73135847
389,12572,0.7313498
2105,23711,0.7313391
531,13974,0.7313256
1822,28525,0.7313197
1071,45739,0.73130876
119,7461,0.73130846
227,21551,0.7312962
1727,57384,0.73129356
737,20626,0.7312722
234,36476,0.73126805
2438,53105,0.73126584
1810,18803,0.73126316
1693,45634,0.7312601
64,20719,0.7312561
2363,41358,0.7312349
1243,7513,0.7312279
2376,31531,0.7312205
785,53129,0.73121977
755,19588,0.7312181
378,2475,0.7312174
2501,9595,0.7312056
455,58788,0.7311667
1517,59269,0.7311587
768,34798,0.73115575
1111,2892,0.73113394
2394,50886,0.7310908
1418,21902,0.7310689
757,41714,0.7310497
1947,34941,0.73104966
1366,13968,0.73101795
1291,7720,0.7310102
2061,11270,0.73097056
93,52385,0.73096615
1693,32396,0.7309517
1155,45165,0.7309467
1510,52703,0.73094064
141,2475,0.73094046
2447,41702,0.7309321
1510,23646,0.730929
328,50155,0.7309284
2097,55673,0.73090565
617,31022,0.73089004
1608,39706,0.7308854
2508,9403,0.73088473
1321,43674,0.73087645
1464,13007,0.73084915
1389,36331,0.7308471
275,37702,0.73083735
560,1440,0.7308314
794,50667,0.7308243
314,25043,0.73082185
2573,36567,0.7307983
1714,35543,0.7307901
1810,62873,0.73078394
2118,37045,0.73077726
1229,35868,0.73076725
2259,9644,0.73076606
1437,6628,0.7307614
435,31190,0.7307567
914,45499,0.73075616
1629,34641,0.73075604
2032,42961,0.73074853
1243,21565,0.7307359
998,47849,0.7307322
643,43919,0.7307311
1727,2569,0.73073
1938,41974,0.7307266
378,38543,0.7307161
2517,18837,0.7307142
1047,60095,0.7307136
1135,15796,0.7307089
1490,32303,0.7307054
368,52470,0.73069423
1704,60594,0.7306897
2614,18205,0.73067486
1259,29125,0.7306586
790,9786,0.7306566
651,30126,0.7306548
753,63361,0.7306367
1072,12890,0.73063105
2028,45111,0.7306287
2269,24309,0.73062444
440,36520,0.7306167
769,34018,0.7306143
258,29184,0.7306118
980,40741,0.7306086
1093,11975,0.7306056
671,61690,0.7306016
909,3367,0.7305939
2136,27582,0.73058945
2404,51630,0.73058045
1132,21283,0.7305796
1416,63635,0.73057723
693,59316,0.73056114
1211,9698,0.7305443
952,62873,0.7305418
1563,3872,0.73053867
1608,33580,0.7305269
2034,54941,0.7305238
77,6295,0.7305093
1861,51548,0.73050904
877,40455,0.73050576
2230,42573,0.7304705
869,36520,0.7304699
2359,38943,0.73046565
1725,47682,0.730449
2523,60230,0.7304244
141,52265,0.7304111
73,20396,0.73038644
314,34687,0.7303721
809,14928,0.7303716
2007,17927,0.7303519
2381,5338,0.73034924
1093,52531,0.7303486
235,23499,0.73032093
1614,29530,0.7303158
755,56536,0.7302933
762,31257,0.73028946
166,39629,0.7302753
557,56693,0.7302722
846,40951,0.7302705
1763,32907,0.7302681
2258,11707,0.7302637
1363,18299,0.7302544
1030,53486,0.73025435
2482,29409,0.73025143
1364,63017,0.73023987
1048,6742,0.7302234
2116,26578,0.7301961
427,24684,0.73018336
852,42082,0.7301728
588,53486,0.73016125
1395,62192,0.73013806
1169,63803,0.7301267
1150,2830,0.73011076
1452,46678,0.7301091
949,42215,0.7300961
2096,23672,0.7300917
424,62662,0.7300817
1947,45945,0.73007405
1608,25395,0.73006785
877,7548,0.73005784
500,59763,0.73005044
65,18855,0.7300456
1764,42389,0.73004174
1713,45009,0.73004115
227,56576,0.7300389
1513,35418,0.73000443
1764,30126,0.72999823
1155,40053,0.7299856
613,15319,0.7299839
1469,6056,0.7299682
2226,21032,0.7299658
1336,21135,0.7299625
455,19948,0.72995716
654,22794,0.7299535
1692,35337,0.72992927
1366,60118,0.72992265
1149,29386,0.72992
143,31531,0.729887
201,20624,0.7298822
1653,339,0.7298817
2496,42490,0.72985995
597,53278,0.7298585
1831,17744,0.7298578
180,7386,0.7298571
2482,19158,0.72984993
1547,29523,0.7298261
1141,45113,0.7298246
2482,12036,0.7298189
524,14981,0.72981733
41,41445,0.7298112
2053,61111,0.72981024
2129,25095,0.72980905
1246,45269,0.7298068
234,53775,0.7297969
2334,31355,0.7297931
938,14652,0.7297847
1522,31257,0.7297828
1790,37291,0.7297747
1981,60473,0.729761
918,59480,0.72974175
1368,28587,0.729698
428,36665,0.72968024
2341,52306,0.72967935
1859,55595,0.72967726
597,24288,0.7296651
1522,53486,0.7296649
257,31855,0.7296531
1150,10635,0.72965276
875,25417,0.72964275
493,9853,0.7296314
43,7222,0.72963107
704,41345,0.7296069
1504,34823,0.7296051
2526,18278,0.72959787
2484,37045,0.72959363
1464,57454,0.7295902
1125,19281,0.72958153
2092,8555,0.72955763
378,56190,0.7295246
1121,51702,0.72952306
1831,7424,0.72951126
2344,1509,0.7295076
1873,11243,0.7295046
620,46289,0.7294849
2345,50898,0.72947407
817,39394,0.7294731
2571,60799,0.72945976
1384,54710,0.72945964
1378,1845,0.7294565
1150,19158,0.7294425
2014,60455,0.7294194
938,12297,0.72941357
1608,12036,0.72940516
1602,4736,0.72939825
2209,57667,0.7293881
1418,30685,0.7293864
1627,49426,0.72938514
1369,35639,0.72935736
853,63398,0.7293495
467,34687,0.7293441
1088,11938,0.72934085
2327,19055,0.729339
428,5087,0.7293047
227,19535,0.72929835
216,62474,0.7292974
2217,36975,0.72929263
1533,56306,0.7292797
1800,55610,0.7292727
1331,25824,0.7292634
1700,12297,0.72926116
1329,63071,0.72925144
451,57528,0.72923297
2445,40052,0.72921765
592,50897,0.72921383
1373,9847,0.7292008
2096,36401,0.7291992
2091,23572,0.7291896
261,29255,0.72917366
493,57632,0.7291671
762,41396,0.7291552
2529,55990,0.7291453
1473,39936,0.7291435
1853,6425,0.7291421
845,29360,0.7291398
1469,38987,0.72913843
2482,57661,0.72913146
2437,32773,0.7291313
1293,46954,0.7290925
237,34997,0.72907865
1619,39706,0.72906274
1629,50530,0.72903323
1695,58033,0.72903156
404,42391,0.72901547
438,2486,0.72900754
1014,22325,0.72900283
167,53446,0.72899747
451,27168,0.72899485
1386,38157,0.7289837
1957,56495,0.72897077
931,58163,0.7289516
1368,47502,0.72894084
974,56694,0.728909
1675,29255,0.7288995
2240,42298,0.7288754
2586,28088,0.72887504
2110,4798,0.72887
1859,9782,0.72885823
2462,29125,0.7288477
1867,45648,0.7288449
1211,39550,0.72884387
433,53838,0.72881603
1301,14952,0.72878987
11,33369,0.72878003
179,51653,0.72877985
721,17987,0.72877103
2028,17397,0.7287606
2444,57892,0.72875
409,8690,0.72874975
2439,21128,0.728744
1329,48814,0.7287327
11,36331,0.72872376
1569,51709,0.7287108
1141,31084,0.72870344
785,42334,0.7286996
1351,13037,0.72869813
261,27299,0.7286941
1538,6283,0.7286717
1969,9853,0.72866595
1331,43581,0.72864956
2484,3179,0.7286488
1616,23585,0.72864723
428,61117,0.72864425
27,18773,0.7286421
394,54035,0.72862947
721,63738,0.72856927
548,7006,0.72852916
87,13078,0.72852564
1301,35103,0.72851515
160,5837,0.72850835
1764,12712,0.72850776
223,47455,0.7285042
1319,32111,0.72850156
794,23788,0.7285001
319,40642,0.7284939
2397,16147,0.72846276
2422,12889,0.7284578
493,20418,0.72845036
440,30940,0.72842646
65,43422,0.72840977
1084,13727,0.7284006
778,1183,0.72839606
319,5608,0.7283956
139,32776,0.7283899
2445,8432,0.7283766
1493,7564,0.728354
111,45088,0.72834706
1168,53793,0.7283431
1069,61042,0.72833836
675,23579,0.7283334
433,20396,0.72832376
106,7137,0.7283133
2395,44376,0.7283119
160,435,0.72830737
1007,17987,0.7282954
746,3367,0.72828746
2409,32637,0.7282844
1798,23253,0.7282767
2463,50321,0.7282708
162,19045,0.7282673
794,42405,0.7282601
1619,40484,0.728239
1449,31133,0.72823155
1651,35230,0.7282312
776,36350,0.7282295
1876,58600,0.7282281
440,31100,0.72822744
1291,39111,0.7282257
1940,18281,0.7282152
20,25353,0.7282079
1947,33693,0.7282017
2118,21192,0.7281977
2548,24132,0.72819054
1389,22803,0.72816336
899,2180,0.7281286
1614,60387,0.7281272
180,49648,0.72812
512,6998,0.7281121
546,60308,0.72810495
2266,33431,0.72809494
1119,39369,0.7280752
1014,18299,0.7280562
1768,41213,0.7280514
777,2834,0.72805023
732,26633,0.7280464
2110,3091,0.72803634
522,12890,0.728009
494,46916,0.7279983
1014,53433,0.7279961
1981,12481,0.7279866
1247,54978,0.7279532
1764,16714,0.7279375
1035,50474,0.7279297
2269,16813,0.7279197
2,32091,0.7279172
2516,43422,0.7279093
1007,19549,0.72790676
1007,39667,0.72790504
495,6295,0.72790354
180,50245,0.72789377
1666,28666,0.7278869
912,7908,0.727884
2216,51866,0.7278764
785,5624,0.7278613
2428,38239,0.72785616
2406,20734,0.72784853
1700,26496,0.72782505
297,40182,0.72782177
978,54213,0.7278185
1300,52266,0.72780657
1245,37034,0.72780645
2092,51630,0.7277936
853,30360,0.7277843
1206,42283,0.7277819
404,55269,0.7277589
2262,52385,0.7277554
1699,25510,0.7277499
2394,9099,0.7277235
2548,25025,0.727721
1335,53970,0.7277155
1458,59685,0.7277132
463,48824,0.7276956
2409,39799,0.7276824
1083,61432,0.7276627
2571,23262,0.72763515
552,10256,0.72763455
1149,8555,0.7276012
1911,44674,0.72759753
603,48485,0.72759247
1300,50278,0.72757506
319,39715,0.72756827
2463,54412,0.7275679
2176,50197,0.7275673
2208,27659,0.7275624
65,14009,0.72755456
1899,28285,0.7275276
1104,40741,0.727523
2614,62242,0.72749496
73,14020,0.7274688
1489,9716,0.7274641
2530,43419,0.72745
1241,927,0.7274292
167,19574,0.72742736
671,35490,0.7274245
1504,63016,0.72741634
1362,58784,0.7274017
2411,44768,0.7273966
548,63994,0.7273849
895,1253,0.7273817
433,14020,0.72738165
902,22605,0.72737193
2110,13933,0.7273718
892,5338,0.7273713
1831,32033,0.72737026
1201,7459,0.7273679
693,18609,0.72733843
2096,41974,0.72733223
258,45662,0.7273265
2323,40008,0.7272878
1837,45304,0.72727203
1992,50108,0.72726536
2537,4064,0.72725725
1373,38688,0.7272494
2376,24185,0.7272488
827,5651,0.7272378
1418,17280,0.72722244
201,35435,0.7272121
1301,1832,0.72720706
1688,57721,0.72720003
2376,61585,0.72719115
1048,57831,0.72717726
1704,179,0.7271765
167,4155,0.7271763
1472,19158,0.727172
1591,54950,0.7271632
1616,41952,0.727158
1907,12154,0.72715783
980,15190,0.7271516
2159,30289,0.7271364
2400,18704,0.7271196
368,42348,0.7270954
743,4018,0.7270889
1608,48374,0.72708744
1861,24289,0.7270823
2439,21668,0.72708106
2073,51847,0.7270793
428,37494,0.72706664
1262,20341,0.72703815
1069,16948,0.7270378
1197,24171,0.7270037
603,57211,0.72700095
877,5737,0.7269962
1685,30458,0.7269955
1206,42326,0.72697735
2484,14963,0.72697484
1619,2968,0.7269729
522,17197,0.7269714
1321,16240,0.72696763
197,23243,0.72696745
1098,8632,0.72695816
2471,12319,0.72694564
1243,8769,0.72693765
1155,34920,0.72693217
1822,24437,0.7269285
560,2830,0.72692734
310,48130,0.7269267
2057,4323,0.7269244
1246,38567,0.7268484
1084,62873,0.7268373
2526,37571,0.726823
2573,63016,0.7268204
2539,35088,0.7267774
2314,23585,0.726768
1538,22516,0.72676146
1942,38863,0.72672725
2267,22242,0.72671777
777,30294,0.72671497
1937,17672,0.72668815
1648,1869,0.72667056
2137,60418,0.7266618
776,56076,0.7266488
2411,50737,0.7266469
1859,49744,0.7266426
1628,38387,0.7266404
2592,7552,0.7266388
790,11956,0.72663426
2269,45623,0.72663325
463,23672,0.72661877
2129,23800,0.726604
2537,59310,0.72659934
1607,12789,0.72659767
743,34826,0.72657263
362,56291,0.7265585
2495,38251,0.7265448
1137,44593,0.726534
2445,46857,0.7265226
2334,22314,0.72652113
2017,57125,0.72651947
902,1459,0.7265171
1947,54856,0.72647834
2445,40808,0.72646797
1986,41655,0.72646034
673,48141,0.72644943
2561,15342,0.7264397
395,19184,0.72642916
1861,59538,0.726422
1593,40008,0.7264214
2445,63943,0.72638464
482,8690,0.72637534
281,50245,0.72636425
776,29529,0.7263624
315,37787,0.72635996
1803,38339,0.7263583
1538,46437,0.72635645
2484,9606,0.7263533
653,57556,0.72634923
1648,33027,0.7263344
394,26545,0.726334
1141,29409,0.7263229
1458,35593,0.7263029
1362,38251,0.7262881
1168,25211,0.7262792
1680,55054,0.7262671
1693,12304,0.7262641
1166,54636,0.7262501
2523,55136,0.7262471
1709,53691,0.7262396
1150,57831,0.7262242
1683,57136,0.7262221
370,40460,0.7262214
1374,42885,0.72620344
2445,35543,0.72619104
1987,9859,0.7261757
2273,37494,0.72616816
97,45767,0.7261511
216,57384,0.7261201
1418,8154,0.7261194
2044,51676,0.726117
1289,38958,0.7261094
1760,3152,0.7261064
1155,16147,0.7260982
1363,35337,0.7260947
2314,33240,0.72609353
932,38294,0.72609127
1294,54664,0.7260895
2309,39681,0.7260866
427,17175,0.7260798
2497,23133,0.72607553
548,44236,0.72604835
431,22806,0.7260292
1448,3888,0.7260264
1608,33915,0.72602296
315,11223,0.72601706
1554,43049,0.7260159
2444,14778,0.72601295
2314,6494,0.72601056
646,10409,0.72600704
617,38338,0.7259966
2016,41977,0.7259961
1337,48794,0.725994
2448,17697,0.72599006
743,29360,0.7259731
370,16240,0.7259462
2066,26496,0.7258912
2329,44141,0.7258694
1911,31743,0.725867
1986,58948,0.72585344
1517,54277,0.7258496
1364,29184,0.72583985
1364,61686,0.7258372
1648,35750,0.72583467
1863,32315,0.72582924
1158,29676,0.7257958
1690,40350,0.72577906
557,43350,0.7257778
2412,12064,0.72576284
1803,29268,0.7257606
671,38780,0.7257593
2539,15034,0.7257456
902,31232,0.72574455
909,41249,0.72572964
1690,23035,0.7257283
1831,7525,0.7257185
853,38474,0.7257128
2315,53270,0.72569907
1119,18751,0.72568905
11,22803,0.72568774
785,43645,0.72568077
2260,56541,0.7256654
1735,17785,0.7256614
633,12067,0.7256506
440,55351,0.7256448
1362,34920,0.7256404
1360,11747,0.7256268
907,55244,0.72561616
223,49426,0.7256006
552,52946,0.72558534
2073,12240,0.7255795
738,53314,0.7255725
1315,14981,0.72556686
2484,63945,0.72554535
2449,58030,0.7255421
1104,21733,0.72553515
1374,20734,0.7255327
2314,27054,0.7255233
1300,38688,0.7255186
824,60299,0.7255172
1493,41689,0.72551566
2175,34331,0.7255129
2073,9939,0.72550404
233,12158,0.72549593
1986,14321,0.7254953
1608,9483,0.7254852
875,36476,0.72546685
2395,31646,0.7254665
790,57444,0.72546566
830,26734,0.7254215
2458,34851,0.72540843
2363,30048,0.72540665
776,6159,0.72539324
817,28019,0.72537184
2463,27021,0.7253628
1899,19840,0.7253554
2414,38842,0.72535104
1805,35978,0.7253489
1616,17062,0.72534335
592,54941,0.7253387
2022,9714,0.7253312
1141,39677,0.7253279
2381,6295,0.72532403
1608,30753,0.7253238
147,3442,0.7253221
2175,10708,0.7253206
575,1509,0.72529495
1197,56190,0.72528434
1987,54631,0.7252816
1025,53363,0.7252604
167,46753,0.7252575
428,29268,0.725254
428,1506,0.7252469
2542,9097,0.7252437
428,11850,0.7252411
1150,14608,0.7252399
1853,44980,0.7252388
1315,27830,0.7252341
843,50155,0.7252332
2066,17987,0.7251841
560,32530,0.725184
2024,33648,0.72517014
1803,49740,0.72515607
2307,60467,0.7251415
352,61847,0.72514135
2470,26349,0.7251391
1859,8509,0.7251371
2028,32114,0.72512984
172,27184,0.725129
111,49356,0.7251255
20,59665,0.7251225
978,10597,0.72512126
1726,63065,0.72511697
522,15455,0.72507983
2376,63164,0.7250767
2034,45805,0.7250745
368,40496,0.72505796
413,57120,0.7250352
2384,43049,0.725016
817,38780,0.7249994
2511,34736,0.72499853
907,14659,0.724995
2555,2681,0.7249919
850,56247,0.7249819
957,32012,0.72496796
2228,59334,0.7249585
629,21733,0.724954
1445,55975,0.7249346
512,12182,0.7249333
1211,7525,0.7249272
909,22973,0.72489005
168,64163,0.72488886
161,12485,0.7248761
2529,12304,0.72487336
794,21278,0.72486377
1627,60857,0.7248368
2040,50731,0.7248368
1493,41920,0.7248249
2129,45864,0.7248209
701,64083,0.7248207
261,39550,0.724815
223,64072,0.72480094
546,61291,0.72479796
1692,15339,0.7247946
2080,50617,0.7247921
2105,24560,0.72478956
1458,50094,0.72478765
1899,46175,0.72478163
1104,54854,0.724774
560,13981,0.72476125
1517,16499,0.7247565
2529,45614,0.72475445
2,7461,0.7247503
2537,36689,0.7247474
1745,56705,0.7247461
2019,35571,0.7247446
1182,44151,0.7247329
1538,59174,0.7247289
424,37919,0.72472763
1593,23392,0.72472715
1098,6596,0.72471523
522,46828,0.72470045
875,7459,0.7246958
785,51453,0.72469246
1374,21945,0.7246861
125,1217,0.7246729
701,55342,0.7246692
2237,36278,0.7246523
2251,13727,0.72464454
732,54231,0.7246431
2345,39079,0.7246392
2376,8482,0.7246278
1867,27459,0.72462493
2595,14506,0.7246214
1112,5087,0.72460717
757,42166,0.7246059
1627,33277,0.7245985
1500,61585,0.7245922
1363,34943,0.7245817
778,25091,0.7245566
2329,21904,0.7245521
2080,61069,0.7245302
970,40951,0.7245103
2548,18855,0.7245083
328,36401,0.7245046
488,13037,0.72450304
409,4386,0.724501
1004,56875,0.724496
1542,17076,0.72448885
125,16274,0.7244639
2273,29964,0.72445005
1768,57444,0.7244359
1223,46437,0.72442853
1274,42439,0.72442716
1136,48427,0.72441405
50,32825,0.7244044
2341,46688,0.7243914
2406,20719,0.72437483
1554,19058,0.7243553
2044,45459,0.724352
2534,58033,0.72433674
79,21042,0.72432035
65,1907,0.72430533
547,63614,0.72430456
2044,38688,0.7243008
1850,9426,0.72429585
877,57667,0.7242913
1254,38294,0.72429043
522,13705,0.7242736
656,24289,0.7242724
268,60418,0.72426605
1195,51453,0.72426474
2007,36529,0.72426283
1362,45165,0.7242601
1803,24740,0.7242459
438,58809,0.7242432
234,44680,0.7241578
2409,35235,0.724154
1822,46066,0.7241523
1853,26626,0.72414744
1947,51653,0.72413707
1550,38987,0.724126
673,17922,0.72412145
751,55595,0.7240703
1098,31743,0.7240639
301,50897,0.7240622
560,58227,0.7240307
1374,1440,0.72402775
1091,47280,0.7239758
281,34427,0.7239597
1965,45866,0.72395635
1074,52662,0.7239547
1718,61763,0.7239425
2022,24884,0.72393215
1614,36711,0.7239144
713,57488,0.7238848
358,30126,0.7238739
2288,15216,0.7238726
1223,53772,0.7238726
557,32237,0.72386086
1265,62277,0.7238552
546,44984,0.72385514
2482,44385,0.7238487
1362,38294,0.72384596
539,28751,0.7238331
402,46811,0.7238236
2449,28587,0.7238181
942,54231,0.7238152
1004,17062,0.72381294
51,47641,0.7238097
1538,4967,0.7238086
1098,53122,0.72376835
653,6489,0.72376263
66,57511,0.7237433
1262,56761,0.72373474
1911,64062,0.7237177
490,62072,0.723712
912,13320,0.723699
2470,34185,0.7236921
1112,29255,0.72368467
1195,31985,0.7236739
2077,48006,0.7236653
1155,6742,0.7236563
388,19158,0.72364056
1074,40897,0.72363186
1229,32392,0.7236247
1848,55879,0.7236181
2400,10256,0.72360694
932,63356,0.7236006
1733,46324,0.72359955
1459,41759,0.7235882
778,26305,0.72358394
899,27368,0.7235766
981,20029,0.7235633
2092,25614,0.72356045
2508,54463,0.7235545
1959,62619,0.72354496
693,38005,0.7235429
1939,18229,0.7235416
2614,61686,0.7235395
597,34940,0.7235379
877,23614,0.7235371
1704,26214,0.72353625
1517,51429,0.7235211
1756,34439,0.72351503
932,26545,0.72350776
1344,26110,0.7235028
1731,25379,0.7235004
1692,2892,0.72347784
368,59823,0.7234677
216,29640,0.7234636
546,60702,0.7234357
413,8706,0.7234261
522,60742,0.7234224
1726,23499,0.7234208
1091,42192,0.7234023
799,22911,0.7233803
820,42849,0.7233721
1522,32530,0.723367
161,21668,0.72336644
1986,2832,0.72335255
2463,59850,0.7233486
2073,25283,0.7233273
1853,18727,0.7232922
2395,22911,0.72328067
1038,11452,0.72327936
2395,50057,0.7232717
2270,56428,0.7232713
524,50197,0.72327006
1010,32012,0.7232555
2406,3822,0.7232466
281,44245,0.7232446
93,18264,0.7232414
1774,30776,0.7232355
2109,56662,0.72322917
602,52075,0.72321963
197,59709,0.72321045
2440,46291,0.72320956
706,2834,0.7232077
2026,48456,0.72319597
1801,31531,0.72318625
873,24826,0.72317123
1493,50245,0.7231624
1986,54929,0.72316086
2287,46686,0.7231531
2413,57444,0.7231523
873,33027,0.7231492
234,10241,0.7231314
51,8310,0.72312814
1843,37571,0.7231059
1853,53105,0.7230693
2369,28595,0.7230679
675,40422,0.72306246
1241,34331,0.7230545
314,21336,0.72303605
438,1303,0.72301054
651,34708,0.7229798
2484,58001,0.7229768
764,60418,0.7229457
268,8576,0.72293836
1157,967,0.72291696
1850,42389,0.72289747
907,13063,0.7228841
1859,63650,0.72287947
825,13108,0.7228763
1279,53615,0.72287345
223,25781,0.72285616
1197,31477,0.72285247
853,38426,0.7228508
1876,46291,0.7228434
119,25910,0.72283447
1366,32392,0.7228292
237,24165,0.7228273
162,21481,0.7228254
1928,41168,0.7228227
639,33915,0.7228226
395,63271,0.7228171
235,26110,0.7227833
2439,62065,0.7227831
1412,63271,0.7227818
216,45980,0.7227732
1206,20432,0.7227661
2429,1509,0.7227627
1646,4540,0.72275114
1614,60799,0.72275025
2547,37360,0.72274595
2341,19950,0.7227459
272,11678,0.7227427
2073,41658,0.7227361
281,7525,0.72273135
1665,62272,0.72270525
866,44600,0.7226976
817,13678,0.72268236
643,2832,0.72267675
420,15775,0.7226206
1356,42485,0.72260356
2175,46828,0.72258246
394,46940,0.7225735
1121,38892,0.7225568
867,52271,0.7225511
1628,52302,0.7225406
1619,21619,0.72253877
1517,31393,0.72253764
2228,63426,0.72253317
424,11778,0.7225256
878,4643,0.72252095
1968,45009,0.7225122
1466,63369,0.7224796
1801,61078,0.72247773
1451,7964,0.7224766
1364,61683,0.7224697
2175,32858,0.72244895
2595,53970,0.7224393
1789,55313,0.7224352
2270,54174,0.7224333
790,54213,0.72241604
1107,37068,0.7224153
1548,40470,0.7224028
1088,46429,0.7224027
2484,5292,0.7223892
873,20020,0.722382
1726,19746,0.7223766
873,18858,0.7223718
1271,8018,0.72237027
237,2486,0.72235584
368,9859,0.72234535
2363,8825,0.72234297
1711,59680,0.7223428
690,39809,0.72232866
2446,3557,0.72232705
2525,27523,0.72231996
1619,54474,0.72231007
164,60387,0.72229874
1810,15341,0.7222963
1522,11268,0.7222797
1459,6742,0.7222687
1713,48484,0.72226423
1014,32237,0.7222625
954,14336,0.72223693
2548,44066,0.7222326
1617,37005,0.72223186
306,22216,0.72222984
446,44136,0.72221386
1704,9194,0.7221935
1136,61156,0.7221774
237,39342,0.72216904
180,41920,0.72216284
1368,40808,0.7221554
636,52353,0.7221512
762,33268,0.7221298
1713,39736,0.72212905
337,1114,0.7221268
57,42916,0.7221236
404,9491,0.722114
2422,22024,0.7221118
79,30705,0.72210336
2590,7760,0.72210073
180,1183,0.7220867
2057,27456,0.7220857
1363,20341,0.7220769
2529,23783,0.722065
1735,8555,0.722042
575,36630,0.7220315
2231,54231,0.7220299
1137,47480,0.7220249
144,59472,0.7220062
1547,47682,0.7220037
463,21032,0.72198236
817,45899,0.7219793
557,36815,0.7219745
1369,53111,0.72193253
621,38173,0.72192764
522,17922,0.72192705
2058,49864,0.7218924
2175,21475,0.72189146
1550,32866,0.7218847
1777,27619,0.7218193
358,35337,0.7218131
495,40152,0.7217996
2217,37465,0.7217921
1619,23262,0.7217858
161,742,0.72177887
402,12572,0.72176164
1547,52054,0.72175854
67,59680,0.7217542
2449,52075,0.7217455
1559,58885,0.7217401
1195,29255,0.72174
1789,39297,0.721735
1796,56495,0.721729
402,42849,0.7217233
2315,28114,0.721714
777,50780,0.72171354
1642,50138,0.7217109
1088,39854,0.7217103
260,45816,0.7217078
1254,40316,0.7216835
2007,53506,0.7216831
1155,25127,0.72167945
768,40053,0.72166926
2497,19592,0.72166765
1091,48574,0.72165614
2508,1869,0.72164875
1366,40422,0.72164446
29,53691,0.72161883
2160,56640,0.7216073
1121,42139,0.72159135
1803,63016,0.72159004
1957,23457,0.72158927
1412,1739,0.72158754
50,34498,0.72157544
611,49491,0.7215739
1418,21614,0.7215653
1064,41368,0.7215467
1619,14,0.7215458
2044,49814,0.7215377
1254,12890,0.7215347
2209,14605,0.72152007
980,21733,0.7215128
1310,62272,0.7215098
693,21552,0.7214743
2327,13240,0.7214738
2406,31888,0.72147214
57,2754,0.721472
625,4927,0.72146666
2231,26746,0.7214552
2516,35934,0.7214489
1262,42462,0.7214339
2175,57499,0.72142607
2019,4643,0.72142
1255,2834,0.72141623
116,33277,0.7214078
1848,17854,0.7214035
1236,59088,0.7213807
2595,27667,0.7213665
1025,7459,0.72135234
395,54340,0.72134143
873,52385,0.72131824
1246,9847,0.7213181
1850,30126,0.721312
560,40316,0.72130007
1947,46634,0.72129524
1025,29825,0.72128344
1566,53559,0.7212804
1091,60337,0.72127694
1619,56076,0.72127205
675,5292,0.7212523
2484,59334,0.7212498
1348,19281,0.72122896
446,1249,0.7212256
1524,56705,0.7212113
1651,6742,0.72120667
2092,31335,0.7212006
235,22188,0.72119796
237,1283,0.72116953
1112,22325,0.7211274
867,45634,0.72111773
2044,483,0.72111666
1171,23572,0.72111595
577,16132,0.7211155
1936,52662,0.7211082
2159,27299,0.72107005
1350,28689,0.7210686
1091,40772,0.72106254
843,46940,0.7210593
2105,25298,0.7210479
957,60992,0.72102356
1125,40718,0.72099364
1951,3205,0.7209904
111,57380,0.72098184
216,29762,0.7209761
1428,40839,0.72097427
1363,4386,0.7209557
1157,48416,0.7209525
351,35854,0.7209285
2529,45980,0.7209014
2254,39433,0.7209004
2267,3630,0.72089934
2537,22794,0.72088987
671,64161,0.7208891
2525,38851,0.72087324
79,57284,0.7208725
97,32111,0.7208679
274,33693,0.7208675
1157,53879,0.7208669
465,28022,0.72086155
1720,4262,0.7208463
1683,57650,0.72083014
1810,64077,0.72082555
1121,372,0.72081655
547,35103,0.7207942
493,51769,0.7207883
180,28305,0.7207813
1418,56536,0.7207744
1038,38173,0.72076654
603,11648,0.7207519
1091,34331,0.72074366
2159,38688,0.72074324
2409,34770,0.72073627
472,32865,0.72071165
2307,35887,0.7207068
980,39722,0.720701
1928,2475,0.7206991
777,46108,0.72069836
402,8627,0.72067964
1965,47512,0.7206756
970,41966,0.7206623
1680,29255,0.7206598
1246,11331,0.7206399
753,17911,0.7206379
2422,18526,0.7206369
355,63354,0.7206284
1350,38886,0.7206212
725,41363,0.720618
1517,20341,0.72059536
235,45355,0.7205882
2105,40470,0.72058624
1675,22463,0.7205839
524,27405,0.72057563
646,32338,0.72057426
2105,27899,0.72056586
588,62941,0.72055984
2073,50731,0.7205509
2521,9979,0.72054076
216,56076,0.72053766
440,5651,0.72052866
433,3367,0.720526
201,39620,0.72051215
301,19205,0.7205097
2110,62135,0.7204906
2011,55684,0.7204877
2467,3542,0.72047937
116,49426,0.72043276
43,22001,0.72041565
1447,9915,0.7203803
2026,3022,0.7203639
1369,39384,0.72035986
2014,51994,0.7203554
20,5983,0.72032225
1809,24925,0.7203202
843,52479,0.7202968
2120,51510,0.7202919
1364,47486,0.7202918
974,202,0.72028154
1350,61463,0.7202773
1182,8412,0.7202709
1038,15535,0.72026575
1223,16845,0.72026503
2011,51252,0.72026145
1418,36995,0.720249
2423,14687,0.7202401
1911,52572,0.7202318
1566,38780,0.7202257
701,1181,0.7202072
1374,38046,0.7201967
1628,19224,0.72019213
2439,41738,0.7201758
643,63140,0.7201747
2590,13913,0.7201739
272,41792,0.72015667
2032,22454,0.7201547
161,52054,0.72013235
2529,21619,0.72010636
97,11246,0.72010124
2058,54636,0.7200908
2608,47440,0.7200681
404,12712,0.7200662
379,44609,0.7200544
161,35571,0.72005004
50,56675,0.72004074
1374,34154,0.7200271
234,9767,0.7200171
500,40686,0.7200116
2151,52285,0.71999454
2438,49235,0.71994877
1374,52302,0.7199428
177,34943,0.7199178
1084,46937,0.7199168
1335,47752,0.71990705
2555,37260,0.7198882
1801,59797,0.719882
370,34956,0.7198806
1648,18206,0.71987057
826,35914,0.7198669
2449,46857,0.7198633
368,5221,0.7198484
1940,4577,0.7198476
370,22591,0.71984637
1777,45850,0.7198355
20,6056,0.71982783
1056,6044,0.71981215
2409,55410,0.7198101
2329,13037,0.71980274
233,22181,0.7197986
50,24289,0.71978986
1517,10984,0.7197878
200,31646,0.7197866
1175,49622,0.71978444
2608,39569,0.71977127
550,58478,0.71976316
2159,5087,0.7197624
2228,38487,0.71970356
1368,23625,0.71968526
2143,23737,0.71966124
951,23947,0.7196523
297,31935,0.71964645
1854,56495,0.7196449
362,52572,0.71956
2463,372,0.71955264
2409,24524,0.71954346
2044,48837,0.7195287
753,59852,0.7195044
656,51613,0.7195022
2109,26860,0.7194957
1056,37702,0.7194894
2151,27564,0.7194837
932,27110,0.7194679
51,35294,0.71944577
2467,38561,0.7194449
930,1114,0.7194416
79,35435,0.7194276
1308,17974,0.719403
2105,56193,0.7193853
1091,58432,0.71938455
2537,41504,0.71937585
2112,29569,0.7193732
1418,35581,0.71935856
1756,63962,0.71935105
633,46299,0.7193364
2267,31591,0.71933365
2539,6243,0.7193101
1112,15339,0.71930677
1125,8181,0.7193048
548,39305,0.7193006
2429,22382,0.7192861
2323,59797,0.719282
592,22325,0.7192777
1774,50114,0.7192707
2300,57650,0.7192503
1466,29988,0.71924984
1450,52796,0.7192353
1683,31960,0.71922827
1666,34770,0.7192198
1091,593,0.71921575
1850,52054,0.7192128
2014,41380,0.7192101
466,34920,0.7191751
1591,38545,0.71917087
2397,54636,0.71916914
588,30753,0.7191583
918,62242,0.7191509
1504,32445,0.71914566
379,8593,0.7191217
2596,39433,0.71911526
548,20238,0.7191115
1137,15839,0.7191114
2006,43581,0.71909
164,2968,0.71908635
844,11111,0.7190857
1300,60210,0.7190742
1243,45463,0.71907127
180,4615,0.7190684
827,49137,0.71905714
2341,41701,0.7190534
2422,26568,0.71904016
1938,36174,0.71903515
2216,61291,0.7190268
1854,33213,0.71900547
653,30541,0.7189802
2143,30705,0.71897316
2453,26448,0.71896344
629,26552,0.7189599
2375,46299,0.7189551
567,14348,0.71892655
592,63567,0.7189187
1063,61921,0.71890664
1014,36520,0.7188958
1004,57384,0.7188797
1418,25436,0.7188636
1112,36520,0.7188343
1241,28636,0.7188188
592,36630,0.71881056
1903,50828,0.71879894
857,18057,0.7187989
1628,27753,0.7187978
1112,54277,0.71878505
1541,28337,0.7187736
405,8018,0.71875674
2530,57383,0.71872985
877,25579,0.7187245
2096,21032,0.7187236
2325,13727,0.7187201
2395,54474,0.7187103
2175,10451,0.71870065
493,9859,0.71865165
2501,6318,0.7186487
237,24830,0.7186371
1541,23141,0.71862394
143,63164,0.71861875
180,7564,0.7186106
2530,29405,0.7186092
629,36689,0.71860373
2448,27168,0.7185949
701,4755,0.7185942
633,3765,0.7185759
1490,52155,0.71857274
2446,52657,0.71856236
1195,21042,0.7185571
877,46563,0.71855676
2410,53559,0.71852845
565,61145,0.7185247
2058,42500,0.71851265
1264,36091,0.718512
1848,32530,0.71850926
1940,1796,0.7185
394,47981,0.71848935
1501,19262,0.7184597
869,39569,0.7184589
1039,56345,0.7184577
701,15125,0.71843314
1293,22911,0.71843266
1873,50886,0.7184229
2586,16666,0.71841806
918,62337,0.71841276
629,30120,0.71841025
1928,56735,0.7183937
1504,12789,0.71838796
2438,44980,0.7183768
254,8466,0.71834385
1127,23318,0.71832097
2093,36855,0.7182964
1182,24288,0.7182812
1211,6673,0.71828026
753,19588,0.71826947
1024,12739,0.71826935
179,4040,0.7182526
2078,42348,0.71822304
629,33175,0.71821827
1735,29067,0.7182133
301,17124,0.7181912
2091,19062,0.71818733
2040,34106,0.7181811
1693,5370,0.71817017
978,6892,0.71815515
37,29386,0.7181518
1452,40152,0.7181401
552,58298,0.71813625
914,34894,0.71812564
2224,11268,0.7181189
2109,31280,0.7181038
2323,52549,0.71809095
2290,60894,0.718089
235,33962,0.71805394
2237,15106,0.7180464
80,13913,0.71803766
1501,39514,0.71803486
1025,14136,0.7180207
490,36520,0.7180072
1369,46092,0.7180032
1157,39107,0.71800303
2007,180,0.71800303
1798,34708,0.7179986
1137,60124,0.71795774
355,1521,0.7179353
435,5579,0.7179262
2019,47480,0.7178729
2453,7163,0.71787167
1488,25286,0.7178644
1680,22325,0.7178457
673,26265,0.71784353
2438,17999,0.7178434
1211,57996,0.7178296
1982,53496,0.71781826
1968,56247,0.71778244
1276,13678,0.7177742
1614,58557,0.71775866
1014,5017,0.7177573
1175,13949,0.7177548
306,22014,0.7177342
593,17785,0.7177292
1368,63943,0.71771586
2446,28525,0.7177024
857,22911,0.7176887
862,1933,0.71768403
1564,24289,0.71764255
777,50248,0.7176254
671,47087,0.7176201
730,10139,0.71761346
1629,25510,0.7176031
2231,32392,0.71759856
1211,12036,0.7175915
1697,54664,0.71758723
1602,10114,0.7175477
388,47552,0.7175461
2358,39433,0.71752024
892,20624,0.7174942
379,2308,0.7174932
2268,10843,0.71746755
1471,10542,0.7174548
820,22014,0.71745324
2542,29360,0.7174519
817,57864,0.7174405
179,21924,0.7174401
258,18538,0.7173997
762,29836,0.71739507
1158,3122,0.7173858
1903,64032,0.7173821
1965,50407,0.717381
2242,62941,0.71734184
565,20341,0.7173399
1187,15199,0.71733165
815,19281,0.7173253
625,53446,0.71732116
2395,35459,0.7173002
577,8517,0.71729195
2264,24080,0.7172811
1236,42086,0.7172688
2444,31882,0.71726626
1899,61651,0.71725917
753,17785,0.71724653
2602,35922,0.71723676
1768,54213,0.7172338
1504,52985,0.7172265
409,11452,0.71722156
2007,29988,0.7172198
37,19588,0.7172135
643,19853,0.7172048
613,55845,0.717198
2026,34173,0.71719533
547,53887,0.7171921
1777,43308,0.717192
717,50829,0.71717393
2413,54213,0.7171501
1651,44385,0.71713895
2445,6792,0.71712077
2445,57170,0.71711504
1447,50611,0.7171141
1605,36711,0.717111
1899,7386,0.71709585
539,37787,0.7170825
2230,23499,0.7170813
1083,43727,0.71707034
1198,13515,0.717049
139,21173,0.7170259
2434,3887,0.71701705
547,32928,0.71699864
2006,61858,0.71699476
1850,26305,0.71697927
1254,9660,0.7169657
1335,2244,0.71695715
2300,16819,0.7169372
1449,63141,0.7169342
2073,53022,0.716925
304,10972,0.716921
2307,3287,0.71692073
440,33463,0.716908
577,52036,0.71690166
1254,46828,0.71689415
466,45165,0.71688795
588,37005,0.71688783
1466,37291,0.7168849
1753,13793,0.71688324
1805,23457,0.71686256
468,47112,0.71686065
877,51641,0.71685755
496,38705,0.71683913
2267,38510,0.71683514
625,44984,0.7168063
234,30056,0.716802
2412,16538,0.71677846
1867,28024,0.7167758
2422,7564,0.7167709
2499,37320,0.7167517
2397,58784,0.7167515
1162,50065,0.71674836
1450,46175,0.7167434
1412,1996,0.7167393
2175,32718,0.71673703
164,43952,0.7167307
1135,24138,0.7167301
1195,50197,0.71672523
1757,3244,0.7167211
2226,17397,0.7167211
2044,2195,0.7167109
738,29191,0.7166953
1447,46753,0.71667075
602,50958,0.7166352
1873,12712,0.71663
701,52285,0.7166098
1522,57954,0.7166072
1395,21340,0.71659
1948,53611,0.71656847
2022,18107,0.71655536
678,9765,0.71654665
440,26570,0.71654063
671,12684,0.7165214
2264,7625,0.71651804
1447,8378,0.7165098
518,34720,0.71650624
634,13741,0.7165023
2440,7525,0.7164938
1112,20029,0.7164819
867,16538,0.716467
1947,50790,0.716453
1928,3011,0.7164475
315,11267,0.7164172
1004,46661,0.7164128
1073,25870,0.71639156
2595,10167,0.7163584
2412,45634,0.71635556
1264,5079,0.7163503
1350,58990,0.7163435
191,38173,0.7163192
1337,63204,0.7163048
2136,43350,0.7163047
424,38056,0.7162944
9,9716,0.71629304
938,17987,0.71628994
588,17854,0.7162877
1246,42599,0.71628594
2011,57588,0.7162708
2413,12466,0.7162545
2542,53496,0.71625406
2061,34340,0.7162169
2404,21423,0.7162087
139,17039,0.71620476
643,47913,0.71620226
2231,26633,0.7161983
46,39715,0.7161783
235,23579,0.7161719
2159,52494,0.71616745
1937,34920,0.7161536
200,45634,0.7161468
191,53129,0.7161402
1928,64072,0.7161367
1112,666,0.716136
177,27463,0.71613383
2226,27237,0.7161021
1036,60124,0.71608937
1136,55320,0.7160821
2216,13793,0.7160592
440,20341,0.71605074
1356,30048,0.7160401
1158,37976,0.71601593
751,24483,0.71601105
747,35819,0.71597254
1369,483,0.7159717
2397,5079,0.71595937
789,56693,0.7159523
1335,43640,0.7159489
613,58674,0.71594346
2129,21192,0.7159407
183,32237,0.71593195
2231,7677,0.71592736
839,44402,0.7159245
254,22006,0.7159216
817,9644,0.7159195
1042,24194,0.7159152
1458,14595,0.71590245
315,61694,0.71589386
1121,16390,0.71589184
64,23649,0.71588534
1197,8129,0.7158314
1524,25627,0.7158237
2231,8524,0.71579736
1629,42885,0.71579635
97,35086,0.7157816
1254,56190,0.71577305
179,53129,0.7157713
1473,36034,0.7157683
1069,46299,0.7157308
1522,20140,0.7157028
1192,33915,0.71569026
1274,50047,0.7156503
2501,32999,0.71564615
1356,32478,0.71560395
1617,9669,0.71558815
777,5730,0.71557856
1545,11170,0.715557
1718,22174,0.71553594
1197,62213,0.71553487
2395,55886,0.71553254
1766,55719,0.71552515
2175,4810,0.71552265
2036,37919,0.7155005
2266,13318,0.7154978
1121,33669,0.71546924
547,56675,0.7154659
2044,37100,0.715453
1010,17927,0.7154502
1090,58784,0.71541864
1965,62372,0.715414
1651,44376,0.7154118
1359,56270,0.7154093
2325,53399,0.7154065
1293,55886,0.7153782
2467,23618,0.71534455
705,46291,0.71534437
468,54210,0.71533763
216,43881,0.7153358
358,2892,0.7153313
125,21924,0.71531963
643,55684,0.7153092
1458,27830,0.71530426
2073,59206,0.7153041
1350,19568,0.71527946
1683,23774,0.715279
1986,19081,0.71527743
517,43645,0.71527576
718,46128,0.7152465
2055,44136,0.7152385
328,60992,0.7152245
301,54941,0.7152208
1789,33661,0.7152153
1876,30724,0.71519023
1936,10797,0.71518743
2300,7450,0.71518207
2038,46429,0.71517307
180,28867,0.71516514
1768,300,0.71514994
913,26187,0.71514237
671,32637,0.71513295
621,57120,0.71513087
2159,39290,0.71512306
675,19405,0.71511716
1137,48837,0.7150922
1319,28908,0.71509117
1665,50575,0.71506965
51,41909,0.71505654
2226,40870,0.7150506
2242,17862,0.71504676
2099,33034,0.71504515
79,11452,0.7150427
2510,31531,0.71504164
1697,38239,0.7150391
844,17775,0.71503156
857,14067,0.71500385
2503,39569,0.7150014
547,48427,0.71497655
1208,34650,0.71497214
2300,30510,0.7149656
234,23948,0.7149613
1546,32152,0.71495724
807,2296,0.7149552
1692,13096,0.7149552
2061,12017,0.71495473
1104,20626,0.7149534
1335,29360,0.7149385
111,27593,0.71492416
1445,12127,0.71491563
1300,54254,0.71491164
125,55595,0.7149082
1642,40043,0.714908
1550,10962,0.71489584
1936,11956,0.71488667
268,63588,0.71486914
2267,19055,0.7148609
1071,2569,0.7148469
81,36567,0.7148206
1104,44593,0.71481407
1322,967,0.714793
1741,15378,0.71478474
1335,34826,0.7147838
41,30447,0.7147776
2409,40152,0.7147603
2080,15751,0.7147363
413,20546,0.7147246
1241,6665,0.7147243
1692,9139,0.71472245
1826,15868,0.7147187
138,30776,0.7146807
1039,32111,0.71467733
629,61774,0.71466386
405,5574,0.7146432
2267,24034,0.7146419
613,15861,0.71463585
1969,47674,0.7146219
656,56053,0.71461177
769,15339,0.7145997
1947,52266,0.7145976
1629,4575,0.7145963
235,39755,0.7145942
1692,50829,0.7145698
2363,11111,0.7145692
1088,35424,0.7145619
1254,40053,0.7145562
234,39947,0.7145555
1344,16576,0.71454096
1112,20341,0.7145307
826,52748,0.7145282
1449,24560,0.7145227
951,39918,0.7145176
2525,34435,0.7145139
1112,507,0.7145123
524,5382,0.714511
1246,14589,0.71446055
1747,47112,0.714455
2040,46828,0.7144536
268,49235,0.7144526
2209,38387,0.7144282
1447,58802,0.7144264
2073,927,0.7144227
1368,37231,0.71441567
673,31823,0.7144051
930,45905,0.714394
1545,12731,0.71439326
2608,21653,0.7143863
234,38688,0.71438515
1850,1111,0.7143826
1458,17976,0.714382
2608,35097,0.714381
233,46437,0.7143611
2129,29814,0.7143545
1522,45271,0.7143498
2209,21924,0.7143443
974,62662,0.71433413
2002,63119,0.71432924
2470,46437,0.71431524
1035,21032,0.71430415
2417,55034,0.7142907
1459,59029,0.71428746
2110,33750,0.7142856
191,37320,0.7142792
768,47981,0.7142766
1335,4334,0.71425533
1550,59938,0.71422553
1501,27709,0.7142212
2397,33639,0.7141892
1025,49333,0.7141841
237,54210,0.71415865
681,12302,0.71415794
1069,27983,0.7141569
844,30232,0.7141566
1125,57138,0.7141493
1447,4927,0.7141313
2449,22065,0.71411264
1494,15434,0.71410584
2230,43220,0.7140937
1822,58154,0.7140799
560,32433,0.71406573
2007,52572,0.71406555
2376,50407,0.7140647
2499,29184,0.71406126
2446,34772,0.7140559
1629,18299,0.71404856
1705,23411,0.714045
2412,12154,0.71402353
1489,30048,0.714008
2025,17384,0.7140073
1211,3011,0.71399057
2281,51866,0.71396923
2334,14482,0.7139642
1501,4443,0.7139589
2002,44881,0.7139268
495,35235,0.7139068
892,6677,0.7138818
1197,57588,0.71387434
1319,28202,0.71387243
2002,45634,0.713859
2499,42542,0.71384215
1466,57857,0.7138344
517,27113,0.7138342
1125,36331,0.7138339
2414,13968,0.7138235
1134,49491,0.71382284
1168,47824,0.713814
216,56875,0.71379435
974,63200,0.71379304
2496,53314,0.7137432
918,43190,0.71373236
275,38173,0.71372336
258,24080,0.71370155
164,31614,0.7136967
1197,55774,0.7136854
2120,51956,0.7136849
2358,5903,0.7136157
2444,57533,0.71360123
869,53879,0.71359336
1348,45884,0.71359086
1344,22188,0.71358836
1025,29815,0.71356946
2007,57857,0.713541
1629,1033,0.7135323
2151,13108,0.7135318
2000,50739,0.71351933
1056,58429,0.71349657
260,26187,0.71345186
1501,40231,0.71345174
1254,22680,0.7134378
1472,56332,0.7134234
560,18299,0.71339476
1564,57483,0.71337795
2237,48750,0.7133728
1022,24548,0.71337163
1907,8110,0.71337
1683,11740,0.7133641
643,34720,0.71336186
675,56225,0.71333396
1453,26759,0.71333086
1986,19080,0.71333057
2334,24826,0.7132916
1241,5386,0.71329105
435,55477,0.71328986
1361,10542,0.7132694
420,31181,0.71324503
2503,36845,0.71323717
2237,2892,0.7132194
1450,30940,0.7132137
2237,33681,0.71321046
2329,18526,0.7132092
2179,52306,0.71319604
1641,12040,0.7131943
730,38863,0.7131929
1510,25654,0.71317136
2209,57513,0.71316546
892,10483,0.7131628
2439,41362,0.71315986
2302,58895,0.71314335
2358,63336,0.7131398
1450,19081,0.7131375
1683,7564,0.7131239
1039,46828,0.71311295
512,55845,0.713066
1472,466,0.7130606
235,11444,0.71305597
2179,62072,0.7130459
1168,23948,0.7130364
1104,16923,0.71302646
2448,18855,0.7130242
1692,16714,0.71301955
1137,49814,0.7130044
2237,13705,0.712999
1458,48416,0.7129749
2109,23262,0.7129737
237,57380,0.7129729
827,56225,0.7129524
1450,61582,0.7129448
490,54424,0.71294355
116,56190,0.7129421
643,51356,0.7129301
1986,46640,0.7129291
1034,9644,0.712921
1308,52385,0.7129178
1937,25127,0.7129071
769,29184,0.71290576
435,2475,0.7129035
1373,20309,0.7128813
379,3833,0.71287775
1025,47153,0.7128751
424,28751,0.7128701
2109,25820,0.7128638
2453,18013,0.71285903
1459,52155,0.7128478
180,57136,0.7128395
495,47512,0.712818
1084,35580,0.7128104
933,17384,0.7128097
1873,30126,0.7128086
2007,57016,0.7127569
179,60089,0.7127435
1276,38780,0.7127332
930,28587,0.71272284
2091,14652,0.7127205
2592,52796,0.7127017
1090,18854,0.7126989
1014,46443,0.71264905
815,52796,0.7126487
1602,37952,0.7126426
383,16218,0.7125923
1107,52886,0.71257913
1366,51709,0.7125771
1300,49923,0.7125699
673,14981,0.71256584
463,29784,0.7125613
824,45165,0.7125571
2595,38076,0.71255565
1683,50245,0.7125441
111,40696,0.71254313
1315,30268,0.7125361
2413,57170,0.7125297
1022,14619,0.7125286
844,57454,0.7125282
790,26123,0.7125243
2030,11747,0.7125238
1863,36355,0.71250427
233,60455,0.7125024
2233,34331,0.7124888
751,33680,0.71248347
2453,35097,0.71248215
180,61117,0.71246934
1389,17479,0.7124662
1777,60455,0.7124468
2358,1033,0.71244085
254,40422,0.7124344
1398,40422,0.7124313
116,52946,0.7124138
1636,21423,0.7124122
1076,60671,0.7124121
81,12076,0.71240616
1822,2244,0.71239555
1936,42063,0.7123935
1407,35914,0.71239096
560,59530,0.7123886
2413,22065,0.7123764
1395,51090,0.71237624
2530,18567,0.71237516
2262,22242,0.7123653
2521,13037,0.7123649
1335,9310,0.7123555
577,101,0.7123531
151,51613,0.7123491
221,61847,0.7123443
1937,49566,0.71233827
200,54474,0.71232045
708,17039,0.71231437
2561,63141,0.71231276
1208,26746,0.71229184
1555,59393,0.71225154
116,62272,0.7122388
918,49375,0.7122322
315,41972,0.7122201
1039,56967,0.7121943
656,35131,0.7121765
1796,23457,0.71217394
1232,11001,0.7121688
1011,55313,0.7121687
1726,42063,0.7121597
547,29184,0.7121577
1545,17166,0.7121494
625,53637,0.7121476
954,41792,0.7121359
409,5017,0.7121197
2211,44385,0.7121162
1169,60118,0.712093
2409,24289,0.7120843
827,29255,0.7120808
2007,60613,0.71205574
1903,37797,0.7120539
2120,19237,0.71204877
1386,20542,0.71204144
826,15034,0.7120217
2147,2834,0.71201825
1651,12036,0.71201754
1888,41067,0.71201134
1780,20341,0.7119988
1171,19062,0.7119906
496,27463,0.7119826
2022,12894,0.711975
2444,27198,0.71197355
2036,18345,0.7119529
2316,23777,0.71193856
1069,41714,0.71193665
2154,54636,0.71191967
2323,31280,0.71189845
1228,50814,0.71189684
275,41773,0.71189356
1326,17799,0.711889
592,17124,0.711836
1707,61180,0.7118249
179,51641,0.7118059
673,26123,0.71180344
2502,37093,0.7118032
586,27857,0.71179736
2329,12990,0.7117891
1337,54424,0.7117481
824,2832,0.71173984
594,56743,0.7117338
2022,43054,0.7117324
37,44972,0.7117182
727,29840,0.71170545
1894,60281,0.7116983
2521,17713,0.7116755
1083,20341,0.7116648
2262,14858,0.7116591
1428,101,0.71165824
1766,37662,0.71165454
1629,40821,0.7116461
2413,50958,0.7116353
1651,5595,0.71163327
1959,60594,0.7116297
1897,34439,0.7116243
1246,53111,0.7116217
2122,17076,0.7116096
272,46097,0.71160346
2077,33962,0.71160024
403,55136,0.7115594
2410,7459,0.7115587
930,57134,0.71155816
592,59346,0.71154475
2007,45980,0.71153396
1232,44881,0.71151793
651,3271,0.7115154
381,40422,0.7115127
1450,18926,0.7114944
1366,30833,0.7114892
2404,16748,0.71148443
2134,63614,0.7114844
1940,8468,0.7114798
409,18299,0.7114756
383,54028,0.71147025
1104,53192,0.7114668
183,5562,0.7114397
2290,29821,0.71141285
1182,32171,0.7114091
2036,19081,0.7113882
1458,4807,0.7113777
2438,39681,0.71133363
272,31853,0.71131456
1350,34984,0.7113077
111,11270,0.71129674
1469,40077,0.71127605
1073,58036,0.7112609
2092,28314,0.71125656
1683,28305,0.71124387
2137,32033,0.71124077
2458,35082,0.7112327
1451,8304,0.71120924
2112,21323,0.71119785
343,35935,0.7111839
1005,59825,0.7111776
1004,56979,0.71117085
232,18398,0.7111665
1217,11170,0.7111574
2134,41337,0.71115494
1181,61385,0.71115136
1435,52406,0.7111251
2264,45662,0.71111876
931,46954,0.71109277
116,39550,0.7110788
2325,38552,0.71107364
1715,36520,0.7110596
466,55691,0.71104765
625,55947,0.71103585
608,29963,0.7110291
1245,32837,0.7110212
355,23040,0.71102035
352,61103,0.7110175
1449,2345,0.7110174
1810,47735,0.71101683
127,33156,0.71101284
2311,32512,0.7110036
1004,25454,0.7109884
1361,55034,0.71098286
1493,19262,0.710979
1422,12142,0.7109663
790,1410,0.7109657
2440,9039,0.71096003
2499,7235,0.7109538
2038,33380,0.7109512
180,60316,0.7109471
2321,27582,0.7109436
841,19488,0.71093935
1566,42492,0.71091175
1699,41600,0.7109111
2501,12572,0.7109079
552,26191,0.7108841
466,26545,0.71086717
2159,38275,0.71085554
594,57661,0.7108499
2516,59307,0.7108447
729,54340,0.7108387
2523,11311,0.710829
1335,53496,0.71080035
1471,17197,0.7107893
1459,33580,0.7107891
134,1274,0.7107842
2413,9786,0.71076655
183,41504,0.71076417
1766,45096,0.7107495
608,17987,0.71074724
1894,52886,0.71073085
2268,39514,0.7107012
1777,8795,0.7106905
1987,23657,0.7106828
2315,1530,0.71067417
1735,35045,0.71066916
237,64072,0.7106625
2014,4967,0.7106601
1959,12273,0.7106384
1848,58227,0.71059424
2440,63918,0.7105887
1412,34720,0.7105824
1493,9988,0.710577
2080,30450,0.7105678
2444,52100,0.7105613
1726,53290,0.71054566
2129,17566,0.71053934
1822,56743,0.71053827
315,29036,0.71052694
1217,16258,0.7105241
1642,34732,0.7105225
1691,59334,0.71050763
524,25127,0.710489
1961,52794,0.7104733
254,9988,0.7104615
1789,37320,0.71045256
1799,35337,0.71041656
9,42091,0.71041626
701,12142,0.71041
1493,25475,0.710402
608,35311,0.7103946
1398,26746,0.7103895
1072,38294,0.71038836
1726,9462,0.7103846
2448,13744,0.71032417
2159,60208,0.710309
2033,27830,0.710303
548,3605,0.7102985
777,2762,0.71027863
2277,29268,0.7102574
2395,33580,0.71023947
2242,9923,0.7102258
1192,35230,0.7102185
1310,27855,0.7102051
2110,3665,0.7101927
594,19158,0.71018744
651,59375,0.7101466
1337,1832,0.71013254
2479,28689,0.71012944
697,8398,0.7101206
701,5535,0.7101103
2440,60455,0.71010935
1936,36520,0.71004164
180,41689,0.7100375
726,39063,0.7099867
2262,60772,0.70998216
2370,27463,0.7099651
675,44357,0.70996106
2129,61103,0.70994437
2058,14371,0.7099403
2523,26187,0.70992815
151,36355,0.7099243
769,40231,0.7099024
310,58530,0.70989406
1368,45905,0.7098836
2060,11541,0.7098826
41,51653,0.70988244
1469,47463,0.7098628
873,57588,0.7098411
485,61585,0.7098229
2370,37976,0.7098227
2315,63037,0.7098117
2453,30268,0.7098113
727,17316,0.7098063
701,17066,0.7098038
1542,20143,0.70976627
1940,23301,0.7097626
2329,27481,0.7097558
328,9558,0.70974165
138,1529,0.709729
2109,56597,0.70970905
2141,39229,0.70970786
2142,3289,0.709661
625,5130,0.7096564
2444,17974,0.70964605
1822,34772,0.70963883
1753,51273,0.709612
2444,43625,0.7095845
1940,22680,0.7095823
697,59951,0.70957816
2014,6283,0.7095766
2009,34770,0.70955145
869,30268,0.7095016
2511,50062,0.7094615
1465,61429,0.7094569
1450,9786,0.70942575
2038,24384,0.7094017
236,28881,0.70939803
71,16087,0.7093858
1894,39297,0.7093849
1504,5087,0.70937854
1940,3998,0.7093744
180,53668,0.7093612
1158,8509,0.7093557
467,57511,0.7093413
1493,49648,0.70934045
183,35097,0.7093328
764,26881,0.7093164
1605,4066,0.70930636
2120,3251,0.7093026
2608,52547,0.7092885
869,21904,0.70928836
179,5789,0.7092788
1516,45306,0.7092722
799,35459,0.70927036
2254,35264,0.7092645
388,30833,0.70925474
306,20353,0.70925283
826,825,0.7092509
1809,5630,0.70921135
268,36632,0.7091944
826,43016,0.7091943
625,11541,0.7091926
383,37976,0.709188
1525,12297,0.70918167
345,53424,0.7091772
1162,3386,0.70916724
2325,52161,0.70916045
43,59601,0.70914805
656,13679,0.7091428
1466,51158,0.7091131
869,48064,0.7091104
306,32999,0.70910656
1888,3109,0.7090926
1084,8831,0.70908916
2026,48229,0.7090871
2412,54474,0.70907724
2120,51627,0.70906794
1084,55774,0.7090666
2009,43107,0.70901984
1311,16624,0.7090148
2371,51549,0.708997
1217,50108,0.7089912
2038,59850,0.7089712
1493,27863,0.7089486
1957,20619,0.708923
1072,49658,0.7089164
869,19556,0.70887566
1854,29289,0.708873
1234,62792,0.7088729
2129,3179,0.7088576
2481,52406,0.70884734
2006,58040,0.70884585
1123,37787,0.70881516
1337,32534,0.7088082
1490,50112,0.7087929
699,32478,0.7087915
2040,48254,0.708751
2367,16853,0.7087303
111,34997,0.7087124
1981,51514,0.7087074
1450,12466,0.70867884
389,46648,0.7086744
1516,12758,0.70866466
2511,24309,0.70864904
1326,8304,0.7086333
1780,5017,0.7086085
307,10964,0.708598
594,22857,0.70859075
2503,45999,0.7085876
2410,49872,0.7085846
845,7945,0.7085285
728,35103,0.70852035
488,9805,0.70851636
918,14087,0.7085129
2325,23101,0.7085118
1096,57628,0.7085103
2358,42885,0.7085103
2315,53148,0.7084996
1469,25820,0.7084903
1699,10560,0.70848334
2429,53486,0.7084776
2502,14554,0.70846677
221,18318,0.70846456
2530,49158,0.7084554
400,2883,0.7084239
424,37787,0.70841867
180,16943,0.7084155
508,46421,0.70841205
180,19262,0.7084104
232,5624,0.7083917
2136,61006,0.7083789
1720,21454,0.70837855
297,11384,0.7083609
2549,29360,0.7083596
826,6154,0.70833814
179,2464,0.7083359
1703,21635,0.70832056
496,20909,0.7083124
351,61585,0.70830244
2471,62072,0.7083012
347,22885,0.7082962
320,46291,0.7082846
1812,5338,0.70827997
2453,43912,0.7082766
1753,18434,0.70827615
1368,39901,0.7082744
1801,39694,0.7082645
954,62072,0.7082515
706,13796,0.7082509
524,41504,0.70824116
1524,35131,0.708224
347,29469,0.708217
913,4575,0.7082089
2561,12319,0.70820075
547,12241,0.7081697
2440,22490,0.7081239
2453,27830,0.7081137
1948,53129,0.70809776
111,58736,0.7080826
2474,3765,0.7080711
116,31635,0.7080509
1350,16272,0.7080503
1559,18238,0.7080437
328,17397,0.7080382
981,7363,0.7080276
701,42573,0.70802116
2053,36632,0.70799375
1550,4508,0.7079895
974,10170,0.70797724
1546,9352,0.7079543
424,8526,0.707944
1412,4443,0.7079357
1894,29469,0.7079297
466,42283,0.7079215
1361,51769,0.7079171
367,57511,0.70791274
1493,9786,0.70790684
918,57731,0.70789546
1259,2195,0.7078952
857,5487,0.70788795
1412,18206,0.7078859
1937,14981,0.7078734
2109,47720,0.70786333
1965,16736,0.7078471
490,2776,0.7078469
747,50627,0.70783836
547,47486,0.7078193
1940,30242,0.70781374
1490,36529,0.70781136
602,33696,0.70775235
751,49296,0.7077509
1348,22065,0.7077491
1548,39297,0.7077091
2398,40249,0.70770574
2347,47395,0.7076981
1789,26439,0.7076957
1293,6519,0.70769477
457,17785,0.7076926
704,24305,0.70768404
2007,21985,0.7076725
1674,63614,0.7076553
113,21423,0.707638
869,59269,0.70762587
1274,18205,0.7076119
2501,53691,0.70758843
2323,14642,0.7075852
2097,23036,0.70757496
681,9859,0.7075669
1182,9805,0.7075288
1848,29405,0.7075027
918,43330,0.707487
1331,4466,0.70746213
1703,52662,0.70742565
1741,36528,0.7074182
466,64109,0.7074169
2414,32392,0.7074162
1550,43907,0.7074119
2446,33912,0.7074092
2499,20528,0.70739394
1500,19482,0.70739275
1733,38338,0.70737106
740,15657,0.7073692
1848,62941,0.70734334
2595,4334,0.707337
1493,11740,0.70733124
625,34040,0.70732844
2445,18542,0.7073282
1083,37608,0.707317
769,56944,0.7073127
1510,30895,0.7072865
1412,46175,0.707268
1072,17316,0.7072662
1982,18003,0.7072542
1629,42920,0.7072533
495,41977,0.7072403
970,45507,0.7072293
151,24468,0.707219
2547,59936,0.70719856
1490,60613,0.70719695
868,54493,0.7071922
2112,10535,0.7071814
1361,7103,0.70716
730,55363,0.70715284
465,10972,0.7071519
795,20542,0.70713973
81,11551,0.7071376
2412,12304,0.7071055
850,1933,0.7070825
2151,32392,0.7070751
1597,35935,0.70707345
172,5579,0.7070663
275,30691,0.7070512
1897,56125,0.7070509
2376,20143,0.7070426
490,3228,0.7070162
2129,35803,0.707009
1469,28685,0.7070013
1293,18003,0.7069959
1104,57628,0.7069781
1289,52457,0.7069774
306,12710,0.70696104
2474,63622,0.7069571
2066,60946,0.7069561
887,28114,0.70694065
1072,14981,0.7069232
2137,54103,0.7069127
1805,52517,0.706866
1699,23500,0.7068646
608,23586,0.7068514
1373,43035,0.70681554
2592,12017,0.7068044
699,22384,0.70678705
328,18910,0.7067573
1104,28385,0.70674944
254,56225,0.7067379
2445,2113,0.70671624
1425,44836,0.7067146
2608,14595,0.70671076
857,3833,0.7066888
1489,30308,0.7066827
1524,51613,0.70667756
1812,13727,0.70667684
621,20546,0.70667505
1458,47440,0.7066683
2511,22975,0.7066414
552,55313,0.70664
1084,62664,0.7066374
892,43727,0.7065855
1064,52706,0.7065803
1041,45723,0.7065649
1863,64163,0.70655566
1847,32933,0.7065527
1794,18434,0.70653886
2315,34372,0.70652807
1628,7420,0.7065265
613,2187,0.70652056
1437,47759,0.70650476
1723,7904,0.7064992
347,33156,0.7064817
268,18855,0.70647395
2078,6665,0.7064477
769,36689,0.7064288
1636,16748,0.7064279
1854,43717,0.70641065
706,34941,0.70639706
730,9782,0.70636946
866,56743,0.7063607
67,53772,0.7063502
2499,53977,0.70631623
2206,59342,0.7063149
2315,26181,0.70631444
1936,60456,0.7063112
2,27564,0.706298
1096,6148,0.7062977
2129,28616,0.70629704
1591,27202,0.70629
2007,30456,0.7062855
1072,29840,0.70628434
2058,42573,0.7062788
1232,50833,0.70627594
1937,38294,0.7062733
1310,38917,0.70626414
1545,16132,0.70624936
2434,61019,0.7062408
820,32999,0.70622915
1812,56761,0.70622236
268,19091,0.7062192
301,57125,0.70619506
2217,8111,0.7061732
1337,57628,0.70617115
258,1869,0.70614636
1458,39569,0.7061267
1489,51720,0.7061243
938,37142,0.7060933
824,15242,0.7060897
1822,529,0.7060854
37,53129,0.7060806
2254,53105,0.7060758
2026,6084,0.7060539
656,34770,0.7060441
1822,29280,0.7060394
1959,44402,0.70603454
2595,47504,0.7060208
1331,45816,0.7060088
1756,62901,0.7059846
1036,53775,0.7059593
2347,49034,0.7059547
844,4519,0.7059373
853,36140,0.7059325
151,16390,0.7059309
2369,19226,0.70592415
1135,11028,0.7058715
2542,43640,0.7058686
1513,34084,0.70585245
1091,3542,0.7058514
2254,58226,0.7058468
451,3234,0.7058387
1718,9644,0.70583117
2523,18299,0.70582306
1072,26123,0.7058221
466,27110,0.70581603
1667,49461,0.70577395
2499,34018,0.7057662
1550,43853,0.70576
609,21752,0.70575964
887,44385,0.70573926
1412,7386,0.7057334
2022,60345,0.70573336
2141,44276,0.7057135
1981,4663,0.70571196
1894,40470,0.70570433
200,10005,0.7057001
746,5770,0.70569587
2120,25586,0.70567274
552,46108,0.70565414
656,24524,0.70563304
328,61103,0.7056229
931,42537,0.70561975
1350,13037,0.70561814
2078,54952,0.7056109
1510,47147,0.705577
2110,58477,0.705575
2458,40024,0.70554835
1959,35639,0.7055384
379,63945,0.70552325
2347,36969,0.7055154
67,46437,0.7054999
2244,56934,0.7054745
845,50829,0.7054615
1171,14652,0.7054545
1546,51990,0.7054544
320,51994,0.7054116
2535,12366,0.7053921
807,22803,0.7053908
701,41213,0.7053865
1096,44070,0.7053716
651,12712,0.7053671
807,23390,0.70536613
820,42976,0.7053603
970,39605,0.7053566
1361,52531,0.7053474
1894,55382,0.7053429
2369,40729,0.7053418
2571,56662,0.70533705
200,12304,0.7053256
727,34798,0.7053111
1158,18833,0.7053027
747,51252,0.70528823
2369,32091,0.7052772
2430,52181,0.70526284
268,32500,0.70526266
2485,39433,0.7052491
1733,3598,0.7052485
1361,13440,0.7052313
1056,8031,0.7052215
552,57777,0.70522106
613,44550,0.70521975
1699,39009,0.7051978
473,20029,0.7051952
2571,6283,0.70519114
37,57721,0.70518255
1453,18858,0.7051693
488,17713,0.7051448
625,61293,0.7051429
1293,33912,0.70513815
1876,59680,0.7051369
1022,29386,0.7051228
1965,12112,0.70511705
2237,31823,0.7051112
1412,55046,0.7050818
2502,41533,0.7050588
1276,26879,0.7050308
2110,40790,0.7050197
328,48824,0.7050195
2112,18632,0.70501196
764,43422,0.7050098
43,529,0.7049885
138,10289,0.70498586
815,22065,0.7049674
2602,34408,0.7049612
887,45980,0.7049476
2154,8334,0.7049475
1501,26964,0.7049321
706,46128,0.7049237
1083,10483,0.7049089
1151,8111,0.70488656
1447,3311,0.70488334
594,43682,0.7048796
1937,9803,0.70487845
1774,50871,0.70485806
1826,55794,0.70485693
2129,30949,0.7048559
1158,53900,0.7048557
1368,8432,0.7048502
347,40470,0.7048424
740,21922,0.7048418
435,34340,0.70483327
2375,8699,0.7048315
389,42849,0.7048284
2417,12302,0.70482516
1104,39947,0.7048019
1937,17247,0.70478576
740,23522,0.70478094
552,20876,0.7047727
2120,5716,0.7047657
888,26578,0.7047516
2093,36030,0.7047478
608,37142,0.70473695
1981,57650,0.7047226
2474,61042,0.7047185
451,61774,0.7046927
706,41345,0.7046671
1368,50958,0.7046657
1559,8762,0.7046461
690,29963,0.70459867
2463,26754,0.70457244
466,57488,0.70456886
80,18085,0.7045655
1310,666,0.7045537
275,58429,0.70449746
2290,55140,0.7044842
1039,21422,0.70447636
2127,12003,0.70446473
1691,5292,0.70445347
2208,43422,0.70445126
2375,63622,0.70445096
789,14081,0.70443827
200,56270,0.7044332
1072,42573,0.7044271
931,45980,0.70442426
43,34772,0.7044238
2262,36009,0.7044165
1545,35935,0.7043508
2137,18855,0.7043458
379,932,0.70431566
2511,49714,0.704315
857,5702,0.7042979
1271,9595,0.7042912
2602,37857,0.7042575
1805,11329,0.70425683
887,11268,0.7042562
722,46762,0.7042514
1459,45980,0.70424867
1703,32315,0.7042208
1005,39809,0.7042155
673,21730,0.70421463
825,3595,0.7042141
552,7525,0.70421344
1451,59393,0.7041897
1412,9698,0.7041874
2242,15861,0.7041731
790,30070,0.70415795
1501,46545,0.70415485
199,61696,0.7041501
1024,32907,0.70412576
820,3872,0.7041036
2287,44141,0.7040895
1555,49137,0.7040686
2237,40484,0.70406675
2369,43919,0.7040551
2347,48130,0.70405376
1812,27745,0.70405084
1614,16538,0.70400864
699,27857,0.7039603
2530,44402,0.7039528
351,31531,0.7038996
1361,6742,0.70385784
2363,44758,0.7038419
1022,23604,0.703822
815,33369,0.7038144
602,39901,0.7038131
2445,22065,0.70380557
2429,5465,0.7038039
1071,11813,0.70377517
435,19610,0.70377135
626,34234,0.7037704
1010,29640,0.7037614
1535,41769,0.70375884
2092,23604,0.70374656
981,666,0.7037437
1876,22516,0.7037423
1735,28641,0.7037298
1459,38355,0.7037075
328,21883,0.70369786
2038,45889,0.7036797
887,15253,0.7036779
2315,15253,0.7036737
895,45382,0.7036707
2038,24004,0.70367026
2369,23616,0.7036526
1768,12926,0.70364785
490,41972,0.7036252
857,15938,0.7036108
2448,36632,0.70360863
2217,32957,0.7035988
2547,63588,0.7035898
1781,53887,0.7035759
2230,11747,0.70357466
1035,18910,0.70357335
500,2180,0.703573
2521,29808,0.70357263
656,25627,0.70355034
29,9595,0.703545
1506,42525,0.70353997
2347,41954,0.70353925
2398,62999,0.70352036
2262,33027,0.7034953
2291,29326,0.703483
1488,6148,0.7034827
451,16853,0.70343715
2495,35230,0.703421
848,2219,0.7033889
684,61690,0.7033888
2096,52054,0.70338297
2503,59951,0.70337844
2514,13108,0.70336795
552,49296,0.70336205
1264,64160,0.70334077
2441,56934,0.7033326
719,45805,0.7033326
2316,42612,0.70331895
2495,33915,0.7033111
1753,2875,0.7033077
1718,56304,0.70328236
1274,60702,0.70327854
1628,31888,0.7032706
1232,27405,0.70326966
268,36278,0.70326
1004,39706,0.7032082
179,16274,0.70317525
918,56664,0.70317006
2020,29274,0.703168
328,38355,0.7031536
1293,14067,0.70314986
1162,46567,0.70314443
1036,56281,0.7031326
602,19775,0.7031305
1798,11640,0.70311344
1965,21454,0.7031046
552,42542,0.70310175
2511,51968,0.7031015
1524,24289,0.70309854
2323,42537,0.7030958
1389,25655,0.7030762
824,55845,0.70304674
1741,8023,0.70302737
2444,9393,0.7030201
1805,25025,0.70301783
1073,32760,0.703016
1495,41194,0.7030133
2516,41733,0.70301235
769,15665,0.7030025
144,52060,0.70300114
2521,19840,0.70299304
725,30305,0.7029686
1650,34720,0.70295966
420,50835,0.70289576
2347,20709,0.70289004
2009,24289,0.70287913
799,9790,0.7028594
2000,29963,0.70285165
2547,24764,0.702851
1805,51692,0.7028507
1139,64262,0.7028395
1588,29274,0.7028215
725,59040,0.70281094
790,47112,0.70278335
1885,33220,0.7027772
1139,35294,0.7027441
2311,62379,0.70273983
1718,7504,0.7027367
328,13962,0.7027286
577,3998,0.7027258
2474,28206,0.7027124
2254,49235,0.7027056
2404,28314,0.7027024
1636,28314,0.70269656
20,8206,0.7026676
2571,10535,0.7026644
2242,53553,0.70266217
690,55465,0.70265687
2441,17384,0.7026535
1847,3107,0.7026022
2022,23585,0.7026012
1136,6850,0.7026
1181,2523,0.7025875
1137,21668,0.70258313
1327,45879,0.7025751
1888,12716,0.70257384
1524,42949,0.70255315
2535,32392,0.7025428
1337,35435,0.70254123
1982,22731,0.70253766
1022,30450,0.7025351
627,47175,0.70250213
892,55774,0.7024877
1548,30421,0.702483
2092,31417,0.7024802
1703,17331,0.70245886
1614,56662,0.70244944
119,63724,0.702441
352,59998,0.7024257
651,6044,0.7024149
1516,50540,0.70240635
1473,30776,0.7023965
1564,33807,0.7023913
2147,55705,0.702381
383,40296,0.7023744
2414,29920,0.7023696
2311,32731,0.70235443
1373,41786,0.7023309
1948,51641,0.70232224
1805,63017,0.7023174
2592,27593,0.70231473
2595,13096,0.7023144
1965,19262,0.7022992
1569,39394,0.70229846
116,20341,0.70229787
1437,58869,0.702266
1564,59538,0.70225847
2061,23539,0.7022411
845,14213,0.7022347
1959,37039,0.7022337
1805,41450,0.70221454
482,30331,0.70219296
1936,39550,0.70218974
1045,28957,0.70218235
2499,61145,0.70217776
2429,60455,0.7021713
37,51641,0.7021713
887,19158,0.70216954
1459,6070,0.7021669
2006,20914,0.7021626
2281,13793,0.7021577
310,22384,0.7021386
1259,38688,0.70213497
2499,4040,0.7021327
1368,52075,0.7021168
2429,40316,0.7021078
2384,36967,0.7020919
259,41337,0.7020917
2592,18149,0.70208883
1796,60385,0.7020837
1331,18140,0.70204794
297,35935,0.70204157
1510,61384,0.70202875
1292,49601,0.70202374
2022,41109,0.70199955
232,62272,0.7019867
2499,37702,0.7019608
81,11111,0.7019496
567,46025,0.7019148
1650,14827,0.70191157
2281,61291,0.701893
789,30748,0.7018691
379,15938,0.7018374
2474,6351,0.7018228
345,6318,0.7018204
844,13515,0.70181596
1236,4093,0.70180947
1720,13814,0.70176435
1733,6317,0.7017616
2040,29036,0.7017295
1936,54264,0.7017057
328,41974,0.70168436
2602,60594,0.7016711
420,56484,0.7016703
2412,60188,0.701667
1304,28942,0.7016606
1885,2845,0.7016504
341,9595,0.7016295
1063,18129,0.7016204
500,62407,0.701602
1137,39837,0.7015793
531,44986,0.70154977
2120,34957,0.70153534
314,31469,0.7015306
1274,4040,0.7015178
1513,30737,0.7015177
1690,42782,0.70151174
941,53357,0.7015112
1705,56656,0.7015089
1749,13037,0.70150405
320,55698,0.7014986
1718,35848,0.7014887
2530,34408,0.7014854
306,9595,0.7014835
116,49374,0.70147866
9,14824,0.70147604
1805,47824,0.70145786
456,52657,0.7014559
789,50780,0.7014508
1276,19763,0.70144475
1162,43060,0.70142794
866,28525,0.70140845
1781,61156,0.7014083
2287,49426,0.7013954
1957,47068,0.70139384
1691,14364,0.70136535
2264,9762,0.7013582
467,31469,0.7013457
706,967,0.7013426
496,39290,0.70132303
172,52265,0.7013216
918,45648,0.7013154
1056,57667,0.70130706
931,38614,0.7013061
2608,6275,0.701295
1523,55964,0.7012899
1104,43129,0.70128596
636,2910,0.70125914
1379,24483,0.70121485
845,60210,0.7011973
1373,49814,0.7011876
1002,11452,0.70118034
844,1933,0.7011653
119,25684,0.7011539
144,53527,0.70114636
2474,31411,0.70113206
2009,49333,0.7011069
307,40467,0.70110667
1472,62901,0.70107317
807,50108,0.7010644
2369,46175,0.7010465
499,48069,0.7010361
1564,53684,0.70103055
2387,53663,0.7010065
517,20143,0.7009913
144,4206,0.70097876
1229,23207,0.70097566
706,35130,0.7009561
2534,34744,0.70095575
1490,63550,0.7009517
1719,36092,0.7009491
1125,13871,0.70093477
2430,44758,0.7009239
2240,38149,0.7009084
1957,59363,0.7008706
1548,57588,0.7008569
2230,64083,0.70084524
1453,57588,0.700845
1412,43278,0.7008418
1331,19343,0.70083773
1142,15491,0.7008192
675,13715,0.70081145
1605,12042,0.7008009
375,19158,0.7007905
199,44003,0.70078534
2040,14310,0.7007705
29,12710,0.70074934
1093,38759,0.7007363
1501,23392,0.70073426
1468,13949,0.70072514
753,14805,0.70067644
1650,37229,0.7006709
940,3946,0.7006679
1056,35337,0.7006418
383,49905,0.70062906
1564,46106,0.70062375
81,51453,0.7006234
2323,43278,0.70061153
751,9516,0.70058537
2242,6998,0.7005775
2154,18327,0.7005663
678,40908,0.7005607
268,18398,0.7005456
1135,29762,0.7005407
2122,39550,0.7005365
1247,52075,0.70052344
2514,51297,0.70052135
1072,46828,0.70050347
1395,35666,0.7004984
101,50737,0.7004968
1385,8573,0.70048517
164,47463,0.70047337
2428,31442,0.70045996
824,46940,0.700449
2288,2127,0.7004299
2561,14556,0.70042056
1166,47440,0.70041573
1501,55046,0.7003991
2262,36277,0.70039344
2311,23109,0.7003912
496,57374,0.70036125
1217,3705,0.7003478
848,21340,0.7003453
1022,17280,0.7003363
177,16218,0.7003344
179,50248,0.70032567
2237,10007,0.7003173
2142,60630,0.7002951
1056,20496,0.7002853
764,41572,0.7002826
2503,27830,0.7002622
2423,22024,0.7002543
1359,58163,0.7002215
2141,2576,0.70017946
1116,22885,0.70017385
101,29274,0.7001719
2474,63382,0.7001673
2410,64161,0.7001463
2535,11268,0.70013833
609,61145,0.7001004
1524,33033,0.7000994
113,57721,0.70009804
1104,953,0.70006907
873,2180,0.70005906
730,18205,0.7000486
2358,46289,0.700034
2237,7534,0.7000271
2311,17772,0.7000166
1903,43049,0.7000132
706,32776,0.7000083
931,34097,0.699994
2561,50416,0.69996244
2530,62619,0.6999473
2254,39681,0.6999134
892,40897,0.6999117
1981,6890,0.69991124
1906,58198,0.69990164
258,63845,0.6998975
2323,6494,0.6998726
2311,14924,0.6998634
1981,11740,0.6998614
138,27401,0.69983244
1546,26258,0.6998182
2511,52986,0.6998142
1812,8831,0.6997973
80,41733,0.69978535
1447,9513,0.69978476
2291,30891,0.6997832
375,51866,0.6997819
953,28134,0.69978124
602,12964,0.6997709
895,23072,0.69976866
751,37320,0.6997647
1368,40052,0.69975567
1163,7373,0.69973975
2141,47993,0.69973826
496,40332,0.6997331
769,28959,0.6997328
2277,30424,0.6997328
1569,6673,0.69973004
938,38987,0.6997077
2511,52942,0.69969434
1379,28202,0.69968903
651,33277,0.69967306
2474,38958,0.69967127
602,6792,0.69967103
2082,27289,0.6996503
1271,53691,0.69964814
1245,19488,0.6996251
1957,11341,0.69962347
488,58990,0.69960994
2511,15386,0.6996041
2535,9692,0.6996014
705,13679,0.6995763
1718,37268,0.6995629
699,8398,0.6995438
2099,21004,0.6995163
435,19948,0.6994988
1063,12990,0.69947636
314,44931,0.6994542
2097,18910,0.69944763
1039,64108,0.6994244
383,44943,0.6994214
1968,26416,0.6994034
473,57444,0.6993805
517,35234,0.6993788
1650,9979,0.6993649
1472,20341,0.6993616
2262,38510,0.69935685
2602,8412,0.6993538
2321,43350,0.69934404
928,45324,0.6992904
1039,2754,0.699282
706,31053,0.6992738
1490,16353,0.69926965
113,29386,0.6992651
1104,60354,0.6992645
2040,44767,0.6992456
2237,17247,0.6992306
2140,20183,0.6992153
1208,23654,0.69920766
2499,28335,0.69920695
37,50780,0.69919825
2311,45137,0.6991919
2414,59334,0.6991846
1641,17772,0.69915956
706,7420,0.69912994
1506,38426,0.6991279
1702,31309,0.699095
1139,47641,0.699075
1650,17713,0.6990403
2128,45178,0.6990291
127,42782,0.6990211
593,56536,0.69901466
2224,32392,0.6990144
913,42405,0.6989813
1398,11268,0.69898045
1636,8555,0.6989658
2429,37005,0.69895947
1488,13722,0.69894075
1588,3939,0.6989155
824,56694,0.6989138
565,31393,0.6989101
2036,22952,0.6988742
1467,25978,0.69886637
2268,27289,0.6988654
1719,51297,0.6988489
830,42298,0.698835
435,51549,0.6988218
699,9631,0.69882107
1071,58040,0.6988146
751,42235,0.69881356
727,38294,0.6988019
2006,21922,0.69878155
1798,9809,0.698773
2066,52302,0.698766
467,11340,0.69876486
2347,46113,0.6986964
1805,6677,0.69868124
200,58557,0.6986754
2428,5597,0.6986749
2571,4967,0.69862497
2602,44402,0.69858056
1104,1832,0.6985674
928,9577,0.6985618
2290,33033,0.6985618
2523,27753,0.698547
1488,11035,0.6985043
873,61948,0.69850326
1665,41368,0.69849575
769,34720,0.69847524
2022,30456,0.69847
41,35727,0.6984657
172,31190,0.69845235
1056,42542,0.6984374
2268,24740,0.6984311
508,30949,0.69841874
2323,18629,0.69841844
2092,8968,0.6983914
113,16748,0.69837457
928,24966,0.69837415
1863,51613,0.6983588
1615,10890,0.6983426
722,27953,0.69833463
2036,34331,0.6983311
1569,37268,0.6983268
260,50105,0.6983058
608,22744,0.69830084
1720,47087,0.6982808
848,13515,0.69827545
2242,51621,0.6982719
1039,53354,0.69825834
1605,23262,0.69825655
1348,7011,0.69825333
1876,36952,0.69822764
1134,56934,0.6982269
489,25614,0.69822264
2516,17329,0.69822145
1588,39935,0.6982213
1096,13722,0.69821703
1658,22411,0.6981747
1139,41909,0.6981723
1331,34650,0.698172
1315,29394,0.6981363
1691,17166,0.69813424
959,51571,0.69812804
1229,7529,0.6981098
1368,9722,0.6980884
1036,4991,0.6980781
728,41629,0.6980741
2516,48858,0.69804645
873,1253,0.69804484
1488,10654,0.69803023
2523,34154,0.6980271
1331,33580,0.69800174
2549,2244,0.6979728
2136,25429,0.6979718
496,22794,0.6979587
1036,483,0.69794595
2040,46369,0.69794476
1467,45318,0.69794375
1614,21619,0.6978901
751,21047,0.69788694
913,55033,0.69786865
1473,57630,0.6978199
2352,53399,0.6978187
2134,32928,0.69781685
1720,538,0.69781065
2514,48100,0.6977971
258,48837,0.69779265
1470,30772,0.6977623
1056,46563,0.6977439
531,42920,0.69774127
865,4443,0.69773626
1348,17730,0.6977222
1781,24289,0.6977149
1271,51429,0.6976985
2316,12443,0.6976847
2608,47759,0.6976819
2321,48392,0.69767904
405,3289,0.69767535
1488,57628,0.6976665
1774,47674,0.6976641
2471,52306,0.69763386
2311,5637,0.6976118
751,42542,0.6976104
2516,51023,0.6976063
2078,15425,0.6976039
488,18476,0.6975894
2382,45125,0.6975673
719,54941,0.6975521
2097,23243,0.6975358
314,14340,0.697521
938,54255,0.69750947
1959,11329,0.6975008
435,22421,0.6974975
183,24944,0.69749177
2224,19158,0.6974906
1588,50737,0.6974869
1056,61145,0.6974734
2006,45753,0.69745266
523,56662,0.6974419
1959,41450,0.6974348
2462,2195,0.6974321
824,34920,0.6974175
1471,57773,0.6974093
728,44117,0.6973965
2523,62996,0.69739056
1337,37809,0.6973518
1274,53276,0.69732106
593,28314,0.69729805
981,62272,0.6972865
2092,34290,0.69728243
1753,25622,0.69728076
1271,47739,0.6972805
2463,41769,0.69727737
1331,58040,0.6972652
1070,21752,0.6972059
824,44376,0.69719183
405,52843,0.6971738
1002,33670,0.6971574
80,36667,0.69707066
1104,43035,0.6970693
2315,44385,0.69706917
1888,1750,0.6970633
675,55698,0.6970593
1495,4915,0.69704884
1723,41058,0.69703925
2137,40897,0.69703835
1271,16017,0.69703805
1217,3034,0.69701767
1756,47112,0.6970154
887,8237,0.6969988
1472,48490,0.69698495
2036,1563,0.6969488
2437,54303,0.6969404
2082,38475,0.69692856
2605,5478,0.6969254
1002,12499,0.6969204
824,48207,0.69690347
753,46318,0.6968845
103,49312,0.69687593
518,42790,0.69687235
760,62857,0.6968396
678,40488,0.6968328
1024,18833,0.6968216
1171,5983,0.6968157
1650,3973,0.6968149
508,36092,0.6967857
2078,25283,0.6967628
2414,36734,0.6967298
1036,15190,0.6967264
732,62603,0.69671106
238,12708,0.6966966
2290,39418,0.69668424
1801,24185,0.6966482
873,33773,0.69663286
2137,33156,0.6966161
36,8509,0.69661486
260,25869,0.69660777
1474,16923,0.6966034
413,37679,0.69659764
1715,49296,0.6965644
726,31053,0.6965533
1749,15065,0.6965516
2238,46732,0.6965361
473,12503,0.6965357
1274,47330,0.69653517
1705,35490,0.69652355
1234,34154,0.6965028
1259,11173,0.69641745
1735,35581,0.69638
1605,60799,0.6963656
2309,49267,0.6963543
1056,21924,0.6963496
2571,60417,0.696331
1447,34812,0.696319
2268,59310,0.6963062
713,41544,0.69629025
708,13796,0.6962841
1368,22010,0.69627666
857,35459,0.69627285
1799,12499,0.69627124
1276,20624,0.6962681
2316,22975,0.6962563
651,41015,0.69624853
80,51273,0.6962384
181,4575,0.696203
2277,48623,0.69619435
2530,50871,0.6961912
1888,55875,0.6961682
1217,24966,0.69615376
2414,54674,0.69613373
2055,63614,0.6960362
1259,15350,0.696017
1181,42063,0.6960163
1699,26187,0.69600576
1315,17976,0.6959896
675,34498,0.69598955
1045,35887,0.6959691
413,10637,0.69596666
2004,41632,0.6959591
413,63415,0.69595206
403,49905,0.6959425
1546,2616,0.6959398
981,35236,0.6959177
435,58788,0.6959042
1187,11030,0.695896
1510,63089,0.69588006
1201,19237,0.6958748
717,12634,0.6958742
306,12572,0.6958741
1395,30232,0.6958712
2040,14020,0.6958648
713,53793,0.69584966
2153,9631,0.6958486
1234,31888,0.6958437
1217,44758,0.69583255
2370,34586,0.6958074
489,30685,0.6957816
1718,35095,0.6957451
1042,15513,0.6957308
317,38115,0.69570434
2097,50155,0.6956885
684,18704,0.6956874
873,48623,0.69567126
258,39079,0.69566685
1495,27299,0.69566524
2441,63259,0.69563246
2061,64072,0.69562787
2173,6295,0.6956112
1758,30650,0.6955944
1690,16390,0.6955923
473,26445,0.69558287
888,50197,0.6955709
2022,63171,0.6955578
1614,55856,0.69554055
2523,56771,0.695528
1674,57483,0.6954986
1056,25761,0.6954897
1614,1877,0.6954813
403,1440,0.69547784
2237,58759,0.6954691
2288,27387,0.6954478
2444,18319,0.69543
951,34181,0.6954212
1034,2186,0.6954167
29,47739,0.6954138
1453,22399,0.6953882
1136,5053,0.69534105
488,22136,0.6953389
1733,22024,0.69533837
1541,13843,0.69532526
1959,41656,0.69532484
1731,27315,0.6953222
258,53775,0.69531655
1042,26660,0.69530344
1198,33305,0.69529927
1047,26734,0.69527715
1234,52628,0.6952521
602,57170,0.6952521
1005,22731,0.6952504
2382,18238,0.6952294
1468,41058,0.69521946
317,6714,0.69521403
931,44385,0.6952133
713,25211,0.6951971
2369,39813,0.69519544
1337,60210,0.6951846
1641,17292,0.69518155
888,6428,0.6951561
1110,62999,0.6951468
2384,26143,0.6951369
717,967,0.6951089
1259,7969,0.6951081
518,61398,0.6951081
1471,37687,0.69509363
1641,19485,0.69505775
958,49014,0.6950551
29,30268,0.6950493
913,26633,0.6950296
1474,20626,0.69502
2153,6844,0.6950135
2608,45165,0.69500995
887,32392,0.6949954
1063,47112,0.6949891
1022,28314,0.6949551
857,10990,0.69493186
769,48928,0.69488966
602,60173,0.69488627
2369,61651,0.6948496
2410,35848,0.69484484
1488,29529,0.69483584
2054,40908,0.69481736
1749,63588,0.69481665
2426,61931,0.69481033
1467,20215,0.6948068
1473,2413,0.6947855
473,25127,0.69477713
258,59089,0.6947408
80,42192,0.6947347
1959,60385,0.69471633
2602,25586,0.6946902
1034,19872,0.6946889
2224,25703,0.69467694
705,16892,0.69466186
518,27784,0.6946583
799,6519,0.69463515
727,21488,0.69462276
1501,57158,0.6946206
1344,4596,0.6946202
2147,41504,0.694594
1665,57628,0.6945909
435,17906,0.69457793
355,60095,0.694566
2430,3034,0.69454306
567,19205,0.694543
1731,3743,0.6945343
138,18567,0.694484
1395,44367,0.6944686
2092,30685,0.69445276
857,12964,0.6944345
2437,20796,0.6944318
799,52271,0.6944207
2165,49977,0.6944158
712,19536,0.69441044
1201,51627,0.69440657
101,49871,0.6943679
1198,32237,0.6943431
86,314,0.6943412
500,45025,0.69433343
760,27953,0.6943301
446,3744,0.69431835
488,37729,0.69430846
807,16258,0.694289
2261,45127,0.6942847
2061,34997,0.6942617
799,31646,0.6942525
1735,8154,0.6942351
2561,43737,0.69422126
405,28206,0.694221
232,20029,0.694216
1104,50459,0.6942015
2151,46180,0.6941697
981,26445,0.6941575
2444,61955,0.6941335
1216,19270,0.69412977
1720,18704,0.6941254
383,39290,0.6941095
2429,13741,0.6940869
1500,51514,0.6940758
1982,47385,0.6940587
2224,466,0.69401973
2137,14009,0.6940067
730,13263,0.6939968
2143,2740,0.69398654
1002,50248,0.69396734
2561,21028,0.69395053
2141,1509,0.6939373
2369,56144,0.6939233
2036,30906,0.69391346
2060,34040,0.69391334
420,24560,0.6938802
2277,21177,0.69387716
2429,30753,0.6938703
1034,35490,0.69383836
1034,56656,0.6938221
2143,21752,0.693787
2439,61103,0.69378054
1703,41094,0.693763
1495,5838,0.6937562
144,31947,0.6937146
1805,44402,0.6936934
1336,25443,0.69368625
2608,63011,0.6936451
1002,37702,0.6936421
1181,42391,0.6936387
1448,38219,0.69362336
2291,6440,0.69361615
2025,50751,0.6935837
1056,18299,0.69356346
2097,4298,0.6935577
1781,45982,0.6935502
1182,44519,0.6935325
2022,39384,0.6935289
2078,31582,0.69352835
1467,7518,0.693488
1798,19270,0.69348586
1293,9790,0.6934848
81,56201,0.6934789
895,53983,0.6934739
1812,11204,0.69347274
608,38987,0.6934297
1293,35459,0.69342184
2376,19482,0.69341016
2022,60710,0.693395
1733,25118,0.6933826
320,19405,0.6933799
1447,61035,0.6933336
2367,3234,0.6933286
2061,56834,0.6932889
1005,35311,0.69327855
2523,52302,0.69322896
1790,41194,0.6932166
718,52854,0.6932106
499,34154,0.6931957
848,39437,0.69317853
1447,51343,0.69317
500,15006,0.69316983
2542,50907,0.69313806
1490,43907,0.69313717
1691,23214,0.6931239
1368,7505,0.69310474
2602,43419,0.69308835
251,22990,0.6930769
1641,20480,0.6930735
719,24415,0.69306684
379,45864,0.693064
764,18855,0.6930614
2347,1750,0.6930369
2463,39854,0.6930351
239,23539,0.69303435
865,5087,0.69300866
1735,30685,0.6929989
260,18299,0.6929878
706,4334,0.69298565
1597,8646,0.6929728
1674,21565,0.692955
1217,14528,0.69295454
287,60342,0.6929532
2429,51621,0.69294477
862,62683,0.69293034
1650,26775,0.6929196
1939,32865,0.692909
1733,29255,0.69288796
1022,21786,0.69288385
2141,5465,0.69286287
2242,37894,0.69282657
2571,46640,0.69280654
760,32656,0.6928023
2254,27523,0.69280165
1359,10005,0.6927979
1641,53399,0.69277084
2470,54369,0.69276005
2112,56906,0.6927564
1641,6677,0.6927557
1702,17810,0.6927494
1191,36520,0.6927248
1474,54689,0.69271904
1398,8111,0.692713
608,19549,0.69270825
2441,60434,0.69269896
1467,59040,0.69264936
2608,27830,0.69261783
2522,56705,0.6925936
168,24524,0.69256926
1650,21904,0.69255173
913,61717,0.69254726
2051,21107,0.6925459
531,13913,0.6925436
2309,34435,0.6925404
1735,12227,0.6925309
2268,32445,0.6924958
2439,48207,0.6923995
2268,49740,0.69238245
1720,61690,0.6923746
577,13649,0.6923568
1259,56281,0.6923432
1735,16748,0.6923317
845,2177,0.6923119
2141,47395,0.6923103
2485,60731,0.69229126
611,1890,0.6922858
1201,18378,0.69228494
2287,52019,0.6922564
627,54254,0.69225246
1192,25395,0.69224715
2429,11614,0.69223773
2401,46435,0.6922138
1166,39569,0.6922128
2151,52022,0.692194
1690,21635,0.6921452
705,58600,0.6921422
221,50781,0.6921409
1757,60783,0.6921382
730,23578,0.6921231
753,30685,0.6921203
602,45905,0.69211435
2051,46834,0.69210964
2004,21985,0.6920854
895,51252,0.69207454
684,9709,0.6920631
1650,56612,0.6920535
2429,9923,0.6920339
865,21752,0.6920084
2561,31853,0.6920039
1034,34957,0.6919999
1650,6890,0.6919986
24,58298,0.691994
1903,14442,0.6919855
704,13796,0.6919575
2143,3621,0.6919551
930,46244,0.6919535
489,21614,0.69193655
127,52741,0.69192934
1234,1440,0.69192916
2099,7950,0.6918622
2347,59363,0.69185686
1782,62834,0.6918112
1735,21423,0.6918097
1942,2834,0.69180536
1569,7459,0.6918039
1987,57632,0.69180167
826,47649,0.6917945
1234,15551,0.69174933
1063,51463,0.69174856
2038,18337,0.6917454
726,45165,0.69174016
895,63486,0.6916679
1617,40316,0.69165134
779,28685,0.69164765
103,13318,0.6916424
1782,5296,0.6916363
144,64009,0.6916218
1702,52317,0.6916175
1854,34774,0.6916084
1359,5769,0.6916059
2481,59825,0.69157517
499,46608,0.6915409
2316,46354,0.69154024
355,46056,0.6915064
2233,41886,0.69150364
1096,61156,0.6915027
379,53973,0.6914977
2137,20624,0.6914573
1753,54640,0.69145083
705,6283,0.6914463
2288,18476,0.6914391
260,28786,0.69142306
1234,56348,0.6914166
1034,7504,0.6914061
2516,26881,0.69140154
1247,40718,0.69139695
991,28335,0.6913903
1216,46691,0.691383
1217,3152,0.691361
2479,61463,0.6913407
473,23889,0.6913192
1034,19237,0.6913079
403,27113,0.6913073
1281,9079,0.691294
593,14619,0.6912884
1735,25614,0.69126815
841,37034,0.6912643
1863,53684,0.6912351
2092,17911,0.69122136
2137,52741,0.69116455
1843,39976,0.6911523
260,7954,0.6911291
1234,7420,0.6910628
2036,47516,0.6910596
1665,42885,0.69102514
1832,44276,0.69100296
347,22163,0.6909783
1735,29386,0.690976
848,3272,0.69097155
2439,22806,0.6909621
2437,8329,0.690907
1022,59852,0.69089663
1245,19587,0.6908717
1310,12503,0.6908628
2097,29784,0.6908585
799,5702,0.69085264
1042,11727,0.69082904
2020,51709,0.69081026
317,8111,0.6908071
1854,47674,0.6907873
865,59269,0.69078076
1449,953,0.6907791
2534,19414,0.6907679
931,43487,0.69075704
2369,7386,0.6907482
2022,41952,0.69072586
2141,49034,0.6907255
2571,38005,0.69072473
2287,23777,0.6907222
1182,16923,0.69070977
86,5948,0.6907067
2463,53022,0.6907041
1327,52517,0.69070333
2370,20743,0.6907004
845,43640,0.690692
495,26215,0.69069177
352,21883,0.690683
1703,52741,0.6906738
928,62700,0.6906716
841,41515,0.6906587
196,40455,0.6906434
403,41263,0.69064075
2602,34869,0.6906402
2608,6844,0.69063026
958,56693,0.69061744
2444,57132,0.6906125
517,47627,0.6905836
1084,57953,0.6904987
2316,54001,0.6904964
848,44367,0.6904856
1359,54369,0.6904805
337,37231,0.6904758
941,40808,0.69044226
1198,16714,0.69044065
1228,63803,0.6904323
2458,9915,0.6903922
2116,6187,0.6903897
627,32794,0.6903796
887,29640,0.69037694
531,29504,0.6903763
2017,59346,0.69036794
1769,28867,0.69036716
1749,21904,0.6903628
958,62344,0.69036055
2608,17976,0.6903417
930,23625,0.6903243
1617,39569,0.69031686
2417,57632,0.6903142
769,8129,0.69031125
1035,48824,0.6903057
2367,12772,0.6902886
331,31572,0.69026786
2033,5478,0.6902617
2134,37628,0.69021815
2356,12696,0.69020677
314,46834,0.69020045
1034,23109,0.69019663
2242,55879,0.6901853
2561,16833,0.69015497
1719,59316,0.6901076
1495,3190,0.69009924
2602,31132,0.6900988
730,26797,0.6900885
1259,61774,0.6900661
518,50245,0.6900654
857,33912,0.6900629
2485,12503,0.6900585
1650,50162,0.6900527
1354,58885,0.69003487
1760,24966,0.6900312
753,8968,0.68996
2038,37787,0.6899232
1022,48115,0.68991566
1182,36691,0.6899071
1201,28957,0.689839
2147,17346,0.6898017
2287,56190,0.68979955
2605,63359,0.6897784
518,48928,0.68977225
1674,51743,0.68976307
2463,9939,0.689749
0,3287,0.6897188
310,32852,0.6897113
457,35581,0.6897056
732,36030,0.68969315
9,22433,0.68968225
386,2517,0.68968177
2136,41952,0.68968076
2302,18129,0.6896802
509,5562,0.68966305
1641,18803,0.68965036
2463,29821,0.6895744
2423,50507,0.6895629
472,8829,0.68955135
1437,57374,0.68954355
2122,33580,0.6895257
1555,10788,0.6894996
456,63635,0.6894719
2371,1283,0.68942267
134,51429,0.6894173
1523,45850,0.68941665
1045,56304,0.6893666
1385,51692,0.6893598
841,32837,0.6893568
1083,3621,0.68934894
850,57581,0.689348
1703,42063,0.6893452
2608,15319,0.68934476
2122,12390,0.6893314
1234,30120,0.6893225
923,56007,0.6893201
1135,34487,0.6893178
2287,25523,0.6893089
2116,2528,0.6893021
307,137,0.68929434
1983,33788,0.6892692
2608,40053,0.68926376
1192,2569,0.6892483
2099,60363,0.68924654
1327,42782,0.6892414
928,10226,0.68924093
2287,51356,0.68923426
2441,31398,0.6891549
2287,55610,0.68915486
690,40641,0.6891513
2000,26049,0.6891326
172,19948,0.689111
1588,27273,0.68906415
565,7525,0.68906
1084,48521,0.68900836
678,39699,0.6890059
1208,38118,0.68898714
2134,54226,0.6889789
91,2740,0.6889747
1136,15730,0.688949
769,21904,0.68893296
1588,3665,0.6889037
2549,13096,0.68887
930,21682,0.68883944
2481,22731,0.6888017
1467,30305,0.6887735
489,21902,0.68875444
779,52948,0.68871814
386,36632,0.68869853
1720,9709,0.68869245
699,51720,0.6886877
383,55595,0.68867326
2608,49905,0.68866104
2036,63403,0.68864685
1234,49744,0.6886327
2291,49290,0.6886201
1711,41489,0.6886008
2516,49235,0.68858653
941,40052,0.68858016
2291,35102,0.6885544
750,60992,0.6885423
1665,33175,0.68852746
1605,41058,0.6885189
1495,57247,0.6885187
931,30556,0.6885158
2040,42694,0.6884607
1327,52741,0.6884378
2287,31209,0.68843126
1631,24289,0.6884247
704,21173,0.68840045
2036,3542,0.6883941
1665,11638,0.6883669
1760,14357,0.6883618
953,46389,0.68834686
2206,61111,0.6883409
2525,53347,0.6883205
1605,63037,0.6882945
419,20341,0.68829167
1465,32386,0.6882913
1720,16285,0.68828243
1187,27830,0.68824816
488,6494,0.6882251
465,26578,0.6882067
472,30541,0.68819726
9,25768,0.6881636
2525,15065,0.6881591
1042,20547,0.6881461
508,28616,0.6881361
565,5624,0.68812275
2542,4334,0.68808335
2369,21479,0.6880611
1034,51627,0.6880196
857,6519,0.6879696
753,21902,0.6879608
314,58595,0.68793535
2287,29964,0.68792653
1567,45844,0.6879122
1333,38115,0.6878921
2092,59852,0.6878821
1386,49859,0.6878816
704,17976,0.6878612
383,4824,0.6878255
1308,3630,0.6877856
712,57632,0.68776184
518,18506,0.68775535
1208,50540,0.6877545
2242,13741,0.6877397
1757,53111,0.6877153
403,53900,0.6877073
2309,53911,0.68768245
799,32935,0.68768126
1449,60354,0.6876614
1230,17510,0.68761635
1983,9692,0.6876007
2316,37624,0.68759626
1605,26860,0.6875668
1063,37863,0.6875639
646,23791,0.68754315
865,53079,0.68753374
2122,37532,0.68749475
103,42659,0.68749475
848,14556,0.6874879
1234,9139,0.68747926
717,52302,0.6874566
2179,54424,0.687455
403,62996,0.6874473
2371,57559,0.68742514
251,54035,0.6873987
456,5770,0.68739647
7,819,0.68738186
113,28314,0.68735576
518,49169,0.6873438
499,56940,0.68732756
1703,20528,0.6873255
1201,34957,0.68732
646,34290,0.6872956
2112,29530,0.6872949
2430,58482,0.68729484
807,17730,0.68729246
2347,15576,0.68722343
1192,58040,0.6872179
2036,31052,0.68719786
719,50897,0.68715715
1209,15213,0.68714845
941,63943,0.6871319
1247,4154,0.68713146
1472,22325,0.6870778
196,45176,0.6870345
489,8555,0.68703055
36,18398,0.6870197
420,36630,0.68700755
1422,13968,0.6869962
1011,28335,0.6869907
1411,57016,0.6869863
1217,27639,0.68696856
2060,18205,0.68695843
2143,14317,0.68695533
287,6454,0.68695426
692,13660,0.68694305
1473,44280,0.6869335
845,38028,0.6869128
381,35230,0.68688667
232,36632,0.6868854
697,27830,0.68685865
307,4323,0.6868455
2224,15434,0.6868396
251,35435,0.6868291
1238,28337,0.686818
2534,8936,0.6867964
2522,62834,0.686779
850,36567,0.68677664
2147,60153,0.68676746
287,29191,0.6867447
1327,51692,0.6867317
347,39297,0.68672097
2036,60949,0.6867131
1171,28961,0.6867128
1201,58021,0.68671083
2462,7969,0.6866846
2099,51624,0.6866665
1674,35103,0.68664694
2321,6124,0.6866317
383,4308,0.6866149
608,2004,0.6866039
857,9790,0.6865952
2252,3187,0.6865742
2384,15678,0.68656224
2172,17625,0.6865622
1982,43640,0.68654406
2016,50825,0.68650615
103,45623,0.68650484
1110,9513,0.68649864
1359,12304,0.68649775
2470,41489,0.6864953
1745,22024,0.6864842
705,33970,0.6864836
1535,35424,0.68647754
1259,9847,0.6864686
1118,4961,0.6864526
2134,8769,0.6864325
558,48805,0.6864242
1036,63845,0.6864215
1495,59393,0.6864181
627,12798,0.68641204
531,7509,0.68639654
2055,35103,0.6863905
850,22384,0.68636316
2434,27822,0.68634254
1259,60210,0.6863245
957,43330,0.6862921
2061,49356,0.68629205
307,24481,0.68626195
2277,36952,0.68625665
2549,16881,0.6862011
1238,59375,0.6861833
2423,1183,0.68617487
942,6948,0.68615055
1948,14936,0.68614435
66,4247,0.686129
1903,31418,0.6861093
2439,59998,0.68607783
841,35337,0.686056
1510,22605,0.68604535
2441,40716,0.686041
692,62277,0.68603885
1781,62277,0.68600553
1416,62728,0.6859902
1703,56675,0.68596137
1035,11736,0.6859552
2017,52956,0.68593764
690,35311,0.6859008
740,43581,0.68588734
1535,54412,0.68587625
1136,53887,0.6858709
1510,26863,0.68582684
1982,42636,0.685811
1308,16635,0.68579614
2370,39381,0.6857853
531,63910,0.6857692
1136,2629,0.6857651
2321,22778,0.6857609
2297,60251,0.6857579
1690,32033,0.68570256
2423,51856,0.68568337
2525,58055,0.68567985
139,1303,0.68567073
556,25702,0.6856521
2038,59907,0.6856505
1344,14964,0.68564034
1807,454,0.6856172
1064,60210,0.6856158
666,63073,0.68558514
719,17124,0.68552685
285,38118,0.68551594
489,36995,0.6855121
2463,12240,0.68550885
2549,62580,0.6855083
865,45304,0.6855029
308,16264,0.68549633
2268,38475,0.68549573
730,40484,0.6854907
1386,32237,0.68549025
1728,64161,0.685474
1217,51548,0.68546957
1882,36952,0.68543637
1665,63204,0.68541163
1472,62913,0.68538713
2217,12894,0.6853853
799,16579,0.6853662
386,38030,0.68534327
1961,24289,0.6853415
2297,11452,0.6853294
2549,53496,0.6852905
1281,24830,0.6852832
1311,13037,0.6852614
2485,39113,0.68524694
1022,63302,0.68524116
2555,51750,0.6852356
1809,41794,0.6852341
1606,2910,0.6852319
957,14087,0.68520725
2000,23250,0.685207
1942,8019,0.6851959
718,24305,0.6851933
1809,18205,0.6851787
101,3595,0.68514454
1665,30368,0.6851412
2147,45647,0.6851067
2091,39809,0.685106
2140,22508,0.6850678
1110,12439,0.6850591
2233,42327,0.6850551
697,6844,0.68505406
857,2563,0.68504584
251,56979,0.68503004
1535,38179,0.68500334
317,25454,0.6850033
913,15657,0.6849838
2495,22091,0.6849786
2476,11209,0.68496454
2370,36520,0.68495435
352,14586,0.6849401
2051,35130,0.68493843
1882,2834,0.68493116
127,62619,0.6849158
957,57731,0.6849156
719,60949,0.68489033
1790,32445,0.684885
991,32384,0.684878
1919,59265,0.684842
1982,13699,0.684814
930,32480,0.6848136
690,23586,0.6848117
1290,13949,0.68476707
1569,3011,0.68476677
1572,12716,0.684748
1617,58674,0.6847236
2179,59482,0.68468785
2093,34498,0.6846843
2542,27667,0.68468106
1535,50321,0.6846422
2417,9859,0.6846323
2352,6677,0.684625
565,39695,0.6846227
1807,17479,0.6845968
1854,31627,0.6845918
1753,22948,0.6845385
1719,48100,0.6845379
717,57528,0.68449724
2233,57499,0.6844944
2277,32091,0.68446386
1541,10035,0.684454
1166,27830,0.6844526
799,34181,0.68444574
1467,11368,0.6844394
432,4527,0.6844344
1116,39297,0.68441665
1711,22516,0.6844061
740,50530,0.6844045
1085,4110,0.68440205
488,38545,0.68438536
1758,31256,0.68438345
991,16499,0.68436694
1705,20709,0.6843573
1854,46319,0.68435067
913,50530,0.6843486
565,16274,0.6843262
1216,27830,0.68432057
1449,19658,0.68429345
2112,42537,0.6842871
2376,52265,0.68426317
1110,3888,0.6842568
1983,34920,0.6842397
2458,17810,0.6842376
1107,13741,0.6841952
2000,35311,0.6841886
2030,47949,0.68415475
1854,45096,0.684111
2216,12142,0.68409616
1169,25470,0.684091
2423,3207,0.6840213
2053,17874,0.6840184
2605,17167,0.6839946
887,33788,0.6839863
705,56436,0.68397605
2030,61335,0.68395436
565,34845,0.6839126
799,2563,0.6838749
375,43682,0.6838742
2535,37291,0.6838515
1790,43586,0.68382114
1490,22913,0.68380773
1163,54837,0.6838038
2439,9365,0.68380374
1201,13785,0.68379855
800,42241,0.6837821
352,10985,0.68378055
1191,34845,0.6837653
2020,50737,0.68374467
2479,63989,0.68374294
1703,11329,0.6837282
1720,8795,0.68369806
611,50751,0.6836953
1316,5494,0.6836336
1490,41409,0.6836244
2030,10972,0.6836203
850,27857,0.6836176
727,55351,0.68360305
865,34427,0.6835164
2015,24289,0.683515
1782,14931,0.68351376
1472,57831,0.68350565
2423,44141,0.6834812
134,12127,0.6834469
1472,56875,0.6834324
705,53772,0.6834125
1466,57016,0.68340623
2321,37548,0.6834003
2288,24092,0.68339974
103,55496,0.6833929
577,26179,0.6833724
800,55691,0.6833618
1259,52763,0.68335474
168,30048,0.68334305
695,23572,0.68333507
2485,3152,0.6833318
1230,41714,0.6833279
2211,57991,0.6833247
2370,27014,0.68331826
2122,28385,0.6833123
2078,38638,0.6833024
942,62603,0.6832005
1832,44593,0.683183
1473,45890,0.68317914
419,31393,0.68316704
456,34772,0.68314946
2060,41794,0.6831437
196,34708,0.68310934
36,61919,0.68310684
1703,41474,0.68309045
725,19455,0.6830826
1359,47153,0.6830662
1208,4466,0.68304193
2147,30126,0.68302786
2147,4807,0.68298924
2232,60042,0.6829773
730,56808,0.6829577
1083,14317,0.68293595
2408,29775,0.68293124
1245,53433,0.68291223
726,60797,0.6829071
1919,62491,0.68287987
1690,49169,0.6828759
1702,44984,0.6828458
1942,10139,0.6828278
2408,21042,0.6827924
740,55033,0.68278885
610,1825,0.6827439
740,8111,0.6826887
168,34586,0.68266547
2555,63336,0.68263435
2470,6283,0.68260777
337,47502,0.6826066
2430,54568,0.6825987
1437,49905,0.68259764
2370,41055,0.6825801
1541,18541,0.6825522
2439,742,0.68255025
1435,9426,0.68254566
725,31309,0.68253857
2000,39809,0.6825353
930,6792,0.68250555
2000,23586,0.6824943
2078,56576,0.6824811
1235,21685,0.68245435
1259,483,0.68244773
1398,6617,0.682434
981,8690,0.68242645
240,34442,0.68242526
779,57461,0.68239826
1466,27459,0.68236136
1689,18541,0.68234384
845,4334,0.68231034
2147,35718,0.68228424
1689,15068,0.68227494
1047,42298,0.6822343
732,27060,0.68221045
1903,26143,0.6821945
1311,9805,0.6821917
1924,28134,0.6821802
248,55072,0.6821643
2061,30322,0.68216085
2134,43129,0.6821569
103,35568,0.6821493
508,37863,0.68212056
958,27315,0.6820736
1847,57777,0.6820338
331,43350,0.682031
789,24826,0.68200564
307,42849,0.6819697
1322,39290,0.68196654
1854,30160,0.6819527
728,63614,0.6819513
499,42920,0.68194175
2030,42782,0.6819387
256,39755,0.6818954
2053,26881,0.6818721
1264,31902,0.68184114
728,21565,0.6818113
609,60322,0.6817821
168,9716,0.6817463
1035,58478,0.6817087
609,57047,0.6817075
1171,10812,0.68169004
958,59130,0.68167466
2439,28214,0.6816394
1832,2576,0.68163514
1116,54277,0.68163085
2514,33960,0.6816174
2481,16644,0.68161094
1983,42573,0.6815663
1728,39394,0.68156207
1422,52285,0.6815504
1011,25417,0.6815479
1832,48485,0.6815424
593,58874,0.68151814
1042,53637,0.68148375
1171,30160,0.6814678
1702,60308,0.6814209
2510,1750,0.6814092
2060,47330,0.6814009
1264,33639,0.6813746
1163,31368,0.6813712
1449,53192,0.68135655
2179,19781,0.68135566
69,55990,0.6813513
2534,26801,0.68134
2376,54210,0.6813344
2286,22121,0.6813057
2020,62135,0.681295
678,39884,0.6812813
381,36030,0.6812732
705,4967,0.6812239
388,466,0.68119633
608,55465,0.6811929
951,18003,0.68119127
1063,48154,0.6811651
991,5481,0.68115234
688,41632,0.6811286
2078,31181,0.68111634
1045,14136,0.6810692
951,59938,0.6810399
2147,24289,0.6809936
1042,21508,0.6809733
1118,34586,0.68094176
2495,25395,0.680903
1567,19883,0.6808876
1982,31237,0.6808773
2017,19205,0.6808661
2510,24185,0.680832
1216,53314,0.6808007
1110,49730,0.68079376
2128,22725,0.68078256
2479,30424,0.68075824
2078,13873,0.68074703
221,4370,0.68073565
489,17785,0.6807151
841,19587,0.6806973
1322,32550,0.6806797
200,60672,0.68067276
1264,14371,0.6806444
1110,62732,0.68063956
2286,32392,0.68061495
930,41702,0.68057877
1327,55244,0.6805039
732,6948,0.680491
2136,12036,0.68048763
750,16923,0.680483
719,34382,0.6804554
381,48006,0.68045413
1523,59680,0.68042004
2251,6295,0.68041825
1093,26389,0.68040264
1769,58834,0.68039256
1110,41794,0.6803831
1467,5130,0.6803776
1832,10690,0.68037254
465,36174,0.6803246
1466,39384,0.68028855
565,58429,0.6802629
2555,26994,0.68025553
196,18299,0.6802205
489,40283,0.68021464
1208,806,0.68020594
2366,41213,0.6801492
2462,38688,0.68014383
36,46364,0.6801305
1832,46092,0.6801244
381,34498,0.68011034
168,24289,0.68010545
2423,7151,0.68009686
841,27830,0.6800458
1449,48427,0.68002677
1437,38705,0.6799996
1325,58298,0.6799855
388,57661,0.6799836
2430,5209,0.679979
958,22224,0.67994654
1723,49461,0.679945
1322,44943,0.6799405
1774,31084,0.6799359
1169,33156,0.67992234
388,2875,0.67992055
726,41055,0.67990255
2423,38338,0.6798775
103,6067,0.6798524
1685,55260,0.67984736
2423,3128,0.67984366
1116,32033,0.67984253
0,14136,0.67980164
717,24305,0.67979956
845,62580,0.679795
1135,25870,0.6797818
1134,11379,0.67977095
1793,47874,0.67969453
712,10542,0.6796629
699,6175,0.6796235
139,24305,0.67957526
1234,17041,0.67955124
1118,43060,0.67953575
1465,51750,0.67951655
2112,45980,0.67951167
1774,45980,0.67950034
1110,23535,0.6794979
2000,19549,0.6794889
732,5987,0.6794714
172,1303,0.67946243
678,45616,0.67944646
1421,47993,0.6794445
1951,45,0.67942524
420,53137,0.6794205
1982,29280,0.6793697
2485,42224,0.67935646
1745,16624,0.67933786
2093,47486,0.6793195
1281,31190,0.6792954
2321,48130,0.6792929
465,2656,0.679291
779,47463,0.6792786
1546,12140,0.67927766
196,23662,0.6792388
381,30833,0.67922854
1956,42204,0.67922705
347,45304,0.6792121
1083,42773,0.6792066
2514,21667,0.6791723
678,60740,0.679147
1854,29405,0.67914456
841,52690,0.6791048
2439,40965,0.6790879
1073,57707,0.67907774
1689,23141,0.6790714
1723,8936,0.6790378
1933,58544,0.6790306
593,24548,0.67901707
1191,16714,0.67898995
1358,25870,0.67898786
1386,42869,0.6789798
375,57661,0.6789782
1843,31624,0.6789746
347,34427,0.6789291
627,50278,0.6788995
1208,24144,0.6788837
2470,18973,0.6788813
485,32713,0.67888093
2291,12198,0.67887616
200,16538,0.67885673
337,57134,0.67882705
2485,666,0.6788177
1781,57628,0.67881095
1171,17987,0.6788089
2370,34941,0.67877096
845,13005,0.6787678
1311,5698,0.67875093
1449,31981,0.67872727
1118,24966,0.6786864
1716,53977,0.6786636
2485,14357,0.67866325
375,8237,0.67865586
2462,56281,0.6786418
1070,59269,0.67861867
499,29504,0.678596
2386,23262,0.67858934
352,43487,0.67857456
1774,29405,0.67857176
1096,16187,0.67855775
347,10934,0.6784977
339,41974,0.6784795
355,13907,0.6784506
489,46133,0.67844564
1191,20341,0.67843443
2434,43051,0.6784326
172,22421,0.6784301
1948,31100,0.6783855
1723,9281,0.67837536
400,56282,0.67833126
690,19549,0.67831933
1281,18176,0.67831767
2436,33308,0.67829454
2470,16881,0.67828345
609,37320,0.6782814
101,33960,0.67828006
1907,45634,0.6782769
1766,5147,0.6782632
779,8632,0.6782554
69,60387,0.6782478
1437,50858,0.6782343
1723,5131,0.6782172
2470,46291,0.6782129
1071,61690,0.6782105
2232,33788,0.6781994
1238,35435,0.67817795
2470,16264,0.67815423
1169,8398,0.6781506
456,28525,0.6781366
1875,33220,0.6781268
2217,16646,0.67812455
66,51288,0.6781145
981,35130,0.6780827
1832,54854,0.67806625
1386,59685,0.6780515
2147,22840,0.67805094
388,9483,0.6780304
1622,38780,0.67802954
593,25436,0.6780026
799,1794,0.67795736
317,15253,0.6779469
347,50245,0.67789304
2153,27830,0.6778826
172,51734,0.67786336
2179,63682,0.677834
1728,37268,0.6778252
2535,17854,0.67777926
256,26256,0.6777339
2153,33287,0.6777152
172,12017,0.67769575
2286,29920,0.6776762
2162,57777,0.6776662
1948,21463,0.6776625
750,23389,0.67762613
2462,15350,0.67761993
1716,10984,0.6775887
388,35144,0.6775855
1116,5087,0.67758447
168,34770,0.67758346
1116,29225,0.6775768
719,37028,0.67747176
1832,41786,0.67744565
485,56310,0.67743933
1110,60702,0.6774252
2370,11468,0.6774077
991,5730,0.6773879
339,53546,0.67733586
1083,18299,0.67733526
1807,28616,0.6773088
36,40897,0.67730474
1541,34708,0.6772595
516,12136,0.67720795
577,14528,0.6771942
1281,49260,0.6771876
36,5087,0.67717993
1728,19872,0.67716426
1745,14459,0.6771498
1525,43853,0.6770912
352,9558,0.6770856
1819,24560,0.67703176
1265,20029,0.67703116
750,13962,0.67702913
747,23072,0.67699206
287,47330,0.6769876
627,32999,0.6769426
1473,50871,0.6769384
2352,15341,0.67692703
1110,52362,0.67690927
375,466,0.67690766
1386,35593,0.67687976
705,9039,0.6768775
127,32033,0.6768199
981,27702,0.6768144
1216,57556,0.6767826
2211,57016,0.67675614
403,46435,0.6767285
1567,36815,0.6766807
1756,25523,0.67666525
2371,4594,0.67665565
1728,9644,0.67664254
1042,18205,0.67664117
2112,37729,0.67663956
1572,2740,0.676627
2055,8769,0.6766059
200,21619,0.67657274
51,64262,0.67656845
310,9631,0.67656296
1766,34774,0.67655206
1523,11243,0.6765089
1956,51038,0.6765035
1758,1829,0.6764931
1035,36401,0.676482
2555,30053,0.6764769
750,61103,0.67646587
1151,45144,0.6764016
2252,43422,0.67639875
688,62377,0.67638236
2281,12142,0.6763757
2143,12930,0.6763524
200,9790,0.6763408
1234,46289,0.6763408
593,17280,0.67633533
1136,11482,0.67630166
1716,42389,0.6762986
2217,53040,0.67629826
841,41505,0.6762924
2370,8825,0.6762828
727,25127,0.67626274
1702,44242,0.676232
800,6386,0.67623025
699,20550,0.6762016
2401,62996,0.67618394
1422,23214,0.67617476
2004,57991,0.676166
2030,44390,0.67616594
1466,35339,0.6761339
499,7509,0.6760448
1398,38842,0.676006
684,10256,0.67597437
287,18206,0.6759643
1116,42782,0.6759536
718,25974,0.67594767
1907,60188,0.675938
933,1890,0.67592645
1166,36845,0.67589915
2135,54474,0.67588824
2286,46668,0.6758801
2430,8825,0.6758797
1281,19610,0.6758667
2115,4024,0.67584795
1136,54883,0.6758433
692,53684,0.67582905
2288,12481,0.6758083
692,32114,0.6757673
297,33861,0.6757432
499,17041,0.6757128
523,8110,0.6756967
51,63426,0.67564976
1116,55244,0.6756359
2434,25395,0.6756058
2233,34845,0.67559856
499,19343,0.6755923
1398,49066,0.67556477
2143,59269,0.6755632
1942,11173,0.675545
2055,21565,0.6755388
2457,34721,0.67553365
2136,36900,0.6755142
523,60387,0.6755097
1449,60770,0.67549723
196,31572,0.67549086
2000,13508,0.6754569
1942,55363,0.67545575
347,36751,0.67542446
1756,49426,0.6754222
1617,39919,0.6753662
1041,1899,0.67536366
1719,26608,0.6753528
868,63635,0.6753528
2143,15111,0.6753154
1903,56075,0.6752975
2030,56210,0.6752967
1311,37299,0.6752809
2135,45890,0.67527974
1421,15861,0.6752535
113,24493,0.675236
1175,16892,0.675225
1452,60251,0.67519605
705,46437,0.67519283
2093,56675,0.6751709
740,26746,0.6751427
1083,32685,0.6751307
499,37012,0.6751294
2053,33648,0.6751289
1907,32396,0.6751282
1136,46017,0.6751141
1281,29204,0.67511076
489,59852,0.6750999
2217,53862,0.67508197
1238,20350,0.6750024
500,23251,0.67499197
1572,53977,0.67496717
2462,11173,0.67491734
2017,36630,0.67491674
848,25298,0.67489636
2371,18847,0.6748793
627,1506,0.6748477
684,5647,0.6748347
718,10241,0.6748208
991,54277,0.6748183
1924,50167,0.67480755
420,22661,0.67480415
1010,10195,0.6747792
719,7950,0.67474914
36,20624,0.6747434
1757,43419,0.6747302
1011,6681,0.67472583
2061,2237,0.6747253
705,59174,0.67469794
317,44385,0.6746832
2479,26806,0.67467225
1136,59088,0.674667
499,48623,0.67465866
2217,35230,0.6746556
779,36999,0.67460287
1799,41032,0.67457515
1235,38192,0.6745509
1885,19763,0.67451465
800,5147,0.67448306
1774,15403,0.67444944
1281,2486,0.6744393
381,7206,0.67441666
489,3968,0.6743792
692,17397,0.67437315
2016,2052,0.6743354
2555,5341,0.6743274
1948,25761,0.6743263
1948,21924,0.67430353
2434,24841,0.6742977
1523,53684,0.67428327
775,23955,0.6742122
347,38355,0.674204
2462,9847,0.67420137
420,48254,0.67417955
2417,51866,0.67417717
523,31627,0.67416036
2542,28051,0.6741543
1546,2830,0.67414755
1685,18278,0.6741437
726,48578,0.6741364
1555,4796,0.67412746
1774,43264,0.6741211
2229,46193,0.674114
331,27582,0.67410564
2479,45753,0.6741022
352,18279,0.67407644
2496,63933,0.6740757
981,42139,0.6740716
2061,10007,0.6740707
1071,46878,0.67401505
2112,1877,0.6740055
1847,27830,0.6739998
705,51994,0.67399406
1096,10654,0.67397654
1826,37362,0.67396176
139,48416,0.6739446
705,8479,0.67393786
1344,33750,0.6739094
2366,49137,0.6738993
119,3325,0.67387456
2135,59088,0.67383116
352,60992,0.6738203
750,27237,0.67379487
501,56536,0.6737881
2479,46608,0.67378134
2542,13096,0.6737658
1110,1530,0.6737641
1042,30242,0.67372584
2417,9426,0.6736779
381,61683,0.673666
2244,50751,0.6736597
850,11111,0.6736553
2251,27136,0.6736408
2211,45980,0.67362344
2153,5478,0.6736132
1606,11383,0.6735991
337,39901,0.6735931
1169,6175,0.6735727
1449,27899,0.6735584
1942,14093,0.6735493
1807,9606,0.6735126
930,39901,0.6734966
2136,37729,0.67348385
708,21173,0.6734704
139,53879,0.6734396
1465,13741,0.6734314
403,34943,0.6734216
1116,60797,0.6734216
341,50278,0.6733912
1136,27899,0.6733831
2112,61925,0.6733645
991,31289,0.673356
1500,24092,0.67335224
457,63361,0.67335224
337,45905,0.67334193
1325,55113,0.67326987
1854,50871,0.67325425
1710,22857,0.6732324
1136,22468,0.6732291
930,63945,0.67321885
1042,51697,0.6731411
1175,49818,0.67307913
1452,41110,0.67304957
991,11758,0.6730464
1010,15796,0.6729951
1175,9400,0.67298317
2055,6850,0.67295516
1907,5769,0.672946
2384,40022,0.6729396
1535,34808,0.67291635
1073,14402,0.67290556
1757,24194,0.67290294
509,44085,0.6728984
2555,27481,0.67288816
2542,16881,0.67288125
593,24493,0.67286277
1799,62357,0.67285985
101,23465,0.6728259
1398,5987,0.6728189
101,53669,0.67280436
509,33048,0.6728035
285,32875,0.6727965
1136,26047,0.6727663
2555,34984,0.67270803
2053,27634,0.67259777
1421,32852,0.6725959
1523,22515,0.6725905
314,49402,0.672564
1465,3284,0.6725564
113,19588,0.67254555
585,23253,0.67254484
726,41445,0.6725445
593,23604,0.6725377
800,6795,0.67243874
933,38275,0.6724235
1116,15339,0.6724171
2112,29138,0.67239976
750,30790,0.6723937
1451,49426,0.6723646
1198,59530,0.6723633
1140,34185,0.6723573
317,30456,0.67234296
567,36630,0.6723306
1110,9180,0.6723048
1318,8334,0.6722842
196,50248,0.6722723
1466,30456,0.6722473
1107,22382,0.6722208
1674,30126,0.67217755
1422,41656,0.67215407
36,23011,0.67209995
2462,483,0.67203903
1169,54674,0.6720344
1470,5983,0.6720332
2211,21985,0.67198277
181,47112,0.67196155
799,59709,0.67196125
1924,41981,0.67194784
2288,23818,0.67190015
2587,2180,0.6718883
567,57125,0.67188585
1982,29360,0.6718857
2020,15576,0.6718823
2462,52763,0.671855
420,9016,0.6717284
355,48708,0.67172086
953,26822,0.6717159
609,27619,0.67169935
310,19813,0.6716814
2153,17672,0.6716696
1235,16306,0.6716342
27,43793,0.6715429
1819,60354,0.67152494
2136,60710,0.6715129
2030,52741,0.6714976
119,50407,0.67148364
27,13916,0.6714786
2441,11379,0.6714776
499,44986,0.67147183
1163,27857,0.671464
1555,13774,0.6714512
273,24333,0.6714469
941,62603,0.67142755
905,63356,0.6714221
1801,14642,0.6714133
403,31984,0.6713531
850,51077,0.6713038
1774,56176,0.6712854
2479,19343,0.6712738
1933,23845,0.6712699
1572,33657,0.6712651
2278,2052,0.6712331
2430,50005,0.6712123
297,43906,0.67119175
1344,43195,0.6711668
456,52045,0.67115223
2033,19488,0.671083
320,13715,0.67107874
2229,38935,0.671077
1311,17713,0.6710711
1235,26708,0.67104006
320,46437,0.67103827
381,33580,0.6710235
800,24419,0.6710204
1847,26570,0.67100525
1422,32392,0.6710018
2136,26214,0.67100036
1567,28202,0.67099136
2481,18003,0.6709898
1875,2845,0.67098063
457,17280,0.67096686
1942,10194,0.67090845
2436,50881,0.67089486
2430,43392,0.6708774
718,27463,0.670862
400,36969,0.6708343
1546,47068,0.67081606
719,28088,0.6708015
695,23250,0.67075896
71,47641,0.6707528
923,6044,0.67074907
367,9493,0.6706734
1769,4609,0.6706593
627,48402,0.67063576
1632,53079,0.6706209
1942,5562,0.6706199
2060,33807,0.6705533
1107,6958,0.6705356
2302,12390,0.6705267
1322,11258,0.6705154
1567,16722,0.67051506
2233,33033,0.6704677
2017,18910,0.67046106
2430,16258,0.670432
2112,35135,0.67042905
1689,13843,0.6704265
1942,36815,0.67035466
1474,8670,0.6703293
2522,24289,0.67028743
2240,63445,0.6702749
1398,62452,0.6702603
930,13871,0.6702349
2403,28641,0.6702322
862,38221,0.67022216
287,2762,0.6702187
1982,33912,0.67020285
0,55802,0.670188
2308,39799,0.6701782
465,33156,0.67011034
577,11166,0.6700971
403,60230,0.67001104
1919,34956,0.66998434
2115,53887,0.6699774
1398,5292,0.6699753
930,25016,0.66994
1435,59825,0.6699147
718,49601,0.6699145
61,28668,0.6698904
726,49977,0.66988295
1466,15253,0.66986716
1041,61772,0.6698324
2229,47280,0.6698223
2213,18973,0.66979617
719,38381,0.669762
1951,33692,0.66975355
2417,10542,0.6697327
2213,56436,0.66972667
1281,11543,0.66970456
1169,32478,0.6696984
1769,60740,0.6696899
2136,33240,0.66966426
2229,34301,0.66957086
2112,6494,0.6695636
1398,50540,0.6695266
34,16896,0.66952336
2106,7373,0.6695224
1421,50593,0.66951746
1202,63140,0.6695062
957,7917,0.66950357
2153,57556,0.6694392
1632,21752,0.66939104
0,8017,0.66938215
1398,32392,0.6693728
1202,39079,0.6693562
1801,28758,0.66925615
2555,38886,0.66922
341,32999,0.6692169
1885,35130,0.6692133
256,16576,0.6691677
2112,23262,0.6691593
2203,13037,0.66913855
1882,38076,0.6690946
297,34498,0.66909015
2437,34774,0.66908514
719,42192,0.66906834
1710,42573,0.6690357
61,26801,0.6689695
403,54474,0.66896945
1617,2187,0.66896
2179,27018,0.6689379
1398,36030,0.668923
1535,23253,0.6689211
2366,24847,0.66891956
1617,6000,0.6688996
2211,45113,0.6688918
957,43190,0.6688769
297,19281,0.6688572
1847,37976,0.668829
2302,39191,0.6688229
1801,58990,0.66881144
2232,58030,0.668756
337,2113,0.6687405
1484,15342,0.6687353
567,6168,0.668734
2557,25622,0.66872084
2471,59482,0.66869134
941,52075,0.6686808
320,56436,0.66867137
339,57572,0.66866744
2479,9528,0.6686373
2004,41409,0.66856194
314,57439,0.6685474
2605,57556,0.66852015
113,16635,0.66849
2112,44385,0.6684837
377,3682,0.6684668
2286,57112,0.6684616
1169,27857,0.66845727
1202,43952,0.668447
2017,21032,0.6684104
725,60614,0.66840816
725,5130,0.6684058
2555,28447,0.6683984
1422,64083,0.66839534
868,33960,0.6683794
2302,11268,0.66837394
2112,60477,0.66835546
2384,45111,0.66834044
1089,60173,0.66832936
2240,50156,0.66826
2555,37012,0.6682534
1215,52045,0.6682517
2135,15730,0.668234
2015,49830,0.66819465
1617,12182,0.6681702
113,4577,0.66814554
1987,19536,0.6681427
634,32530,0.66813606
930,8432,0.6681345
1826,8129,0.66809475
1942,18376,0.6680907
704,49351,0.66804266
2250,61145,0.66803634
2542,34826,0.66803545
403,54028,0.66802377
2401,60230,0.6680087
695,19062,0.66800433
1801,12481,0.6679907
1322,49744,0.66798854
1358,28114,0.6679599
127,23457,0.6679465
1924,35750,0.66788304
2403,8154,0.6678541
1071,10985,0.66785085
719,21327,0.66776663
1782,6317,0.6676711
2587,47455,0.6676669
1766,57989,0.6676507
2417,42327,0.66764253
101,14964,0.66763806
558,59936,0.6676316
2387,8098,0.667594
1794,25622,0.66756594
1974,36720,0.6675546
1371,2444,0.66755265
957,11823,0.6675362
2479,60682,0.66753536
69,56662,0.667527
273,9378,0.6674776
1169,31689,0.6674665
1385,17331,0.66746503
1198,17865,0.66744554
1836,37025,0.66742045
1264,44119,0.66740066
1474,57630,0.6673708
2136,48392,0.6673671
2060,24925,0.6673403
690,13508,0.66732526
1872,37025,0.66731226
2106,25978,0.6672851
923,1750,0.66728115
1689,9809,0.6672377
2496,20550,0.6672153
400,14442,0.66718197
1311,14931,0.6671539
401,45267,0.6671448
2143,49296,0.6671291
2160,49481,0.66712064
1198,20341,0.66704154
1116,54674,0.6669682
634,53486,0.66696036
1202,57831,0.6668935
2365,21491,0.6668657
1235,20343,0.6668463
351,24185,0.66682863
1107,41489,0.66677016
1064,48794,0.66673815
692,22840,0.6667346
2060,5630,0.6667278
2278,41268,0.6667256
2033,43087,0.6666978
1245,26471,0.6666738
2020,13933,0.6666523
1728,29473,0.66664946
1465,32317,0.66663295
2365,3992,0.6665996
2387,39009,0.6665173
489,8968,0.66650957
2426,24847,0.6664933
2213,46437,0.66648716
2203,17713,0.66647685
2240,63022,0.6664679
1766,23877,0.6664351
1654,35139,0.66643316
1322,49905,0.6664289
2201,29400,0.6664132
1175,9039,0.6664064
1327,23457,0.666396
1163,32114,0.66636837
1518,39681,0.6663494
695,50739,0.66630197
1245,35097,0.66629004
929,24309,0.6662835
1982,48578,0.66626966
1738,27315,0.6662693
2401,2834,0.6662619
718,32776,0.66625774
1465,5465,0.66622806
285,58889,0.66621566
1702,53637,0.6662127
2091,35311,0.6661982
1327,41474,0.6661978
2510,47521,0.66616285
2415,33222,0.6661383
2229,57684,0.6661053
2401,41263,0.6660718
1728,28019,0.6660714
1915,59393,0.6660581
1116,39381,0.6660577
2160,54566,0.6660482
2481,63962,0.6660345
2213,24092,0.6660302
1809,33807,0.6660239
1325,32580,0.665997
355,12270,0.66598237
1474,48549,0.66593355
2371,24165,0.6659322
800,9493,0.6659155
1010,24288,0.66589016
1385,47512,0.66587925
719,45543,0.6658752
2291,63856,0.66584766
367,52479,0.6658133
2241,62941,0.66574943
2091,23586,0.6657424
1134,1890,0.6657258
2232,53977,0.6657206
1468,19414,0.6657061
2143,31393,0.6656985
1398,35778,0.6656921
2462,61774,0.6656807
523,7904,0.6656729
1939,29850,0.6656681
1001,8110,0.6656251
1326,43431,0.6655394
712,9859,0.6654848
1658,63844,0.6654618
1333,22188,0.66544676
681,51769,0.6653886
1118,19270,0.6653521
10,49845,0.66533446
2430,34389,0.6653234
895,21463,0.6652778
2496,34536,0.665274
1794,38545,0.66525584
2255,53123,0.66524637
2091,13508,0.6652392
2415,51702,0.66522443
1175,53772,0.6652194
401,24481,0.6652128
1474,55464,0.6651957
862,4643,0.6651857
1398,466,0.66517985
297,56225,0.6651678
725,20501,0.66514075
1398,26633,0.6651155
1518,60418,0.66510415
1956,1528,0.66509974
2481,62901,0.66509366
2403,5837,0.6650908
1118,3152,0.66508174
2060,10462,0.6650425
341,12798,0.6650395
905,6998,0.6650392
2033,21042,0.6650369
1465,42949,0.6650217
2025,1890,0.6650177
1689,56808,0.66500163
2060,17317,0.6649965
139,35097,0.66499573
1011,50780,0.6649946
2403,39497,0.66499317
1325,30721,0.6649738
1290,8936,0.6649572
2417,19536,0.6649532
1047,54854,0.6648926
2510,24648,0.66485393
1116,53079,0.66481143
2016,4431,0.66478693
1194,58478,0.66478205
727,53879,0.6647626
695,28961,0.66476
1809,4577,0.66474646
1465,44406,0.66467094
634,17854,0.66461915
800,56086,0.6645726
1939,3205,0.6645516
523,22399,0.66453934
1782,35131,0.66452736
2479,996,0.6645173
1385,23238,0.66451585
1011,33175,0.66451555
2510,46865,0.66449285
2004,28114,0.66448736
1632,11468,0.66445756
2128,50396,0.6643868
1468,9400,0.6643616
309,56912,0.664326
2291,24728,0.66426474
2434,9990,0.6642385
2136,51709,0.66422343
1757,18567,0.6642083
1915,33033,0.66419804
2387,8744,0.66419244
2471,63682,0.664188
1738,49014,0.66416216
1163,20550,0.6641159
1465,59186,0.6641149
1202,42478,0.66409194
91,54277,0.6640835
2430,36331,0.66408116
1191,4825,0.66403913
127,55244,0.6640343
761,8890,0.66402423
285,50976,0.664021
1064,60281,0.66398996
1095,62412,0.6639899
1326,38275,0.663981
1032,10990,0.66397196
2082,51719,0.6639703
2179,5053,0.663936
2203,9805,0.66391945
953,57583,0.6638708
704,17039,0.6638507
850,32933,0.6638496
2030,42380,0.6638416
1452,52748,0.6638408
308,33912,0.6638043
2510,35131,0.6637894
341,5088,0.6637865
2430,50108,0.66373396
2017,36401,0.66372395
1781,47844,0.66370493
704,43912,0.6637017
862,36567,0.6636557
1325,8019,0.6636354
1523,34808,0.6635896
690,50972,0.66358554
1523,18297,0.66358036
1465,7529,0.6635752
2060,4577,0.66350716
1794,36277,0.6634933
1001,5983,0.6634841
681,2914,0.66348046
558,24309,0.6634731
579,43799,0.66344726
2417,7103,0.66343534
2255,49792,0.66339767
1107,8329,0.6633762
1042,34956,0.6633686
718,49351,0.6633364
2403,435,0.663325
2471,54424,0.6633147
2020,49426,0.6633024
1465,2576,0.6632575
1175,6283,0.66325116
432,13796,0.6632333
297,44357,0.66310227
1757,47772,0.66306674
1269,57047,0.66305137
320,6283,0.663048
34,17165,0.663025
1474,28385,0.6629808
862,11111,0.6629776
101,51297,0.66292715
1956,12061,0.66291606
2060,53637,0.6628978
36,16957,0.66289437
2136,20418,0.66289353
953,22349,0.662868
1728,24779,0.6628624
2015,41489,0.6628282
2250,5730,0.66275346
1011,6775,0.6627413
690,14652,0.66272986
2255,5046,0.66268206
695,14652,0.66264224
446,5930,0.66262907
953,12390,0.66260123
325,38191,0.6625919
400,50593,0.66258097
2232,47981,0.66256535
1010,35135,0.66254467
2510,55775,0.66254115
2136,11473,0.66252756
2481,38987,0.66248596
2286,62452,0.6624093
2093,40182,0.6624089
1202,58040,0.66239995
1118,18238,0.6623653
0,55543,0.66233885
814,42581,0.6623276
1769,48587,0.6623235
1042,16240,0.66230786
2255,42537,0.6622411
1885,55173,0.66223216
947,50474,0.66222847
1385,52517,0.66220725
725,2730,0.6621976
718,35130,0.66211575
941,2113,0.6621139
1385,997,0.6620938
36,7525,0.66208667
127,48130,0.6620856
1757,63017,0.66202855
1327,26964,0.6620202
2250,30294,0.6620043
377,50601,0.66195977
2479,63460,0.66195595
1452,15034,0.6619351
2054,31635,0.6618868
2403,12227,0.66185963
1757,27459,0.66184676
895,32778,0.66183996
1654,30776,0.66183054
1032,18542,0.66181356
1118,26471,0.6617891
2135,44519,0.66178745
2232,58759,0.6617848
1071,42215,0.66177976
25,40866,0.6617553
1043,62708,0.6616588
2527,30458,0.6616554
2232,33915,0.66164404
1885,7025,0.66164327
2481,13699,0.66164273
941,8432,0.66162395
634,21552,0.6616162
2167,60153,0.66160846
1915,49137,0.6615925
1371,61006,0.6615907
1858,21844,0.66156447
2055,57628,0.6614885
2240,56281,0.66148597
666,20876,0.66148365
2522,38579,0.661429
1760,51874,0.6614034
314,59315,0.6613889
62,32773,0.6613878
1974,45769,0.66138715
941,22010,0.66126645
957,54637,0.6612227
2128,55464,0.66118324
2250,40737,0.66112274
285,42405,0.66110134
367,38076,0.66109174
750,20626,0.6610731
725,45318,0.6610671
1070,10603,0.6609873
1924,13913,0.6609671
1047,22490,0.6608764
905,40316,0.6608678
634,2830,0.66086197
2398,17976,0.66085374
127,63017,0.6608515
1035,34843,0.6608318
69,23262,0.66080296
1702,3888,0.66079205
1010,28114,0.6607712
1793,40907,0.6607586
2000,33203,0.6607361
2462,54854,0.6607096
567,59686,0.660705
337,20618,0.66066265
2093,41094,0.66064715
320,16892,0.6606433
1140,26349,0.660615
2398,64160,0.6605772
445,56076,0.66051173
1924,13974,0.6605095
2255,52858,0.6604718
91,11087,0.66046304
465,53234,0.6604573
953,45662,0.6603255
1769,9765,0.6603097
1371,59925,0.66029793
1202,36759,0.66021156
634,10635,0.66020787
848,31815,0.6600996
775,13359,0.6600889
1219,24481,0.6600795
172,49260,0.6600119
953,1869,0.6599734
1163,27830,0.6599271
2286,57451,0.6598965
285,52096,0.6598878
1107,29499,0.6598407
848,48794,0.6598226
634,50593,0.65980524
2093,11384,0.6597833
1667,29989,0.65977156
1311,18275,0.6597477
1044,49859,0.65974724
1371,44245,0.6597179
127,52517,0.65970236
1416,30331,0.6596997
2093,22591,0.65967774
325,57588,0.6596137
2403,58713,0.659564
2520,43168,0.65950763
1663,2834,0.6595036
309,53270,0.6594813
2403,29067,0.65947413
1071,43308,0.6594616
627,40832,0.65940267
86,25768,0.65930027
2062,42272,0.6592876
1202,17854,0.6592811
688,35135,0.6592738
1042,12452,0.6592152
567,8714,0.6591909
2430,135,0.65918076
2004,63550,0.6591585
91,10483,0.65915036
2291,12017,0.6591375
2510,51511,0.6591143
2030,54710,0.65909576
1089,8432,0.6590946
2398,39569,0.6590493
2527,43141,0.65899044
1118,32237,0.6589769
2434,63140,0.6589749
139,34833,0.65896004
567,44376,0.65891933
341,54254,0.65891325
2587,15695,0.6588597
1371,49740,0.6588439
1071,12042,0.65882397
1919,38562,0.65875804
1172,39809,0.6587012
1769,56488,0.65866923
256,33750,0.658654
1885,21278,0.65861607
1809,11541,0.65852433
1010,44385,0.6584481
2160,59269,0.658419
718,17210,0.65841424
1047,17937,0.6583666
375,46661,0.6583502
2172,17799,0.6583373
1100,37810,0.65828496
2240,52988,0.6582736
1470,46954,0.6582135
1411,4609,0.6582103
325,61835,0.6581979
355,50156,0.6581336
2510,61585,0.6580702
1010,25454,0.6580507
1843,6317,0.65803516
341,9767,0.65802777
1371,40897,0.65796137
285,15657,0.6579547
1769,8802,0.657928
1421,9449,0.6578835
2244,40716,0.6578462
626,18695,0.6577968
2401,31888,0.65774834
400,41954,0.65769494
2160,40897,0.65765774
1485,5659,0.6576507
127,13864,0.6576501
2128,54689,0.6576299
2240,30600,0.6576112
69,4066,0.6576096
681,63465,0.6575547
725,45452,0.65749866
1325,48928,0.65749466
1929,8329,0.65729773
2060,4927,0.6572255
1710,23499,0.6572144
634,17253,0.6572121
2481,58895,0.6571795
1064,16755,0.657156
1047,24293,0.657099
1042,6281,0.6570654
2387,30048,0.6570626
2020,25395,0.65705514
1858,37025,0.65702534
1269,2762,0.65700865
2241,15861,0.6569677
2000,23572,0.65695316
325,29225,0.65695244
375,17166,0.6569488
1089,52075,0.65694577
2283,5838,0.6569419
2299,60418,0.65693945
1089,19775,0.6568917
489,37261,0.6568912
800,61679,0.65680647
1647,40897,0.6567389
2082,26964,0.6567248
1032,31237,0.6567173
1753,36667,0.6567148
688,25820,0.65667427
725,50388,0.65667284
139,26324,0.65666425
905,60671,0.6566193
1956,6930,0.65661407
1333,26110,0.65658796
2100,36238,0.6565568
69,63119,0.65653694
1689,34708,0.6564966
273,49137,0.6564386
1819,57996,0.6564316
627,9595,0.6564271
666,5647,0.6563623
2135,55464,0.6563567
2030,46421,0.65633976
941,40718,0.65632826
172,18176,0.65628624
579,45168,0.65627766
1632,3621,0.65625864
2116,18372,0.6561936
320,59680,0.65618986
1020,58874,0.65616804
285,62659,0.65613353
556,29305,0.65611637
1885,9942,0.6561086
2135,39936,0.65609694
2060,19286,0.65606946
337,8432,0.6560284
708,41345,0.6560246
489,46732,0.655959
905,10805,0.65595806
2286,56760,0.65592766
2255,10586,0.65588903
579,2444,0.65588784
1435,22731,0.6558588
489,49363,0.6558429
2398,45999,0.6557305
1951,41067,0.655713
2403,35045,0.655669
1782,13679,0.6556129
681,19355,0.65557146
1010,28709,0.6555603
2504,32473,0.65547234
1385,50379,0.65546095
718,35718,0.6554227
1606,23907,0.65540797
2093,3968,0.6553861
958,30190,0.65538204
1426,19536,0.6552129
2286,7529,0.6552049
1468,31519,0.65514624
2403,17785,0.6551359
2250,28335,0.6551262
2522,35131,0.65499234
1710,36092,0.6549891
2436,8379,0.6549853
414,23535,0.65496975
375,6617,0.6549418
2016,5551,0.6549227
1793,43501,0.6548938
1311,32309,0.65482235
69,57661,0.6547887
1622,818,0.6547692
1100,42234,0.6547448
688,21949,0.65471995
2160,45304,0.6547049
1793,60473,0.6546333
905,4501,0.6546202
2240,7654,0.65461457
465,30343,0.6546092
61,28275,0.65456444
1071,30937,0.6545644
325,22848,0.6545566
2252,35750,0.654555
1199,44273,0.65453243
2030,29561,0.65447253
1205,38842,0.65446717
2160,3621,0.6542951
684,26191,0.6542936
2020,6235,0.65428245
1064,37809,0.6542088
2522,6317,0.6541935
285,4466,0.6541777
895,6681,0.65414375
704,48416,0.65406287
2557,55072,0.654051
1325,60153,0.6540414
1371,42446,0.6540399
2160,7386,0.65393054
2426,11956,0.6539006
2213,4967,0.65386516
2000,19062,0.6538204
1385,16057,0.6538106
688,18696,0.6537607
2106,11368,0.6537238
1032,22857,0.6537188
1071,6850,0.6537119
2286,40422,0.65369797
1385,22998,0.6536206
1632,14317,0.65359586
2213,58600,0.6535622
2115,41629,0.6535431
1215,14963,0.65353405
2557,50779,0.65350413
285,23654,0.65347093
325,54258,0.6533959
1617,28440,0.65337837
1685,31624,0.6533112
2551,38626,0.65330905
1632,59269,0.6532169
2016,40152,0.65320814
2020,24525,0.6531978
920,40897,0.6531608
2493,44245,0.65312845
1043,55458,0.6530788
69,19158,0.6530733
2020,35144,0.65305215
1710,23853,0.65304327
1371,60153,0.65299654
2173,47512,0.6529412
2255,29277,0.6529391
1710,13297,0.6529361
69,58938,0.65293276
1284,61948,0.6528881
704,53879,0.65286684
1071,63037,0.65283656
445,47720,0.65278757
1358,43607,0.6527803
1047,49574,0.6527773
1794,23818,0.652777
339,39316,0.65275466
1071,25084,0.6527433
800,44494,0.6527282
2401,46608,0.6527178
2496,12710,0.6526624
351,24182,0.65263474
325,18858,0.652619
704,37434,0.6526132
1622,13678,0.6525873
27,26567,0.65256333
273,28296,0.65253687
2593,41909,0.6524929
2160,7525,0.6524841
1710,17066,0.6524824
1654,28177,0.65246344
446,44070,0.65243953
1071,1530,0.65243125
1924,13336,0.6524169
1794,46131,0.652388
61,35791,0.6523526
1194,39809,0.6523181
27,45398,0.65231025
2471,19781,0.65229726
688,29640,0.6522949
1228,20796,0.6522101
2250,13533,0.6522052
2206,27634,0.6521765
2000,55465,0.65217406
1089,57170,0.65212137
1617,63011,0.6520964
71,8310,0.6520392
285,18140,0.6520277
273,56116,0.6519989
1032,60613,0.6519594
1631,27014,0.651953
1435,16644,0.651926
1452,35914,0.6519174
1632,26224,0.6518568
1956,44464,0.6518326
285,806,0.6518257
1929,32315,0.65181816
2286,35778,0.6518178
2241,10690,0.651809
2004,29640,0.6517929
309,1302,0.65171766
1399,22394,0.651665
1794,17492,0.65160894
1667,26465,0.6515279
2403,53620,0.6515205
1753,18085,0.65151364
1572,43727,0.6514449
367,6795,0.6513654
221,45265,0.65134656
1474,61473,0.65133023
1064,62192,0.65131336
1470,9898,0.6513076
1032,27585,0.6512591
1001,12154,0.6512535
830,9660,0.6512178
1325,50248,0.6511567
2115,21565,0.6511415
2160,1869,0.650964
1264,31707,0.6509618
1924,50780,0.6509541
2356,1291,0.6508897
2250,3386,0.6508603
800,47913,0.6507683
367,51288,0.6507026
2172,23725,0.6506643
1032,22065,0.650664
1325,47112,0.650627
239,20458,0.65062344
1358,62363,0.650622
2587,23788,0.6505953
1474,53192,0.65055954
1064,36293,0.65054595
2471,27018,0.65048337
377,39884,0.6504679
1325,28335,0.6504655
1333,64229,0.65045214
2382,5285,0.6503845
1685,39976,0.6503718
1754,405,0.65036106
1032,50958,0.65034664
2250,38387,0.6503198
2308,35648,0.6502845
1695,54550,0.6502825
1325,22680,0.65026236
2476,35967,0.6501981
688,1877,0.65017396
2229,14023,0.6501565
355,63022,0.6501182
704,12890,0.65010655
941,59359,0.6500672
1102,32478,0.6500361
273,10597,0.64997387
2102,13681,0.6499607
2496,9631,0.64993286
414,54735,0.64992404
2093,60456,0.6498941
1371,3091,0.64987886
273,59393,0.6498288
27,47885,0.6497853
704,14371,0.649765
2135,49234,0.6497482
2025,56934,0.64973664
1435,18003,0.6497345
2115,35103,0.6497276
1070,15111,0.64970946
1474,42581,0.64969534
1435,62913,0.64969325
2213,18476,0.64962566
1793,17937,0.64961183
2206,36632,0.64956695
1689,4711,0.6495631
2240,20764,0.649518
2106,50617,0.64951646
1793,40726,0.64951056
1042,60308,0.649463
1624,32478,0.6494449
181,40832,0.6494291
1010,17326,0.6493352
2162,32031,0.6493117
1819,39837,0.6493101
1032,29280,0.6492965
2386,46661,0.6492621
341,22014,0.64915013
27,15647,0.64908975
1215,33750,0.64908624
285,14586,0.64905906
1209,52660,0.6490565
2091,40206,0.64898634
2023,3101,0.6489036
2252,36009,0.6488567
2025,6025,0.64884424
309,41952,0.6488265
2004,44385,0.6487644
690,37142,0.6487119
905,37005,0.64868283
1708,16057,0.6485845
1452,45137,0.64857835
1483,20029,0.6485633
2551,5877,0.6485489
2082,6467,0.64851856
1134,63259,0.648512
2106,41974,0.6484419
1032,23049,0.64840066
2493,15339,0.64839685
2000,22744,0.64836353
1919,20341,0.64818335
2250,7041,0.64810675
1435,52285,0.6479385
2401,9037,0.6479373
285,24144,0.6479062
1215,56743,0.64788204
256,27273,0.64780194
1452,43016,0.6477872
2593,35294,0.64775014
2213,59174,0.64772195
1509,15796,0.6477114
1020,13731,0.647655
2213,41380,0.6476093
2221,50105,0.6475495
1521,52394,0.6475413
91,23948,0.6475399
2213,51994,0.64753723
2000,56986,0.6475086
1032,40808,0.6474869
2493,23948,0.6474018
1572,63017,0.64738214
1032,58040,0.64732015
1731,32260,0.6472594
2386,9483,0.64720106
331,28136,0.64716
1325,25417,0.6471503
1685,52394,0.6470799
1411,38473,0.6470788
1284,18858,0.64704096
1794,59307,0.64696133
2015,51613,0.646917
2135,22725,0.6468719
2471,5053,0.6468673
761,37684,0.64685035
1794,33801,0.6467478
1070,6044,0.64671934
941,7505,0.6466935
905,18709,0.64668655
1819,61335,0.64667547
331,25869,0.6466453
1843,11839,0.64660466
2213,53772,0.64648205
1794,38510,0.6463989
1151,48213,0.6463468
1843,18278,0.6463185
2386,43907,0.6463137
2471,62767,0.6463063
2250,29504,0.64626336
1215,37045,0.6462394
2527,4585,0.6462153
1043,5659,0.6461603
579,47844,0.6461315
71,55490,0.6461251
501,58874,0.6461214
1509,28892,0.6460306
2504,29867,0.6460043
1858,4247,0.6459957
61,8329,0.64599454
1915,58252,0.64599335
685,62229,0.6459888
1215,52657,0.6459691
880,27870,0.6459569
1426,10542,0.64589095
181,34833,0.6457964
1996,41223,0.6457852
2250,38046,0.64575976
1631,16499,0.6457409
1819,60395,0.6457331
2128,55124,0.6457145
1284,57588,0.6457081
2106,7628,0.64566725
2172,8304,0.64558226
71,31387,0.64550936
1622,35490,0.64550424
1794,12481,0.64549667
2241,49034,0.64544505
2496,19592,0.6454349
339,17397,0.64536315
432,41445,0.6452563
830,24293,0.64525336
2172,23335,0.6452488
1089,49954,0.64523554
634,11614,0.6451745
1929,56675,0.6449921
2173,9965,0.6449863
415,62082,0.64488804
1095,22798,0.6448871
1622,53513,0.6448867
1929,49574,0.64485943
690,50739,0.6448155
688,28114,0.6448009
1320,22091,0.6447987
1089,17823,0.64473903
1961,63610,0.6447278
2493,7525,0.64470834
337,53768,0.64467764
684,13814,0.6446615
2015,13660,0.6446593
2138,26027,0.64457345
688,60506,0.64452666
2504,39837,0.64450824
1682,30318,0.64445317
579,49574,0.6444416
2403,28314,0.6444355
181,52685,0.64442825
1358,23835,0.6443827
1080,26354,0.64436674
2128,16923,0.6443638
1411,44835,0.644287
2493,22394,0.64425653
1020,56739,0.64419967
2493,36567,0.6441881
2128,47720,0.6441689
501,27311,0.6441653
2426,33353,0.6441611
688,29988,0.6441386
1172,28961,0.64413345
1032,24437,0.6441289
2025,63259,0.6441022
1731,24925,0.64397997
2435,22948,0.64391696
1731,16418,0.6439153
2252,52385,0.6439116
71,41909,0.64385945
2299,43981,0.6438377
2435,59307,0.643824
1622,57486,0.6437479
2524,57065,0.643661
1032,48213,0.64365196
2594,63465,0.6436497
1819,14259,0.6436471
1070,36520,0.643641
1070,53977,0.64359325
1509,24138,0.64352846
1647,36952,0.6434792
429,57511,0.6434328
1961,53363,0.6432576
611,17384,0.64323187
2496,22014,0.6431868
1915,40778,0.6431565
2241,47395,0.64307886
2116,20498,0.6430578
71,35294,0.6430361
341,7459,0.6429992
1089,6792,0.64299065
377,8802,0.6429424
91,5087,0.64293706
1080,1529,0.64286757
2229,37102,0.64286375
2172,26223,0.64284295
2235,42234,0.6428281
688,12064,0.6428237
2435,41733,0.6428158
1269,13336,0.64278924
596,7272,0.64278567
386,53793,0.6427796
775,56223,0.6426802
1485,55458,0.64263225
2213,54369,0.6426275
1041,42500,0.64260125
2229,28866,0.6425965
2426,41109,0.6425694
2015,30828,0.64256376
2167,48928,0.6425499
1001,9898,0.64237356
91,61432,0.64235896
1089,54193,0.6423403
309,10195,0.642275
2308,35235,0.642184
2587,27368,0.64216834
2551,31493,0.6421107
1215,34772,0.64203215
977,7886,0.64198065
1961,49333,0.64197946
695,40206,0.6419034
1426,13440,0.6418989
449,58198,0.6418684
688,58948,0.6418523
2015,56709,0.64184755
1606,5551,0.6417635
1205,54604,0.6416352
2172,41738,0.6416322
558,43738,0.6415601
636,41977,0.6415123
2167,5087,0.6414354
1215,19496,0.6414213
1095,11268,0.64139557
1455,22236,0.6413632
386,25211,0.6413102
1654,24035,0.6412728
2252,33027,0.6412095
1956,7272,0.6412003
690,28961,0.6411841
1205,35778,0.6411578
309,13937,0.6411403
2435,34845,0.64113903
2241,2576,0.6410769
1032,33912,0.6410074
1139,63426,0.64097154
2116,13907,0.6409524
1581,31873,0.6409434
91,7424,0.6409106
684,27619,0.640807
401,2509,0.64077723
1738,62344,0.6407271
1485,1796,0.6406288
1452,1307,0.64060247
1919,34053,0.64056706
636,23907,0.6405349
2091,29963,0.640501
1631,3872,0.64045596
2436,51065,0.6404132
1731,15513,0.6403455
309,28114,0.64034426
2023,17384,0.6403054
1919,57047,0.64027405
1581,44515,0.64026713
1647,45304,0.64024746
1280,36720,0.6401802
341,12710,0.64014107
579,24289,0.64009994
1043,53887,0.64009863
775,9154,0.6400929
1624,46691,0.64004934
2524,31624,0.6399254
2106,18910,0.63992244
2356,24826,0.6398505
1518,8820,0.6398399
2520,3306,0.6398109
1452,33308,0.63974583
2100,7500,0.63971245
556,52433,0.63970375
1631,39381,0.6396364
2593,47844,0.63961864
445,8189,0.6396121
1032,37231,0.6395931
1452,5551,0.6395733
91,29268,0.6395388
1731,22224,0.6393802
688,4650,0.6393398
91,13814,0.6392019
2587,33773,0.63919663
2173,16390,0.639195
690,45959,0.63917613
309,9352,0.6391258
1996,12627,0.6390909
51,24972,0.63904107
516,11515,0.63903105
1919,29191,0.6389363
1425,31519,0.6388864
695,26049,0.6388391
2128,59088,0.6387452
386,32500,0.6387184
2091,45959,0.63859504
1284,39221,0.6385906
626,4024,0.63857317
412,26578,0.63852847
1590,28021,0.63851565
181,53481,0.63851506
1102,48130,0.6384274
579,11640,0.6384197
1663,19343,0.63840497
1667,13949,0.63834023
2213,16892,0.6383345
1172,19062,0.6382546
459,54940,0.6380888
1624,16390,0.63807845
1411,9722,0.6380633
277,15455,0.63790035
1738,23579,0.63785267
2010,12006,0.63781285
1425,34547,0.637789
2221,40821,0.63768566
24,23632,0.63764054
1663,44986,0.63746786
1001,10812,0.6373261
880,2938,0.63728976
2356,54566,0.63726336
1205,5930,0.63716465
880,62728,0.63707787
1102,22384,0.6369685
1485,17974,0.63693994
1399,36567,0.636927
1961,23948,0.6369177
2436,19423,0.63688177
1140,16881,0.63684714
415,28114,0.63683105
2062,31938,0.6367423
1590,12571,0.6366995
1228,48485,0.6366458
1518,44760,0.6366085
339,23672,0.6365225
880,13741,0.6364832
1426,52531,0.63644946
2319,60418,0.63643885
1425,12064,0.63642466
1102,5551,0.63637537
1875,37025,0.6363385
181,11638,0.636317
2386,43607,0.63625735
1001,60417,0.63624656
181,26324,0.6360585
2386,38927,0.63605577
445,4905,0.63599473
1961,41489,0.6359591
1819,54854,0.6359281
1054,7513,0.6359221
1872,4247,0.6358373
684,12112,0.635748
1484,63682,0.6357033
1708,35718,0.63559985
1172,35311,0.6355258
2004,37662,0.63548124
2504,7969,0.6354655
2356,62272,0.6354626
1095,60504,0.6353543
1622,50142,0.6353475
2015,52794,0.6351439
2252,22716,0.63509524
2524,6317,0.635079
1411,11556,0.6350379
1738,23499,0.6350274
937,4024,0.63501894
1484,50416,0.6349335
880,60455,0.63490117
445,56662,0.6348444
1100,49554,0.6348246
880,22001,0.63477725
814,23301,0.6347587
2524,30458,0.6345861
1647,61919,0.63452506
91,12676,0.63451964
814,53637,0.6344593
2435,15611,0.63444483
2091,23250,0.6344371
1043,63614,0.6343952
2132,37853,0.6343638
920,8434,0.634342
2172,50582,0.6342995
2386,60387,0.63428915
2435,25622,0.634221
2189,10856,0.6342141
1581,22807,0.6341472
2527,18278,0.6341275
91,59269,0.6341093
1426,33497,0.63406885
91,15339,0.6340685
1961,43107,0.6339992
2524,39976,0.6339693
2587,27759,0.63395834
1089,33696,0.63390565
1269,25761,0.63379765
1269,30294,0.63377964
181,2954,0.63376117
684,28876,0.6336545
1581,62521,0.63363385
308,23662,0.6335848
1663,7509,0.6335019
2504,56808,0.63336265
1001,40372,0.6332403
1667,23845,0.63313305
2252,40197,0.63301414
1278,3872,0.6329454
2593,47641,0.6329222
2173,1729,0.6328075
2114,34843,0.6327565
2436,26242,0.63257974
51,26305,0.6325686
1484,62072,0.6325643
2235,20616,0.6324954
1581,57444,0.63242245
71,47495,0.63240916
2507,56944,0.63240767
2015,41813,0.6323606
905,49864,0.63225853
1140,37172,0.63224846
2436,179,0.63221323
1647,30289,0.63214123
937,18695,0.63213253
1663,42920,0.63196325
2172,23843,0.6318681
2241,32852,0.6317257
308,2563,0.63168955
1961,40508,0.6316682
1043,35103,0.63164735
2524,54595,0.63153934
377,19045,0.6315059
386,60418,0.63143516
556,30230,0.6313751
2173,35648,0.63125014
181,42063,0.63123846
920,45923,0.63120174
2436,45476,0.63111407
25,40296,0.6309304
1095,45113,0.63061345
1043,32928,0.6305617
814,11588,0.63051796
1043,1796,0.6304935
62,23604,0.6304872
2015,63610,0.6304305
1080,27401,0.6304296
905,44550,0.6304278
1194,12007,0.6303639
432,19948,0.6302501
684,8795,0.6301619
1961,30828,0.6300974
1755,34912,0.6300187
920,5087,0.6299057
1974,20268,0.629822
2252,61948,0.62981296
579,42389,0.629809
1476,22001,0.62980723
2091,28961,0.62973785
239,24914,0.6295743
2004,15796,0.62950176
2062,26027,0.6294315
1001,4650,0.6294066
2278,52794,0.629369
2457,63180,0.6293622
1754,6262,0.6293201
2138,63151,0.6293131
1399,35571,0.62930334
977,12386,0.62921774
181,13262,0.6292118
501,31417,0.6291913
2235,13431,0.6291489
1228,43419,0.6291294
2386,56979,0.62908024
1686,49554,0.62902975
2507,37257,0.6289512
1080,48646,0.62881005
1001,55990,0.628489
445,29530,0.62848246
2524,31022,0.62847453
2167,40897,0.62842214
24,7702,0.62836784
1485,8939,0.6283413
432,17039,0.6283133
2173,52942,0.62829137
2504,21733,0.62824786
449,43793,0.62821424
1485,42439,0.6282002
501,39092,0.6281842
2173,54027,0.6281755
1667,41058,0.6281036
636,33661,0.62805307
259,51843,0.6280054
2004,7208,0.62792933
415,50675,0.62792015
589,18308,0.62786245
62,17785,0.6278511
684,29227,0.62779474
2278,43107,0.62775576
2367,28763,0.6277156
308,51429,0.6277071
920,15841,0.6275841
1590,18911,0.6274588
2435,30814,0.6274476
2504,13263,0.6273934
1624,33222,0.62739325
2172,54001,0.62735856
1663,9037,0.627347
1485,8468,0.6273424
1476,30331,0.62728864
386,26881,0.62718517
1480,28323,0.62709457
1269,53129,0.62702996
2172,56151,0.6269004
2356,28648,0.6268995
814,55947,0.6268973
1590,3939,0.6268108
501,37588,0.6267929
685,15454,0.6266962
480,10451,0.626598
2100,42573,0.6265328
2356,7353,0.62649536
2524,47010,0.6264595
415,9352,0.6264508
814,30242,0.62643087
684,20876,0.62638754
516,22625,0.6261778
2504,35571,0.62617564
878,45009,0.62616074
501,16835,0.62613964
1647,46921,0.6260918
445,60387,0.6260901
2386,45113,0.62602633
2171,63981,0.6259347
1102,54837,0.62592167
2015,62619,0.6259159
1080,10067,0.62584203
2167,7525,0.62582433
62,21868,0.6256702
1961,17285,0.62566125
2138,60072,0.62565905
1470,2050,0.6255986
24,28669,0.6254714
1284,3187,0.625425
1336,54726,0.6252149
2132,46199,0.62518895
445,51552,0.6251698
1372,60772,0.6250663
2557,22948,0.6250103
1228,23457,0.624906
1647,60637,0.62483335
605,24925,0.6248118
1622,34045,0.6247171
1663,46435,0.624695
516,22382,0.62468886
2241,41954,0.62462944
596,44464,0.62459075
2004,58452,0.62451625
684,21454,0.6244918
2356,39221,0.62437385
814,8378,0.62419444
1590,24948,0.62419134
920,39514,0.6241585
2252,49235,0.62415266
401,21774,0.62411714
2476,55395,0.62390846
1041,39569,0.62386024
331,6124,0.6238111
2476,12136,0.6237936
449,53957,0.6237936
1622,27283,0.6236924
2278,13785,0.62365866
2167,39417,0.6235304
309,17225,0.6234797
1622,9644,0.6234577
259,63465,0.6234305
459,17384,0.6233968
1647,24826,0.6232716
309,51185,0.6232699
2100,39919,0.62324893
1411,1529,0.6230587
2116,41974,0.62303466
1020,29386,0.62285817
1080,6326,0.62275505
1345,13908,0.6227361
1708,20528,0.62265044
2062,21427,0.62257445
2504,56210,0.62249017
1041,21488,0.6224154
937,35103,0.622352
2504,61335,0.622297
2278,41230,0.6222354
2239,2245,0.6220041
1284,44277,0.6218883
1284,30421,0.6217116
596,11975,0.62170917
2235,53983,0.6216285
309,12140,0.6216044
2235,7117,0.62146825
2524,26096,0.62146044
2551,29825,0.62142694
1647,7525,0.62135935
309,55398,0.62135714
415,2830,0.62132674
432,21173,0.62130046
516,61312,0.6212707
2356,28690,0.62110555
259,6485,0.6211008
445,38115,0.6210178
2504,4311,0.6209848
814,5130,0.62098116
814,61069,0.62097216
2533,15861,0.62090737
1100,40077,0.6208981
2476,9990,0.62088704
1100,61725,0.6208264
2278,38882,0.62079537
432,32776,0.6207579
1199,21552,0.6207371
684,3716,0.6207001
429,7556,0.62061656
2189,14586,0.6205689
1278,22394,0.62052596
62,51630,0.62042403
1462,45127,0.6203756
878,62683,0.6203253
1708,30120,0.6202543
2476,32724,0.62016845
1624,19764,0.6201005
1878,33220,0.6200837
814,41007,0.62006915
1686,42234,0.6199616
24,57777,0.61995155
1102,53079,0.61992383
878,40419,0.61976814
2167,44245,0.6197678
51,52054,0.6196538
2167,20528,0.6193088
501,436,0.6192744
2299,25371,0.61922777
331,25417,0.619222
1140,62580,0.619218
1755,15861,0.61879313
2553,17905,0.61864066
2593,26609,0.6185857
2241,48666,0.6185231
1485,44542,0.61842227
2167,15339,0.61839557
415,12140,0.61837286
62,49574,0.6182822
1509,29640,0.61816776
445,23262,0.6181499
26,24925,0.6181092
1624,20550,0.6180933
1199,46144,0.6180903
556,34708,0.6180669
445,60577,0.6179782
2241,13981,0.61787903
2091,12297,0.6177763
1219,18433,0.61775637
2114,61103,0.61770856
25,47739,0.61764884
1485,13790,0.61764425
501,28314,0.6176257
556,23141,0.6176057
870,18858,0.6175426
2241,29703,0.6173987
2013,53010,0.6173587
2593,44245,0.6173047
414,29400,0.61717725
259,61749,0.6171719
1484,27018,0.6170674
1080,9352,0.6168783
2593,14162,0.6168693
2593,40897,0.6168009
429,33220,0.61677384
1590,16799,0.6167437
1485,3210,0.61667204
259,4997,0.6166669
1738,59130,0.61664855
1685,16845,0.6161541
1080,41952,0.61612844
501,23727,0.6160989
878,38221,0.61601657
1509,34487,0.6159319
501,19732,0.6158997
1708,27446,0.6154988
2319,34173,0.6154802
2594,10007,0.61528283
412,31118,0.6152485
2356,54463,0.6152343
878,62636,0.61522067
589,29530,0.6150678
1521,55260,0.6149755
2594,9959,0.6149687
2221,7698,0.6149547
1738,22224,0.6149192
1336,47238,0.6148019
947,2413,0.61475873
1140,53363,0.6146948
2167,25417,0.61466205
2013,29386,0.61450124
1754,60614,0.6144774
1485,60412,0.61444217
1480,6681,0.6143918
1210,50751,0.61424506
1708,35130,0.6141788
51,1800,0.6138894
2593,26305,0.6138774
2308,5551,0.61382544
2167,28335,0.6138083
1139,24972,0.61376137
446,57247,0.6137241
2013,47720,0.61372197
1708,33078,0.61371434
2221,26633,0.61342555
1590,3665,0.61327213
1590,17651,0.61316377
1054,16845,0.61315423
1100,36999,0.6128773
870,3187,0.6128727
432,58788,0.61287165
1044,8602,0.6127957
2167,55705,0.6126741
1738,2667,0.61248916
446,64153,0.61240846
2221,54231,0.6123736
1695,6283,0.6123539
596,52531,0.61232954
1425,21619,0.6122097
1606,20935,0.61206436
26,18281,0.6120144
870,44277,0.61191535
1708,51653,0.6116873
1590,33750,0.61166
51,13864,0.61160076
2065,34010,0.61152613
446,10654,0.6114875
2551,314,0.61141086
1754,20602,0.611107
2553,63364,0.6110592
1708,63795,0.6110028
1695,27412,0.6109729
2171,4796,0.61095744
947,8442,0.61088
1278,2546,0.6108303
611,40716,0.61073375
1041,59951,0.6106727
2261,2464,0.6105502
870,43738,0.61039066
239,24944,0.6100929
2062,57585,0.6100918
1754,32587,0.6100422
2593,713,0.6097816
2533,40316,0.60973215
870,39221,0.6096202
2091,22744,0.6095309
1738,11166,0.6095098
1755,40316,0.6094866
1878,2845,0.6094771
626,41629,0.6091379
2594,30322,0.60892
1345,21173,0.608696
1708,21173,0.60866326
446,8769,0.6086338
870,61948,0.60850114
1041,568,0.6084829
1470,6780,0.60833585
432,46128,0.60831946
1041,54636,0.60822654
947,12007,0.60821587
401,12572,0.608178
62,28666,0.608062
1754,61022,0.6079789
1480,32907,0.60785246
415,61078,0.6078422
432,41345,0.60776156
2553,50008,0.6077551
744,19423,0.607569
1754,30305,0.6072585
1695,22516,0.6070366
26,53276,0.6069751
2013,45890,0.6069736
2533,34912,0.60691583
1470,31627,0.60681623
2010,54987,0.6067383
26,17317,0.6066534
432,2486,0.60659164
1345,26280,0.6064734
2050,57511,0.60642606
2551,12505,0.6059778
429,25043,0.60575795
1754,10458,0.60570806
1974,11243,0.6055974
2050,52808,0.605332
685,17369,0.6051729
446,63614,0.6051646
550,55562,0.6050737
550,28743,0.60506606
480,10472,0.60498726
686,11258,0.6049177
415,20140,0.60485876
1754,61293,0.6046698
1470,55990,0.6045283
605,4577,0.6044371
589,1877,0.6044301
2507,42790,0.60440654
429,2845,0.60430604
2308,18378,0.60408294
446,9099,0.60377717
947,9731,0.60373354
2308,19237,0.60361534
2545,48634,0.6035849
415,59797,0.60339236
1345,30541,0.603384
2551,53911,0.60330945
2050,49033,0.60316634
1606,58885,0.6031555
1606,58687,0.60314167
1754,33808,0.6026194
744,51065,0.6025216
1316,49905,0.6024742
480,62800,0.602309
2308,35490,0.60182583
1470,8110,0.60182095
2189,61847,0.6012583
589,2871,0.60073304
686,36293,0.60072803
1887,57667,0.6006998
1606,36693,0.6006893
2013,21949,0.60066414
1754,18205,0.6006562
2594,5579,0.60038304
686,819,0.59912217
759,50550,0.59907514
596,29836,0.5990735
1974,27843,0.5988711
415,34372,0.59886277
605,4040,0.5987399
1462,15403,0.5983654
2189,28740,0.59809685
415,26605,0.5973476
2527,3222,0.5971739
2065,32315,0.597048
605,7518,0.5970336
1878,8112,0.5970308
1682,27315,0.5968183
605,33807,0.59681183
947,39936,0.5966604
947,6281,0.59631556
1210,11768,0.59625274
415,17892,0.5960113
415,56176,0.5958291
2010,30306,0.59538704
1054,32315,0.5953456
589,33305,0.5948755
1462,41392,0.5946801
2114,51553,0.5945394
1844,49977,0.5940089
759,62311,0.59310347
759,31146,0.59267527
2553,46389,0.59256387
685,14147,0.59233725
2013,55464,0.5923015
2389,14395,0.59220684
2553,7729,0.5920821
2189,34843,0.59172297
1611,40450,0.5913273
2271,22024,0.5904852
2189,18615,0.59013796
1676,33443,0.59004843
2010,32478,0.5900276
589,10535,0.5900177
1521,43141,0.5899658
759,45459,0.5897387
2010,25470,0.58954316
1682,3743,0.58952
2010,6124,0.5890531
605,55749,0.5890472
1372,15123,0.5885059
744,40866,0.5882865
1044,35412,0.58756864
2271,32665,0.5873499
239,10067,0.5869924
1044,36293,0.586773
1844,33156,0.5866984
239,1839,0.58654124
2594,43738,0.58596027
2553,54174,0.5858697
759,1832,0.58585817
1686,32773,0.5857629
2114,18279,0.5854502
2114,60992,0.5853138
759,5118,0.58516204
401,42485,0.58512545
1985,21104,0.5845206
685,18922,0.5844041
2171,63445,0.58422124
2389,17915,0.5841301
2171,36461,0.58378315
480,49620,0.5837442
2013,11908,0.58369267
1686,62229,0.58361244
759,57211,0.5835135
2013,25436,0.583423
1686,14147,0.58338666
2010,48130,0.58307564
1521,58511,0.5830569
2013,46954,0.5826888
2013,24493,0.58262926
904,56739,0.5818502
2065,16845,0.58142376
1139,32953,0.58141696
759,37100,0.58134437
2114,10856,0.5808735
1686,21868,0.5808525
1320,4185,0.58064854
2553,44812,0.580552
1682,51626,0.58053434
685,40077,0.5802314
1611,30392,0.5801616
2114,50617,0.5790806
2065,13660,0.5789965
311,23907,0.5789522
412,56808,0.57876813
2114,29299,0.5782198
1316,53900,0.57795906
1887,19422,0.5777893
2114,35006,0.5776137
1320,47044,0.57759345
1054,61156,0.5775046
1682,56872,0.5772724
1985,8398,0.5772016
2114,59998,0.5770812
2171,23040,0.57690096
480,44266,0.5767368
685,23835,0.57648516
2114,40870,0.57641864
759,16087,0.5761559
1320,62999,0.57559764
759,43035,0.5754217
1316,39417,0.57420534
2389,10890,0.57386875
1054,55337,0.57375586
1783,59717,0.573652
2545,20856,0.57361174
759,56281,0.5731957
1320,35609,0.57317847
904,34592,0.5727718
904,52036,0.57210386
759,30002,0.57130045
1611,58756,0.5711662
1521,5335,0.57107687
1054,49333,0.5708635
480,10708,0.57030666
1686,18922,0.5702863
759,37809,0.570251
1462,27401,0.5701994
2065,56053,0.57017434
1521,16845,0.56973386
1682,23499,0.56958103
1320,55730,0.5695354
1682,15382,0.5692616
2171,9378,0.5691633
1425,10005,0.56884587
480,48282,0.5687276
2065,41489,0.56852114
2163,49916,0.5680783
1425,12304,0.56793034
480,19592,0.56704783
480,22699,0.5667949
2553,63046,0.56658894
1521,30458,0.56654596
1210,50641,0.5663941
759,11648,0.5658697
480,52269,0.56561065
1210,16,0.56496894
480,16350,0.5646341
1515,7701,0.5643468
759,34602,0.5641892
626,35103,0.5636556
412,49464,0.5631628
759,483,0.56255466
382,31456,0.56238055
904,45199,0.5605967
1521,35131,0.55942523
2065,1621,0.5585116
626,53887,0.5584277
412,28022,0.55470395
1921,26349,0.55328774
1210,63259,0.55322737
1210,17384,0.5528995
1515,44600,0.5521702
1921,32116,0.55196255
1515,50907,0.55079335
311,573,0.5502203
412,34941,0.5475458
626,21565,0.5466311
1921,9807,0.54653585
1515,54393,0.546245
1783,51856,0.54513085
1783,49499,0.54396546
2545,23143,0.5419269
1988,27456,0.53993213
1783,38812,0.5381403
1783,40619,0.5313831
1783,39755,0.5299325
1988,40908,0.529051
311,51394,0.52793896
1783,39305,0.52758247
2545,43591,0.5274919
1783,26256,0.5269848
2545,62190,0.5204553
2545,55072,0.5172403
897,33072,0.5040227
897,32457,0.5019525
897,52807,0.49478552
897,46802,0.4922288
