id,title,authors,venue,year,text
0,towards a cooperative transaction model - the cooperative activity model,"m rusinkiewicz , w klas , t tesch , j wфsch , p muth",vldb,1995,"COL title VAL towards a cooperative transaction model - the cooperative activity model COL authors VAL m rusinkiewicz , w klas , t tesch , j wфsch , p muth COL venue VAL vldb COL year VAL 1995"
1,sql/xml is making good progress,"a eisenberg , j melton",sigmod record,2002,"COL title VAL sql/xml is making good progress COL authors VAL a eisenberg , j melton COL venue VAL sigmod record COL year VAL 2002"
2,using formal methods to reason about semantics-based decompositions of transactions,"p ammann , s jajodia , i ray",vldb,1995,"COL title VAL using formal methods to reason about semantics-based decompositions of transactions COL authors VAL p ammann , s jajodia , i ray COL venue VAL vldb COL year VAL 1995"
3,editor 's notes,l liu,sigmod record,2002,COL title VAL editor 's notes COL authors VAL l liu COL venue VAL sigmod record COL year VAL 2002
4,report on the acm fourth international workshop on data warehousing and olap ( dolap 2001 ),,,2002,COL title VAL report on the acm fourth international workshop on data warehousing and olap ( dolap 2001 ) COL authors VAL  COL venue VAL  COL year VAL 2002
5,schema and database evolution in the o2 object database system,"f ferrandina , t meyer , r zicari , g ferran , j madec",vldb,1995,"COL title VAL schema and database evolution in the o2 object database system COL authors VAL f ferrandina , t meyer , r zicari , g ferran , j madec COL venue VAL vldb COL year VAL 1995"
6,procedures in object-oriented query languages,"k subieta , y kambayashi , j leszczylowski",vldb,1995,"COL title VAL procedures in object-oriented query languages COL authors VAL k subieta , y kambayashi , j leszczylowski COL venue VAL vldb COL year VAL 1995"
7,phoenix project : fault-tolerant applications,"r barga , d lomet",sigmod record,2002,"COL title VAL phoenix project : fault-tolerant applications COL authors VAL r barga , d lomet COL venue VAL sigmod record COL year VAL 2002"
8,mining the world wide web : an information search approach - book review,,,2002,COL title VAL mining the world wide web : an information search approach - book review COL authors VAL  COL venue VAL  COL year VAL 2002
9,l/mrp : a buffer management strategy for interactive continuous data flows in a multimedia dbms,"f moser , a kraiss , w klas",vldb,1995,"COL title VAL l/mrp : a buffer management strategy for interactive continuous data flows in a multimedia dbms COL authors VAL f moser , a kraiss , w klas COL venue VAL vldb COL year VAL 1995"
10,report on the nsf workshop on building an infrastructure for mobile and wireless systems,,,2002,COL title VAL report on the nsf workshop on building an infrastructure for mobile and wireless systems COL authors VAL  COL venue VAL  COL year VAL 2002
11,retrieval of composite multimedia objects,"s chaudhuri , s ghandeharizadeh , c shahabi",vldb,1995,"COL title VAL retrieval of composite multimedia objects COL authors VAL s chaudhuri , s ghandeharizadeh , c shahabi COL venue VAL vldb COL year VAL 1995"
12,mpeg-7 and multimedia database systems,h kosch,sigmod record,2002,COL title VAL mpeg-7 and multimedia database systems COL authors VAL h kosch COL venue VAL sigmod record COL year VAL 2002
13,the fittest survives : an adaptive approach to query optimization,"h lu , k tan , s dao",vldb,1995,"COL title VAL the fittest survives : an adaptive approach to query optimization COL authors VAL h lu , k tan , s dao COL venue VAL vldb COL year VAL 1995"
14,reminiscences on influential papers,,,2002,COL title VAL reminiscences on influential papers COL authors VAL  COL venue VAL  COL year VAL 2002
15,type classification of semi-structured documents,"m tresch , n palmer , a luniewski",vldb,1995,"COL title VAL type classification of semi-structured documents COL authors VAL m tresch , n palmer , a luniewski COL venue VAL vldb COL year VAL 1995"
16,data mining : practical machine learning tools and techniques - book review,j geller,sigmod record,2002,COL title VAL data mining : practical machine learning tools and techniques - book review COL authors VAL j geller COL venue VAL sigmod record COL year VAL 2002
17,managing intra-operator parallelism in parallel database systems,"m mehta , d dewitt",vldb,1995,"COL title VAL managing intra-operator parallelism in parallel database systems COL authors VAL m mehta , d dewitt COL venue VAL vldb COL year VAL 1995"
18,advances in databases and information systems ( adbis ),"a caplinskas , j eder , o vasilecas",sigmod record,2002,"COL title VAL advances in databases and information systems ( adbis ) COL authors VAL a caplinskas , j eder , o vasilecas COL venue VAL sigmod record COL year VAL 2002"
19,mining generalized association rules,"r srikant , r agrawal",vldb,1995,"COL title VAL mining generalized association rules COL authors VAL r srikant , r agrawal COL venue VAL vldb COL year VAL 1995"
20,sampling-based estimation of the number of distinct values of an attribute,"p haas , j naughton , s seshadri , l stokes",vldb,1995,"COL title VAL sampling-based estimation of the number of distinct values of an attribute COL authors VAL p haas , j naughton , s seshadri , l stokes COL venue VAL vldb COL year VAL 1995"
21,book review column,k aberer,sigmod record,2002,COL title VAL book review column COL authors VAL k aberer COL venue VAL sigmod record COL year VAL 2002
22,processing object-oriented queries with invertible late bound functions,"s flodin , t risch",vldb,1995,"COL title VAL processing object-oriented queries with invertible late bound functions COL authors VAL s flodin , t risch COL venue VAL vldb COL year VAL 1995"
23,databases and transaction processing : an application-oriented approach - book review,a kemper,sigmod record,2002,COL title VAL databases and transaction processing : an application-oriented approach - book review COL authors VAL a kemper COL venue VAL sigmod record COL year VAL 2002
24,"the clustra telecom database : high availability , high throughput , and real-time response","s hvasshovd , и torbjјrnsen , s bratsberg , p holager",vldb,1995,"COL title VAL the clustra telecom database : high availability , high throughput , and real-time response COL authors VAL s hvasshovd , и torbjјrnsen , s bratsberg , p holager COL venue VAL vldb COL year VAL 1995"
25,conceptual modeling and specification generation for b2b business process based on ebxml,h kim,sigmod record,2002,COL title VAL conceptual modeling and specification generation for b2b business process based on ebxml COL authors VAL h kim COL venue VAL sigmod record COL year VAL 2002
26,neurorule : a connectionist approach to data mining,"h lu , r setiono , h liu",vldb,1995,"COL title VAL neurorule : a connectionist approach to data mining COL authors VAL h lu , r setiono , h liu COL venue VAL vldb COL year VAL 1995"
27,a multi-agent system infrastructure for software component market-place : an ontological perspective,"r erdur , o dikenelli",sigmod record,2002,"COL title VAL a multi-agent system infrastructure for software component market-place : an ontological perspective COL authors VAL r erdur , o dikenelli COL venue VAL sigmod record COL year VAL 2002"
28,improving performance in replicated databases through relaxed coherency,"r gallersdіrfer , m nicola",vldb,1995,"COL title VAL improving performance in replicated databases through relaxed coherency COL authors VAL r gallersdіrfer , m nicola COL venue VAL vldb COL year VAL 1995"
29,an active functionality service for e-business applications,"m cilia , a buchmann",sigmod record,2002,"COL title VAL an active functionality service for e-business applications COL authors VAL m cilia , a buchmann COL venue VAL sigmod record COL year VAL 2002"
30,contracting in the days of ebusiness,"w hќmmer , w lehner , h wedekind",sigmod record,2002,"COL title VAL contracting in the days of ebusiness COL authors VAL w hќmmer , w lehner , h wedekind COL venue VAL sigmod record COL year VAL 2002"
31,redo recovery after system crashes,"d lomet , m tuttle",vldb,1995,"COL title VAL redo recovery after system crashes COL authors VAL d lomet , m tuttle COL venue VAL vldb COL year VAL 1995"
32,db2 query parallelism : staging and implementation,y wang,vldb,1995,COL title VAL db2 query parallelism : staging and implementation COL authors VAL y wang COL venue VAL vldb COL year VAL 1995
33,david dewitt speaks out,m winslett,ecord,2002,COL title VAL david dewitt speaks out COL authors VAL m winslett COL venue VAL ecord COL year VAL 2002
34,a product specification database for visual prototyping,"k sumiya , k yasutake , h tanaka , n sanada , y imai",vldb,1995,"COL title VAL a product specification database for visual prototyping COL authors VAL k sumiya , k yasutake , h tanaka , n sanada , y imai COL venue VAL vldb COL year VAL 1995"
35,from ternary relationship to relational tables : a case against common beliefs,r camps,sigmod record,2002,COL title VAL from ternary relationship to relational tables : a case against common beliefs COL authors VAL r camps COL venue VAL sigmod record COL year VAL 2002
36,database de-centralization - a practical approach,"t didriksen , c galindo-legaria , e dahle",vldb,1995,"COL title VAL database de-centralization - a practical approach COL authors VAL t didriksen , c galindo-legaria , e dahle COL venue VAL vldb COL year VAL 1995"
37,cluster validity methods : part i,"m halkidi , y batistakis , m vazirgiannis",sigmod record,2002,"COL title VAL cluster validity methods : part i COL authors VAL m halkidi , y batistakis , m vazirgiannis COL venue VAL sigmod record COL year VAL 2002"
38,a pictorial query language for querying geographic databases using positional and olap operators,"e pourabbas , m rafanelli",sigmod record,2002,"COL title VAL a pictorial query language for querying geographic databases using positional and olap operators COL authors VAL e pourabbas , m rafanelli COL venue VAL sigmod record COL year VAL 2002"
39,benchmarking spatial join operations with spatial output,"e hoel , h samet",vldb,1995,"COL title VAL benchmarking spatial join operations with spatial output COL authors VAL e hoel , h samet COL venue VAL vldb COL year VAL 1995"
40,bringing order to query optimization,"g slivinskas , c jensen , r snodgrass",sigmod record,2002,"COL title VAL bringing order to query optimization COL authors VAL g slivinskas , c jensen , r snodgrass COL venue VAL sigmod record COL year VAL 2002"
41,bigsur : a system for the management of earth science data,"p brown , m stonebraker",vldb,1995,"COL title VAL bigsur : a system for the management of earth science data COL authors VAL p brown , m stonebraker COL venue VAL vldb COL year VAL 1995"
42,editor 's notes,l liu,sigmod record,2002,COL title VAL editor 's notes COL authors VAL l liu COL venue VAL sigmod record COL year VAL 2002
43,efficient search of multi-dimensional b-trees,"h leslie , r jain , d birdsall , h yaghmai",vldb,1995,"COL title VAL efficient search of multi-dimensional b-trees COL authors VAL h leslie , r jain , d birdsall , h yaghmai COL venue VAL vldb COL year VAL 1995"
44,research activities in database management and information retrieval at the university of illinois at chicago,"i cruz , a khokhar , b liu , a sistla , o wolfson , c yu",sigmod record,2002,"COL title VAL research activities in database management and information retrieval at the university of illinois at chicago COL authors VAL i cruz , a khokhar , b liu , a sistla , o wolfson , c yu COL venue VAL sigmod record COL year VAL 2002"
45,accessing a relational database through an object-oriented database interface,"j orenstein , d kamber",vldb,1995,"COL title VAL accessing a relational database through an object-oriented database interface COL authors VAL j orenstein , d kamber COL venue VAL vldb COL year VAL 1995"
46,interviewing during a tight job market,,,2002,COL title VAL interviewing during a tight job market COL authors VAL  COL venue VAL  COL year VAL 2002
47,"db2 common server : technology , progress , & directions",b lindsay,vldb,1995,"COL title VAL db2 common server : technology , progress , & directions COL authors VAL b lindsay COL venue VAL vldb COL year VAL 1995"
48,investigating xquery for querying across database object types,n wiegand,sigmod record,2002,COL title VAL investigating xquery for querying across database object types COL authors VAL n wiegand COL venue VAL sigmod record COL year VAL 2002
49,w3qs : a query system for the world-wide web,"d konopnicki , o shmueli",vldb,1995,"COL title VAL w3qs : a query system for the world-wide web COL authors VAL d konopnicki , o shmueli COL venue VAL vldb COL year VAL 1995"
50,the design of a retrieval technique for high-dimensional data on tertiary storage,"r orlandic , j lukaszuk , c swietlik",sigmod record,2002,"COL title VAL the design of a retrieval technique for high-dimensional data on tertiary storage COL authors VAL r orlandic , j lukaszuk , c swietlik COL venue VAL sigmod record COL year VAL 2002"
51,oodb bulk loading revisited : the partitioned-list approach,"j wiener , j naughton",vldb,1995,"COL title VAL oodb bulk loading revisited : the partitioned-list approach COL authors VAL j wiener , j naughton COL venue VAL vldb COL year VAL 1995"
52,chair 's message,,,2002,COL title VAL chair 's message COL authors VAL  COL venue VAL  COL year VAL 2002
53,the double life of the transaction abstraction : fundamental principle and evolving system concept,h korth,vldb,1995,COL title VAL the double life of the transaction abstraction : fundamental principle and evolving system concept COL authors VAL h korth COL venue VAL vldb COL year VAL 1995
54,combining fuzzy information : an overview,r fagin,sigmod record,2002,COL title VAL combining fuzzy information : an overview COL authors VAL r fagin COL venue VAL sigmod record COL year VAL 2002
55,databases and workflow management : what is it all about ? ( panel ),"a reuter , s ceri , j gray , b salzberg , g weikum",vldb,1995,"COL title VAL databases and workflow management : what is it all about ? ( panel ) COL authors VAL a reuter , s ceri , j gray , b salzberg , g weikum COL venue VAL vldb COL year VAL 1995"
56,index concurrency control in firm real-time database systems,"b goyal , j haritsa , s seshadri , v srinivasan",vldb,1995,"COL title VAL index concurrency control in firm real-time database systems COL authors VAL b goyal , j haritsa , s seshadri , v srinivasan COL venue VAL vldb COL year VAL 1995"
57,a brief survey of web data extraction tools,"a laender , b ribeiro-neto , a silva , j teixeira",sigmod record,2002,"COL title VAL a brief survey of web data extraction tools COL authors VAL a laender , b ribeiro-neto , a silva , j teixeira COL venue VAL sigmod record COL year VAL 2002"
58,value-cognizant speculative concurrency control,"a bestavros , s braoudakis",vldb,1995,"COL title VAL value-cognizant speculative concurrency control COL authors VAL a bestavros , s braoudakis COL venue VAL vldb COL year VAL 1995"
59,data warehousing and business intelligence for e-commerce - book review,f goethals,sigmod record,2002,COL title VAL data warehousing and business intelligence for e-commerce - book review COL authors VAL f goethals COL venue VAL sigmod record COL year VAL 2002
60,data mining : concepts and techniques - book review,"f galiano , n marэn",sigmod record,2002,"COL title VAL data mining : concepts and techniques - book review COL authors VAL f galiano , n marэn COL venue VAL sigmod record COL year VAL 2002"
61,a performance study of workfile disk management for concurrent mergesorts in a multiprocessor database system,"k wu , p yu , j chung , j teng",vldb,1995,"COL title VAL a performance study of workfile disk management for concurrent mergesorts in a multiprocessor database system COL authors VAL k wu , p yu , j chung , j teng COL venue VAL vldb COL year VAL 1995"
62,hot block clustering for disk arrays with dynamic striping,"k mogi , m kitsuregawa",vldb,1995,"COL title VAL hot block clustering for disk arrays with dynamic striping COL authors VAL k mogi , m kitsuregawa COL venue VAL vldb COL year VAL 1995"
63,book review column,k aberer,sigmod record,2002,COL title VAL book review column COL authors VAL k aberer COL venue VAL sigmod record COL year VAL 2002
64,tods perceptions and misconceptions,r snodgrass,sigmod record,2002,COL title VAL tods perceptions and misconceptions COL authors VAL r snodgrass COL venue VAL sigmod record COL year VAL 2002
65,an approach for building secure database federations,"d jonscher , k dittrich",vldb,1994,"COL title VAL an approach for building secure database federations COL authors VAL d jonscher , k dittrich COL venue VAL vldb COL year VAL 1994"
66,the cougar approach to in-network query processing in sensor networks,"y yao , j gehrke",sigmod record,2002,"COL title VAL the cougar approach to in-network query processing in sensor networks COL authors VAL y yao , j gehrke COL venue VAL sigmod record COL year VAL 2002"
67,dalэ : a high performance main memory storage manager,"h jagadish , d lieuwen , r rastogi , a silberschatz , s sudarshan",vldb,1994,"COL title VAL dalэ : a high performance main memory storage manager COL authors VAL h jagadish , d lieuwen , r rastogi , a silberschatz , s sudarshan COL venue VAL vldb COL year VAL 1994"
68,introduction to constraint databases - book review,,,2002,COL title VAL introduction to constraint databases - book review COL authors VAL  COL venue VAL  COL year VAL 2002
69,"fast , randomized join-order selection - why use transformations ?","c galindo-legaria , a pellenkoft , m kersten",vldb,1994,"COL title VAL fast , randomized join-order selection - why use transformations ? COL authors VAL c galindo-legaria , a pellenkoft , m kersten COL venue VAL vldb COL year VAL 1994"
70,foundations of statistical natural language processing - book review,,,2002,COL title VAL foundations of statistical natural language processing - book review COL authors VAL  COL venue VAL  COL year VAL 2002
71,bulk loading into an oodb : a performance study,"j wiener , j naughton",vldb,1994,"COL title VAL bulk loading into an oodb : a performance study COL authors VAL j wiener , j naughton COL venue VAL vldb COL year VAL 1994"
72,efficient and effective clustering methods for spatial data mining,"r ng , j han",vldb,1994,"COL title VAL efficient and effective clustering methods for spatial data mining COL authors VAL r ng , j han COL venue VAL vldb COL year VAL 1994"
73,automata theory for xml researchers,f neven,sigmod record,2002,COL title VAL automata theory for xml researchers COL authors VAL f neven COL venue VAL sigmod record COL year VAL 2002
74,database research at the university of illinois at urbana-champaign,"m winslett , k chang , a doan , j han , c zhai , y zhou",sigmod record,2002,"COL title VAL database research at the university of illinois at urbana-champaign COL authors VAL m winslett , k chang , a doan , j han , c zhai , y zhou COL venue VAL sigmod record COL year VAL 2002"
75,fast incremental indexing for full-text information retrieval,"e brown , j callan , w croft",vldb,1994,"COL title VAL fast incremental indexing for full-text information retrieval COL authors VAL e brown , j callan , w croft COL venue VAL vldb COL year VAL 1994"
76,chair 's message,,,2002,COL title VAL chair 's message COL authors VAL  COL venue VAL  COL year VAL 2002
77,a transaction replication scheme for a replicated database with node autonomy,"a fu , d cheung",vldb,1994,"COL title VAL a transaction replication scheme for a replicated database with node autonomy COL authors VAL a fu , d cheung COL venue VAL vldb COL year VAL 1994"
78,treasurer 's message,,,2002,COL title VAL treasurer 's message COL authors VAL  COL venue VAL  COL year VAL 2002
79,a top-down approach for two level serializability,"m ouzzani , m atroun , n belkhodja",vldb,1994,"COL title VAL a top-down approach for two level serializability COL authors VAL m ouzzani , m atroun , n belkhodja COL venue VAL vldb COL year VAL 1994"
80,access to objects by path expressions and rules,"j frohn , g lausen , h uphoff",vldb,1994,"COL title VAL access to objects by path expressions and rules COL authors VAL j frohn , g lausen , h uphoff COL venue VAL vldb COL year VAL 1994"
81,report on the mobile search workshop at www 2002,,,2002,COL title VAL report on the mobile search workshop at www 2002 COL authors VAL  COL venue VAL  COL year VAL 2002
82,graphdb : modeling and querying graphs in databases,r gќting,vldb,1994,COL title VAL graphdb : modeling and querying graphs in databases COL authors VAL r gќting COL venue VAL vldb COL year VAL 1994
83,report on the web dynamics workshop at www 2002,,,2002,COL title VAL report on the web dynamics workshop at www 2002 COL authors VAL  COL venue VAL  COL year VAL 2002
84,report on the 24th european colloquium on information retrieval research,,,2002,COL title VAL report on the 24th european colloquium on information retrieval research COL authors VAL  COL venue VAL  COL year VAL 2002
85,database graph views : a practical model to manage persistent graphs,"a gutiщrrez , p pucheral , h steffen , j thщvenin",vldb,1994,"COL title VAL database graph views : a practical model to manage persistent graphs COL authors VAL a gutiщrrez , p pucheral , h steffen , j thщvenin COL venue VAL vldb COL year VAL 1994"
86,dual-buffering strategies in object bases,"a kemper , d kossmann",vldb,1994,"COL title VAL dual-buffering strategies in object bases COL authors VAL a kemper , d kossmann COL venue VAL vldb COL year VAL 1994"
87,sql/med - a status report,"j melton , j michels , v josifovski , k kulkarni , p schwarz",sigmod record,2002,"COL title VAL sql/med - a status report COL authors VAL j melton , j michels , v josifovski , k kulkarni , p schwarz COL venue VAL sigmod record COL year VAL 2002"
88,hector garcia-molina speaks out,m winslett,,2002,COL title VAL hector garcia-molina speaks out COL authors VAL m winslett COL venue VAL  COL year VAL 2002
89,2q : a low overhead high performance buffer management replacement algorithm,"t johnson , d shasha",vldb,1994,"COL title VAL 2q : a low overhead high performance buffer management replacement algorithm COL authors VAL t johnson , d shasha COL venue VAL vldb COL year VAL 1994"
90,an effective deductive object-oriented database through language integration,"m barja , n paton , a fernandes , m williams , a dinn",vldb,1994,"COL title VAL an effective deductive object-oriented database through language integration COL authors VAL m barja , n paton , a fernandes , m williams , a dinn COL venue VAL vldb COL year VAL 1994"
91,toward autonomic computing with db2 universal database,"s lightstone , g lohman , d zilio",sigmod record,2002,"COL title VAL toward autonomic computing with db2 universal database COL authors VAL s lightstone , g lohman , d zilio COL venue VAL sigmod record COL year VAL 2002"
92,reminiscences on influential papers,,,2002,COL title VAL reminiscences on influential papers COL authors VAL  COL venue VAL  COL year VAL 2002
93,an algebraic approach to rule analysis in expert database systems,"e baralis , j widom",vldb,1994,"COL title VAL an algebraic approach to rule analysis in expert database systems COL authors VAL e baralis , j widom COL venue VAL vldb COL year VAL 1994"
94,report on the semantic web workshop at www 2002,,,2002,COL title VAL report on the semantic web workshop at www 2002 COL authors VAL  COL venue VAL  COL year VAL 2002
95,fast algorithms for mining association rules in large databases,"r agrawal , r srikant",vldb,1994,"COL title VAL fast algorithms for mining association rules in large databases COL authors VAL r agrawal , r srikant COL venue VAL vldb COL year VAL 1994"
96,ontologies : a silver bullet for knowledge management and electronic commerce - book review,,,2002,COL title VAL ontologies : a silver bullet for knowledge management and electronic commerce - book review COL authors VAL  COL venue VAL  COL year VAL 2002
97,opossum : desk-top schema management through customizable visualization,"e haber , y ioannidis , m livny",vldb,1995,"COL title VAL opossum : desk-top schema management through customizable visualization COL authors VAL e haber , y ioannidis , m livny COL venue VAL vldb COL year VAL 1995"
98,the grid : an application of the semantic web,"c goble , d roure",sigmod record,2002,"COL title VAL the grid : an application of the semantic web COL authors VAL c goble , d roure COL venue VAL sigmod record COL year VAL 2002"
99,querying shapes of histories,"r agrawal , g psaila , e wimmers , m zaяt",vldb,1995,"COL title VAL querying shapes of histories COL authors VAL r agrawal , g psaila , e wimmers , m zaяt COL venue VAL vldb COL year VAL 1995"
100,interview with david maier,,,2002,COL title VAL interview with david maier COL authors VAL  COL venue VAL  COL year VAL 2002
101,"the hbp-tree : a modified hb-tree supporting concurrency , recovery and node consolidation","g evangelidis , d lomet , b salzberg",vldb,1995,"COL title VAL the hbp-tree : a modified hb-tree supporting concurrency , recovery and node consolidation COL authors VAL g evangelidis , d lomet , b salzberg COL venue VAL vldb COL year VAL 1995"
102,small worlds : the dynamics of networks between order and randomness - book review,,,2002,COL title VAL small worlds : the dynamics of networks between order and randomness - book review COL authors VAL  COL venue VAL  COL year VAL 2002
103,flexible relations - operational support of variant relational structures,"c kalus , p dadam",vldb,1995,"COL title VAL flexible relations - operational support of variant relational structures COL authors VAL c kalus , p dadam COL venue VAL vldb COL year VAL 1995"
104,query processing in tertiary memory databases,s sarawagi,vldb,1995,COL title VAL query processing in tertiary memory databases COL authors VAL s sarawagi COL venue VAL vldb COL year VAL 1995
105,"agents , turst , and information access on the semantic web","t finin , a joshi",sigmod record,2002,"COL title VAL agents , turst , and information access on the semantic web COL authors VAL t finin , a joshi COL venue VAL sigmod record COL year VAL 2002"
106,methodology for development and employment of ontology based knowledge management applications,"y sure , s staab , r studer",sigmod record,2002,"COL title VAL methodology for development and employment of ontology based knowledge management applications COL authors VAL y sure , s staab , r studer COL venue VAL sigmod record COL year VAL 2002"
107,near neighbor search in large metric spaces,s brin,vldb,1995,COL title VAL near neighbor search in large metric spaces COL authors VAL s brin COL venue VAL vldb COL year VAL 1995
108,scientific journals : extinction or explosion ? ( panel ),"r ramakrishnan , h garcia-molina , g rossbach , a silberschatz , g wiederhold , j zijlstra",vldb,1995,"COL title VAL scientific journals : extinction or explosion ? ( panel ) COL authors VAL r ramakrishnan , h garcia-molina , g rossbach , a silberschatz , g wiederhold , j zijlstra COL venue VAL vldb COL year VAL 1995"
109,acm-sigmod digital review,h jagadish,sigmod record,2000,COL title VAL acm-sigmod digital review COL authors VAL h jagadish COL venue VAL sigmod record COL year VAL 2000
110,querying multiple bioinformatics data sources : can semantic web research help ?,"d buttler , m coleman , t critchlow , r fileto , w han , l liu , c pu , d rocco , l xiong",sigmod record,2002,"COL title VAL querying multiple bioinformatics data sources : can semantic web research help ? COL authors VAL d buttler , m coleman , t critchlow , r fileto , w han , l liu , c pu , d rocco , l xiong COL venue VAL sigmod record COL year VAL 2002"
111,the p operator : discovering and ranking associations on the semantic web,"k anyanwu , a sheth",sigmod record,2002,"COL title VAL the p operator : discovering and ranking associations on the semantic web COL authors VAL k anyanwu , a sheth COL venue VAL sigmod record COL year VAL 2002"
112,similarity based retrieval of pictures using indices on spatial relationships,"a sistla , c yu , c liu , k liu",vldb,1995,"COL title VAL similarity based retrieval of pictures using indices on spatial relationships COL authors VAL a sistla , c yu , c liu , k liu COL venue VAL vldb COL year VAL 1995"
113,clustering validity checking methods : part ii,"m halkidi , y batistakis , m vazirgiannis",sigmod record,2002,"COL title VAL clustering validity checking methods : part ii COL authors VAL m halkidi , y batistakis , m vazirgiannis COL venue VAL sigmod record COL year VAL 2002"
114,providing database migration tools - a practicioner 's approach,a meier,vldb,1995,COL title VAL providing database migration tools - a practicioner 's approach COL authors VAL a meier COL venue VAL vldb COL year VAL 1995
115,editor 's notes,l liu,sigmod record,2002,COL title VAL editor 's notes COL authors VAL l liu COL venue VAL sigmod record COL year VAL 2002
116,metrics for accessing heterogeneous data : is there any hope ? ( panel ),"l seligman , n belkin , e neuhold , m stonebraker , g wiederhold",vldb,1995,"COL title VAL metrics for accessing heterogeneous data : is there any hope ? ( panel ) COL authors VAL l seligman , n belkin , e neuhold , m stonebraker , g wiederhold COL venue VAL vldb COL year VAL 1995"
117,"very large databases : how large , how different ?",d vaskevitch,vldb,1995,"COL title VAL very large databases : how large , how different ? COL authors VAL d vaskevitch COL venue VAL vldb COL year VAL 1995"
118,book review column,k aberer,sigmod record,2002,COL title VAL book review column COL authors VAL k aberer COL venue VAL sigmod record COL year VAL 2002
119,a study on the management of semantic transaction for efficient data retrieval,"s huang , i kwan , c li",sigmod record,2002,"COL title VAL a study on the management of semantic transaction for efficient data retrieval COL authors VAL s huang , i kwan , c li COL venue VAL sigmod record COL year VAL 2002"
120,promises and realities of active database systems,"e simon , a dittrich",vldb,1995,"COL title VAL promises and realities of active database systems COL authors VAL e simon , a dittrich COL venue VAL vldb COL year VAL 1995"
121,os support for vldbs : unix enhancements for the teradata data base,"j catozzi , s rabinovici",vldb,1995,"COL title VAL os support for vldbs : unix enhancements for the teradata data base COL authors VAL j catozzi , s rabinovici COL venue VAL vldb COL year VAL 1995"
122,reminiscences on influential papers,,,2002,COL title VAL reminiscences on influential papers COL authors VAL  COL venue VAL  COL year VAL 2002
123,parameterized complexity for the database theorist,m grohe,sigmod record,2002,COL title VAL parameterized complexity for the database theorist COL authors VAL m grohe COL venue VAL sigmod record COL year VAL 2002
124,managing a db2 parallel edition database,g fecteau,vldb,1995,COL title VAL managing a db2 parallel edition database COL authors VAL g fecteau COL venue VAL vldb COL year VAL 1995
125,research in information managment at dublin city university,"m roantree , a smeaton",sigmod record,2002,"COL title VAL research in information managment at dublin city university COL authors VAL m roantree , a smeaton COL venue VAL sigmod record COL year VAL 2002"
126,the oracle warehouse,g hallmark,vldb,1995,COL title VAL the oracle warehouse COL authors VAL g hallmark COL venue VAL vldb COL year VAL 1995
127,informix-online xps : a dynamically scalable rdbms for open parallel platforms,h spintzik,vldb,1995,COL title VAL informix-online xps : a dynamically scalable rdbms for open parallel platforms COL authors VAL h spintzik COL venue VAL vldb COL year VAL 1995
128,report on the edbt '02 panel on scientific data integration,,,2002,COL title VAL report on the edbt '02 panel on scientific data integration COL authors VAL  COL venue VAL  COL year VAL 2002
129,supporting exceptions to schema consistency to ease schema evolution in oodbms,"e amiel , m bellosta , e dujardin , e simon",vldb,1994,"COL title VAL supporting exceptions to schema consistency to ease schema evolution in oodbms COL authors VAL e amiel , m bellosta , e dujardin , e simon COL venue VAL vldb COL year VAL 1994"
130,wrapping web data into xml,"w han , d buttler , c pu",sigmod record,2001,"COL title VAL wrapping web data into xml COL authors VAL w han , d buttler , c pu COL venue VAL sigmod record COL year VAL 2001"
131,on database theory and xml,d suciu,sigmod record,2001,COL title VAL on database theory and xml COL authors VAL d suciu COL venue VAL sigmod record COL year VAL 2001
132,naos - efficient and modular reactive capabilities in an object-oriented database system,"c collet , t coupaye , t svensen",vldb,1994,"COL title VAL naos - efficient and modular reactive capabilities in an object-oriented database system COL authors VAL c collet , t coupaye , t svensen COL venue VAL vldb COL year VAL 1994"
133,xquery formal semantics : state and challenges,p fankhauser,sigmod record,2001,COL title VAL xquery formal semantics : state and challenges COL authors VAL p fankhauser COL venue VAL sigmod record COL year VAL 2001
134,towards automated performance tuning for complex workloads,"k brown , m mehta , m carey , m livny",vldb,1994,"COL title VAL towards automated performance tuning for complex workloads COL authors VAL k brown , m mehta , m carey , m livny COL venue VAL vldb COL year VAL 1994"
135,why and how to benchmark xml databases,"a schmidt , f waas , m kersten , d florescu , m carey , i manolescu , r busse",sigmod record,2001,"COL title VAL why and how to benchmark xml databases COL authors VAL a schmidt , f waas , m kersten , d florescu , m carey , i manolescu , r busse COL venue VAL sigmod record COL year VAL 2001"
136,query optimization by predicate move-around,"a levy , i mumick , y sagiv",vldb,1994,"COL title VAL query optimization by predicate move-around COL authors VAL a levy , i mumick , y sagiv COL venue VAL vldb COL year VAL 1994"
137,the evolution of effective b-tree : page organization and techniques : a personal account,d lomet,sigmod record,2001,COL title VAL the evolution of effective b-tree : page organization and techniques : a personal account COL authors VAL d lomet COL venue VAL sigmod record COL year VAL 2001
138,optimization algorithms for exploiting the parallelism-communication tradeoff in pipelined parallelism,"w hasan , r motwani",vldb,1994,"COL title VAL optimization algorithms for exploiting the parallelism-communication tradeoff in pipelined parallelism COL authors VAL w hasan , r motwani COL venue VAL vldb COL year VAL 1994"
139,the ecobase project : database and web technologies for environmental information systems,"a tanaka , p valduriez",sigmod record,2001,"COL title VAL the ecobase project : database and web technologies for environmental information systems COL authors VAL a tanaka , p valduriez COL venue VAL sigmod record COL year VAL 2001"
140,some issues in design of distributed deductive databases,"m mohania , n sarda",vldb,1994,"COL title VAL some issues in design of distributed deductive databases COL authors VAL m mohania , n sarda COL venue VAL vldb COL year VAL 1994"
141,semantic integration in heterogeneous databases using neural networks,"w li , c clifton",vldb,1994,"COL title VAL semantic integration in heterogeneous databases using neural networks COL authors VAL w li , c clifton COL venue VAL vldb COL year VAL 1994"
142,xml document versioning,"s chien , v tsotras , c zaniolo",sigmod record,2001,"COL title VAL xml document versioning COL authors VAL s chien , v tsotras , c zaniolo COL venue VAL sigmod record COL year VAL 2001"
143,providing dynamic security control in a federated database,"n idris , w gray , r churchhouse",vldb,1994,"COL title VAL providing dynamic security control in a federated database COL authors VAL n idris , w gray , r churchhouse COL venue VAL vldb COL year VAL 1994"
144,"preservation of digital data with self-validating , self-instantiating knowledge-based archives","b ludфscher , r marciano , r moore",sigmod record,2001,"COL title VAL preservation of digital data with self-validating , self-instantiating knowledge-based archives COL authors VAL b ludфscher , r marciano , r moore COL venue VAL sigmod record COL year VAL 2001"
145,"semantic web workshop : models , architectures and management",,,2001,"COL title VAL semantic web workshop : models , architectures and management COL authors VAL  COL venue VAL  COL year VAL 2001"
146,implementing lazy database updates for an object database system,"f ferrandina , t meyer , r zicari",vldb,1994,"COL title VAL implementing lazy database updates for an object database system COL authors VAL f ferrandina , t meyer , r zicari COL venue VAL vldb COL year VAL 1994"
147,towards event-driven modelling for database design,"m teisseire , p poncelet , r cicchetti",vldb,1994,"COL title VAL towards event-driven modelling for database design COL authors VAL m teisseire , p poncelet , r cicchetti COL venue VAL vldb COL year VAL 1994"
148,reminiscences on influential papers,,,2001,COL title VAL reminiscences on influential papers COL authors VAL  COL venue VAL  COL year VAL 2001
149,"jeffrey d. ullman speaks out on the future of higher education , startups , database theory , and more",,,2001,"COL title VAL jeffrey d. ullman speaks out on the future of higher education , startups , database theory , and more COL authors VAL  COL venue VAL  COL year VAL 2001"
150,new concurrency control algorithms for accessing and compacting b-trees,"v setzer , a zisman",vldb,1994,"COL title VAL new concurrency control algorithms for accessing and compacting b-trees COL authors VAL v setzer , a zisman COL venue VAL vldb COL year VAL 1994"
151,odefs : a file system interface to an object-oriented database,"n gehani , h jagadish , w roome",vldb,1994,"COL title VAL odefs : a file system interface to an object-oriented database COL authors VAL n gehani , h jagadish , w roome COL venue VAL vldb COL year VAL 1994"
152,report on the 2001 sigmod and pods awards,,,2001,COL title VAL report on the 2001 sigmod and pods awards COL authors VAL  COL venue VAL  COL year VAL 2001
153,constraints for semi-structured data and xml,"p buneman , w fan , j simщon , s weinstein",sigmod record,2001,"COL title VAL constraints for semi-structured data and xml COL authors VAL p buneman , w fan , j simщon , s weinstein COL venue VAL sigmod record COL year VAL 2001"
154,indexing multiple sets,"c kilger , g moerkotte",vldb,1994,"COL title VAL indexing multiple sets COL authors VAL c kilger , g moerkotte COL venue VAL vldb COL year VAL 1994"
155,editor 's notes,,,2001,COL title VAL editor 's notes COL authors VAL  COL venue VAL  COL year VAL 2001
156,the hcc-tree : an efficient index structure for object oriented databases,"b sreenath , s seshadri",vldb,1994,"COL title VAL the hcc-tree : an efficient index structure for object oriented databases COL authors VAL b sreenath , s seshadri COL venue VAL vldb COL year VAL 1994"
157,performance of data-parallel spatial operations,"e hoel , h samet",vldb,1994,"COL title VAL performance of data-parallel spatial operations COL authors VAL e hoel , h samet COL venue VAL vldb COL year VAL 1994"
158,sql/xml and the sqlx informal group of companies,"a eisenberg , j melton",sigmod record,2001,"COL title VAL sql/xml and the sqlx informal group of companies COL authors VAL a eisenberg , j melton COL venue VAL sigmod record COL year VAL 2001"
159,eiha ?!? : deploying web and wap services using xml technology,"c biancheri , j pazzaglia , g paddeu",sigmod record,2001,"COL title VAL eiha ?!? : deploying web and wap services using xml technology COL authors VAL c biancheri , j pazzaglia , g paddeu COL venue VAL sigmod record COL year VAL 2001"
160,the impact of global clustering on spatial database systems,"t brinkhoff , h kriegel",vldb,1994,"COL title VAL the impact of global clustering on spatial database systems COL authors VAL t brinkhoff , h kriegel COL venue VAL vldb COL year VAL 1994"
161,java support for data-intensive systems : experiences building the telegraph dataflow system,"m shah , s madden , m franklin , j hellerstein",sigmod record,2001,"COL title VAL java support for data-intensive systems : experiences building the telegraph dataflow system COL authors VAL m shah , s madden , m franklin , j hellerstein COL venue VAL sigmod record COL year VAL 2001"
162,a requirement-based approach to data modeling and re-engineering,"a muntz , c ramiller",vldb,1994,"COL title VAL a requirement-based approach to data modeling and re-engineering COL authors VAL a muntz , c ramiller COL venue VAL vldb COL year VAL 1994"
163,sql multimedia and application packages ( sql/mm ),"j melton , a eisenberg",sigmod record,2001,"COL title VAL sql multimedia and application packages ( sql/mm ) COL authors VAL j melton , a eisenberg COL venue VAL sigmod record COL year VAL 2001"
164,from nested-loop to join queries in oodb,"h steenhagen , p apers , h blanken , r by",vldb,1994,"COL title VAL from nested-loop to join queries in oodb COL authors VAL h steenhagen , p apers , h blanken , r by COL venue VAL vldb COL year VAL 1994"
165,dimacs summer school tutorial on new frontiers in data mining,"d gunopulos , n koudas",sigmod record,2001,"COL title VAL dimacs summer school tutorial on new frontiers in data mining COL authors VAL d gunopulos , n koudas COL venue VAL sigmod record COL year VAL 2001"
166,"composite events for active databases : semantics , contexts and detection","s chakravarthy , v krishnaprasad , e anwar , s kim",vldb,1994,"COL title VAL composite events for active databases : semantics , contexts and detection COL authors VAL s chakravarthy , v krishnaprasad , e anwar , s kim COL venue VAL vldb COL year VAL 1994"
167,report on the 8th international workshop on knowledge representation meets databases ( krdb ),,,2001,COL title VAL report on the 8th international workshop on knowledge representation meets databases ( krdb ) COL authors VAL  COL venue VAL  COL year VAL 2001
168,a low-cost storage server for movie on demand databases,"b жzden , a biliris , r rastogi , a silberschatz",vldb,1994,"COL title VAL a low-cost storage server for movie on demand databases COL authors VAL b жzden , a biliris , r rastogi , a silberschatz COL venue VAL vldb COL year VAL 1994"
169,editor 's notes,l liu,sigmod record,2001,COL title VAL editor 's notes COL authors VAL l liu COL venue VAL sigmod record COL year VAL 2001
170,content-based image indexing,t chiueh,vldb,1994,COL title VAL content-based image indexing COL authors VAL t chiueh COL venue VAL vldb COL year VAL 1994
171,client-server paradise,"d dewitt , n kabra , j luo , j patel , j yu",vldb,1994,"COL title VAL client-server paradise COL authors VAL d dewitt , n kabra , j luo , j patel , j yu COL venue VAL vldb COL year VAL 1994"
172,research in multi-organizational processes and semantic information brokering at the lsdis lab,"a sheth , j miller , k kochut , i arpinar",sigmod record,2001,"COL title VAL research in multi-organizational processes and semantic information brokering at the lsdis lab COL authors VAL a sheth , j miller , k kochut , i arpinar COL venue VAL sigmod record COL year VAL 2001"
173,on the academic interview circuit : an end-to-end discussion,u чetintemel,sigmod record,2001,COL title VAL on the academic interview circuit : an end-to-end discussion COL authors VAL u чetintemel COL venue VAL sigmod record COL year VAL 2001
174,cumulative updates,"s sripada , b wќthrich",vldb,1994,"COL title VAL cumulative updates COL authors VAL s sripada , b wќthrich COL venue VAL vldb COL year VAL 1994"
175,cache conscious algorithms for relational query processing,"a shatdal , c kant , j naughton",vldb,1994,"COL title VAL cache conscious algorithms for relational query processing COL authors VAL a shatdal , c kant , j naughton COL venue VAL vldb COL year VAL 1994"
176,introduction to the career forum column,a labrinidis,sigmod record,2001,COL title VAL introduction to the career forum column COL authors VAL a labrinidis COL venue VAL sigmod record COL year VAL 2001
177,challenges for global information systems,"a levy , a silberschatz , d srivastava , m zemankova",vldb,1994,"COL title VAL challenges for global information systems COL authors VAL a levy , a silberschatz , d srivastava , m zemankova COL venue VAL vldb COL year VAL 1994"
178,continuous queries over data streams,"s babu , j widom",sigmod record,2001,"COL title VAL continuous queries over data streams COL authors VAL s babu , j widom COL venue VAL sigmod record COL year VAL 2001"
179,data analysis and mining in the life sciences,n huyn,sigmod record,2001,COL title VAL data analysis and mining in the life sciences COL authors VAL n huyn COL venue VAL sigmod record COL year VAL 2001
180,building a laboratory information system around a c++ - based object-oriented dbms,"n goodman , s rozen , l stein",vldb,1994,"COL title VAL building a laboratory information system around a c++ - based object-oriented dbms COL authors VAL n goodman , s rozen , l stein COL venue VAL vldb COL year VAL 1994"
181,a multidatabase system for tracking and retrieval of financial data,"m cochinwala , j bradley",vldb,1994,"COL title VAL a multidatabase system for tracking and retrieval of financial data COL authors VAL m cochinwala , j bradley COL venue VAL vldb COL year VAL 1994"
182,a general techniques for querying xml documents using a relational database system,"j shanmugasundaram , e shekita , j kiernan , r krishnamurthy , s viglas , j naughton , i tatarinov",sigmod record,2001,"COL title VAL a general techniques for querying xml documents using a relational database system COL authors VAL j shanmugasundaram , e shekita , j kiernan , r krishnamurthy , s viglas , j naughton , i tatarinov COL venue VAL sigmod record COL year VAL 2001"
183,an overview of repository technology,"p bernstein , u dayal",vldb,1994,"COL title VAL an overview of repository technology COL authors VAL p bernstein , u dayal COL venue VAL vldb COL year VAL 1994"
184,advanced xml data processing - guest editor 's introduction,k aberer,sigmod record,2001,COL title VAL advanced xml data processing - guest editor 's introduction COL authors VAL k aberer COL venue VAL sigmod record COL year VAL 2001
185,data compression support in databases,"b iyer , d wilhite",vldb,1994,"COL title VAL data compression support in databases COL authors VAL b iyer , d wilhite COL venue VAL vldb COL year VAL 1994"
186,accessibility of the database literature,r snodgrass,sigmod record,2001,COL title VAL accessibility of the database literature COL authors VAL r snodgrass COL venue VAL sigmod record COL year VAL 2001
187,treasurer 's message,,,2001,COL title VAL treasurer 's message COL authors VAL  COL venue VAL  COL year VAL 2001
188,an empirical performance study of the ingres search accelerator for a large property management database system,"s anand , d bell , j hughes",vldb,1994,"COL title VAL an empirical performance study of the ingres search accelerator for a large property management database system COL authors VAL s anand , d bell , j hughes COL venue VAL vldb COL year VAL 1994"
189,chair 's message,,,2001,COL title VAL chair 's message COL authors VAL  COL venue VAL  COL year VAL 2001
190,data integration in the large : the challenge of reuse,"a rosenthal , l seligman",vldb,1994,"COL title VAL data integration in the large : the challenge of reuse COL authors VAL a rosenthal , l seligman COL venue VAL vldb COL year VAL 1994"
191,career-enhancing services at sigmod online,"a labrinidis , a mendelzon",sigmod record,2001,"COL title VAL career-enhancing services at sigmod online COL authors VAL a labrinidis , a mendelzon COL venue VAL sigmod record COL year VAL 2001"
192,experiments on access to digital libraries : how can images and text be used together,m lesk,vldb,1994,COL title VAL experiments on access to digital libraries : how can images and text be used together COL authors VAL m lesk COL venue VAL vldb COL year VAL 1994
193,pc database systems - present and future,p bernstein,vldb,1994,COL title VAL pc database systems - present and future COL authors VAL p bernstein COL venue VAL vldb COL year VAL 1994
194,editor 's notes,l liu,sigmod record,2001,COL title VAL editor 's notes COL authors VAL l liu COL venue VAL sigmod record COL year VAL 2001
195,data mining-based intrusion detectors : an overview of the columbia ids project,"s stolfo , w lee , p chan , w fan , e eskin",sigmod record,2001,"COL title VAL data mining-based intrusion detectors : an overview of the columbia ids project COL authors VAL s stolfo , w lee , p chan , w fan , e eskin COL venue VAL sigmod record COL year VAL 2001"
196,distributed top-k monitoring,"b babcock , c olston",sigmod conference,2003,"COL title VAL distributed top-k monitoring COL authors VAL b babcock , c olston COL venue VAL sigmod conference COL year VAL 2003"
197,approximate join processing over data streams,"a das , j gehrke , m riedewald",sigmod conference,2003,"COL title VAL approximate join processing over data streams COL authors VAL a das , j gehrke , m riedewald COL venue VAL sigmod conference COL year VAL 2003"
198,adam : a testbed for exploring the use of data mining in intrusion detection,"d barbarс , j couto , s jajodia , n wu",sigmod record,2001,"COL title VAL adam : a testbed for exploring the use of data mining in intrusion detection COL authors VAL d barbarс , j couto , s jajodia , n wu COL venue VAL sigmod record COL year VAL 2001"
199,detection and classification of intrusions and faults using sequences of system calls,"j cabrera , l lewis , r mehra",sigmod record,2001,"COL title VAL detection and classification of intrusions and faults using sequences of system calls COL authors VAL j cabrera , l lewis , r mehra COL venue VAL sigmod record COL year VAL 2001"
200,containment join size estimation : models and methods,"w wang , h jiang , h lu , j yu",sigmod conference,2003,"COL title VAL containment join size estimation : models and methods COL authors VAL w wang , h jiang , h lu , j yu COL venue VAL sigmod conference COL year VAL 2003"
201,relating distributed objects,"b martin , r cattell",vldb,1994,"COL title VAL relating distributed objects COL authors VAL b martin , r cattell COL venue VAL vldb COL year VAL 1994"
202,book review column,k aberer,sigmod record,2001,COL title VAL book review column COL authors VAL k aberer COL venue VAL sigmod record COL year VAL 2001
203,integrating a structured-text retrieval system with an object-oriented database system,"t yan , j annevelink",vldb,1994,"COL title VAL integrating a structured-text retrieval system with an object-oriented database system COL authors VAL t yan , j annevelink COL venue VAL vldb COL year VAL 1994"
204,describing semistructured data,l cardelli,sigmod record,2001,COL title VAL describing semistructured data COL authors VAL l cardelli COL venue VAL sigmod record COL year VAL 2001
205,chair 's message,,,2001,COL title VAL chair 's message COL authors VAL  COL venue VAL  COL year VAL 2001
206,user interfaces ; who cares ?,s spaccapietra,vldb,1994,COL title VAL user interfaces ; who cares ? COL authors VAL s spaccapietra COL venue VAL vldb COL year VAL 1994
207,special issue on data mining for intrusion detection and threat analysis - guest editor 's introduction,,,2001,COL title VAL special issue on data mining for intrusion detection and threat analysis - guest editor 's introduction COL authors VAL  COL venue VAL  COL year VAL 2001
208,scientific databases - state of the art and future directions,"m zemankova , y ioannidis",vldb,1994,"COL title VAL scientific databases - state of the art and future directions COL authors VAL m zemankova , y ioannidis COL venue VAL vldb COL year VAL 1994"
209,mining system audit data : opportunities and challenges,"w lee , w fan",sigmod record,2001,"COL title VAL mining system audit data : opportunities and challenges COL authors VAL w lee , w fan COL venue VAL sigmod record COL year VAL 2001"
210,efficient similarity search and classification via rank aggregation,"r fagin , r kumar , d sivakumar",sigmod conference,2003,"COL title VAL efficient similarity search and classification via rank aggregation COL authors VAL r fagin , r kumar , d sivakumar COL venue VAL sigmod conference COL year VAL 2003"
211,using unknowns to prevent discovery of association rules,"y saygin , v verykios , c clifton",sigmod record,2001,"COL title VAL using unknowns to prevent discovery of association rules COL authors VAL y saygin , v verykios , c clifton COL venue VAL sigmod record COL year VAL 2001"
212,extracting structured data from web pages,"a arasu , h garcia-molina",sigmod conference,2003,"COL title VAL extracting structured data from web pages COL authors VAL a arasu , h garcia-molina COL venue VAL sigmod conference COL year VAL 2003"
213,factorizing complex predicates in queries to exploit indexes,"s chaudhuri , p ganesan , s sarawagi",sigmod conference,2003,"COL title VAL factorizing complex predicates in queries to exploit indexes COL authors VAL s chaudhuri , p ganesan , s sarawagi COL venue VAL sigmod conference COL year VAL 2003"
214,mining email content for author identification forensics,"o vel , a anderson , m corney , g mohay",sigmod record,2001,"COL title VAL mining email content for author identification forensics COL authors VAL o vel , a anderson , m corney , g mohay COL venue VAL sigmod record COL year VAL 2001"
215,transactional information systems - book review,,,2001,COL title VAL transactional information systems - book review COL authors VAL  COL venue VAL  COL year VAL 2001
216,estimating compilation time of a query optimizer,"i ilyas , j rao , g lohman , d gao , e lin",sigmod conference,2003,"COL title VAL estimating compilation time of a query optimizer COL authors VAL i ilyas , j rao , g lohman , d gao , e lin COL venue VAL sigmod conference COL year VAL 2003"
217,extended wavelets for multiple measures,"a deligiannakis , n roussopoulos",sigmod conference,2003,"COL title VAL extended wavelets for multiple measures COL authors VAL a deligiannakis , n roussopoulos COL venue VAL sigmod conference COL year VAL 2003"
218,information warfare and security - book review,,,2001,COL title VAL information warfare and security - book review COL authors VAL  COL venue VAL  COL year VAL 2001
219,treasurer 's message,,,2000,COL title VAL treasurer 's message COL authors VAL  COL venue VAL  COL year VAL 2000
220,"gio wiederhold speaks out on moving into academia in mid-career , how to be an effective consultant , why you should be a program manager as a funding agency , the need for ontology algebra and simulations , and more",,,2001,"COL title VAL gio wiederhold speaks out on moving into academia in mid-career , how to be an effective consultant , why you should be a program manager as a funding agency , the need for ontology algebra and simulations , and more COL authors VAL  COL venue VAL  COL year VAL 2001"
221,chain : operator scheduling for memory minimization in data stream systems,"b babcock , s babu , m datar , r motwani",sigmod conference,2003,"COL title VAL chain : operator scheduling for memory minimization in data stream systems COL authors VAL b babcock , s babu , m datar , r motwani COL venue VAL sigmod conference COL year VAL 2003"
222,sigmod 2001 industry sessions,"g lohman , c galindo-legaria , m franklin , l seligman",sigmod record,2001,"COL title VAL sigmod 2001 industry sessions COL authors VAL g lohman , c galindo-legaria , m franklin , l seligman COL venue VAL sigmod record COL year VAL 2001"
223,capturing both types and constraints in data integration,"m benedikt , c chan , w fan , j freire , r rastogi",sigmod conference,2003,"COL title VAL capturing both types and constraints in data integration COL authors VAL m benedikt , c chan , w fan , j freire , r rastogi COL venue VAL sigmod conference COL year VAL 2003"
224,reminiscences on influential papers,,,2001,COL title VAL reminiscences on influential papers COL authors VAL  COL venue VAL  COL year VAL 2001
225,exchanging intensional xml data,"t milo , s abiteboul , b amann , o benjelloun , f ngoc",sigmod conference,2003,"COL title VAL exchanging intensional xml data COL authors VAL t milo , s abiteboul , b amann , o benjelloun , f ngoc COL venue VAL sigmod conference COL year VAL 2003"
226,the gmap : a versatile tool for physical data independence,"o tsatalos , m solomon , y ioannidis",vldb,1994,"COL title VAL the gmap : a versatile tool for physical data independence COL authors VAL o tsatalos , m solomon , y ioannidis COL venue VAL vldb COL year VAL 1994"
227,the design and performance evaluation of alternative xml storage strategies,"f tian , d dewitt , j chen , c zhang",sigmod record,2002,"COL title VAL the design and performance evaluation of alternative xml storage strategies COL authors VAL f tian , d dewitt , j chen , c zhang COL venue VAL sigmod record COL year VAL 2002"
228,guest editor 's introduction,,,2002,COL title VAL guest editor 's introduction COL authors VAL  COL venue VAL  COL year VAL 2002
229,including group-by in query optimization,"s chaudhuri , k shim",vldb,1994,"COL title VAL including group-by in query optimization COL authors VAL s chaudhuri , k shim COL venue VAL vldb COL year VAL 1994"
230,persistent threads,"f matthes , j schmidt",vldb,1994,"COL title VAL persistent threads COL authors VAL f matthes , j schmidt COL venue VAL vldb COL year VAL 1994"
231,the n-tier hub technology,"r sommer , t gulledge , d bailey",sigmod record,2002,"COL title VAL the n-tier hub technology COL authors VAL r sommer , t gulledge , d bailey COL venue VAL sigmod record COL year VAL 2002"
232,supporting global user profiles through trusted authorities,i cingil,sigmod record,2002,COL title VAL supporting global user profiles through trusted authorities COL authors VAL i cingil COL venue VAL sigmod record COL year VAL 2002
233,memory-contention responsive hash joins,"d davison , g graefe",vldb,1994,"COL title VAL memory-contention responsive hash joins COL authors VAL d davison , g graefe COL venue VAL vldb COL year VAL 1994"
234,business data management for b2b electronic commerce,"c quix , m schoop , m jeusfeld",sigmod record,2002,"COL title VAL business data management for b2b electronic commerce COL authors VAL c quix , m schoop , m jeusfeld COL venue VAL sigmod record COL year VAL 2002"
235,v-trees - a storage method for long vector data,"m mediano , m casanova , m dreux",vldb,1994,"COL title VAL v-trees - a storage method for long vector data COL authors VAL m mediano , m casanova , m dreux COL venue VAL vldb COL year VAL 1994"
236,qualified answers that reflect user needs and preferences,"t gaasterland , j lobo",vldb,1994,"COL title VAL qualified answers that reflect user needs and preferences COL authors VAL t gaasterland , j lobo COL venue VAL vldb COL year VAL 1994"
237,semantic b2b integration : issues in ontology-based applications,"z cui , d jones , p o'brien",sigmod record,2002,"COL title VAL semantic b2b integration : issues in ontology-based applications COL authors VAL z cui , d jones , p o'brien COL venue VAL sigmod record COL year VAL 2002"
238,rp * : a family of order preserving scalable distributed data structures,"w litwin , m neimat , d schneider",vldb,1994,"COL title VAL rp * : a family of order preserving scalable distributed data structures COL authors VAL w litwin , m neimat , d schneider COL venue VAL vldb COL year VAL 1994"
239,the role of b2b engines in b2b integration architectures,c bussler,sigmod record,2002,COL title VAL the role of b2b engines in b2b integration architectures COL authors VAL c bussler COL venue VAL sigmod record COL year VAL 2002
240,supply chain infrastructures : system integration and information sharing,"m ball , m ma , l raschid , z zhao",sigmod record,2002,"COL title VAL supply chain infrastructures : system integration and information sharing COL authors VAL m ball , m ma , l raschid , z zhao COL venue VAL sigmod record COL year VAL 2002"
241,on index selection schemes for nested object hierarchies,"s chawathe , m chen , p yu",vldb,1994,"COL title VAL on index selection schemes for nested object hierarchies COL authors VAL s chawathe , m chen , p yu COL venue VAL vldb COL year VAL 1994"
242,interview with avi silberschatz,,,2002,COL title VAL interview with avi silberschatz COL authors VAL  COL venue VAL  COL year VAL 2002
243,reasoning about spatial relationships in picture retrieval systems,"a sistla , c yu , r haddad",vldb,1994,"COL title VAL reasoning about spatial relationships in picture retrieval systems COL authors VAL a sistla , c yu , r haddad COL venue VAL vldb COL year VAL 1994"
244,what will be - book review,,,2002,COL title VAL what will be - book review COL authors VAL  COL venue VAL  COL year VAL 2002
245,on spatially partitioned temporal join,"h lu , b ooi , k tan",vldb,1994,"COL title VAL on spatially partitioned temporal join COL authors VAL h lu , b ooi , k tan COL venue VAL vldb COL year VAL 1994"
246,modelling and querying video data,"r hjelsvold , r midtstraum",vldb,1994,"COL title VAL modelling and querying video data COL authors VAL r hjelsvold , r midtstraum COL venue VAL vldb COL year VAL 1994"
247,too much middleware,m stonebraker,sigmod record,2002,COL title VAL too much middleware COL authors VAL m stonebraker COL venue VAL sigmod record COL year VAL 2002
248,materialization : a powerful and ubiquitous abstraction pattern,"a pirotte , e zimсnyi , d massart , t yakusheva",vldb,1994,"COL title VAL materialization : a powerful and ubiquitous abstraction pattern COL authors VAL a pirotte , e zimсnyi , d massart , t yakusheva COL venue VAL vldb COL year VAL 1994"
249,the xml typechecking problem,d suciu,sigmod record,2002,COL title VAL the xml typechecking problem COL authors VAL d suciu COL venue VAL sigmod record COL year VAL 2002
250,report on the 18th british national conference on databases ( bncod ),,,2002,COL title VAL report on the 18th british national conference on databases ( bncod ) COL authors VAL  COL venue VAL  COL year VAL 2002
251,maximizing buffer and disk utilizations for news on-demand,"r ng , j yang",vldb,1994,"COL title VAL maximizing buffer and disk utilizations for news on-demand COL authors VAL r ng , j yang COL venue VAL vldb COL year VAL 1994"
252,reminiscences on influential papers,,,2002,COL title VAL reminiscences on influential papers COL authors VAL  COL venue VAL  COL year VAL 2002
253,investigation of algebraic query optimisation techniques for database programming languages,"a poulovassilis , c small",vldb,1994,"COL title VAL investigation of algebraic query optimisation techniques for database programming languages COL authors VAL a poulovassilis , c small COL venue VAL vldb COL year VAL 1994"
254,join index hierarchies for supporting efficient navigations in object-oriented databases,"z xie , j han",vldb,1994,"COL title VAL join index hierarchies for supporting efficient navigations in object-oriented databases COL authors VAL z xie , j han COL venue VAL vldb COL year VAL 1994"
255,letter to sigmod record editor,n elderini,,2002,COL title VAL letter to sigmod record editor COL authors VAL n elderini COL venue VAL  COL year VAL 2002
256,hilbert r-tree : an improved r-tree using fractals,"i kamel , c faloutsos",vldb,1994,"COL title VAL hilbert r-tree : an improved r-tree using fractals COL authors VAL i kamel , c faloutsos COL venue VAL vldb COL year VAL 1994"
257,why i like working in academia,r snodgrass,sigmod record,2002,COL title VAL why i like working in academia COL authors VAL r snodgrass COL venue VAL sigmod record COL year VAL 2002
258,a survey of logical models for olap databases,"p vassiliadis , t sellis",sigmod record,1999,"COL title VAL a survey of logical models for olap databases COL authors VAL p vassiliadis , t sellis COL venue VAL sigmod record COL year VAL 1999"
259,qc-trees : an efficient summary structure for semantic olap,"l lakshmanan , j pei , y zhao",sigmod conference,2003,"COL title VAL qc-trees : an efficient summary structure for semantic olap COL authors VAL l lakshmanan , j pei , y zhao COL venue VAL sigmod conference COL year VAL 2003"
260,fintime - a financial time series benchmark,"k jacob , d shasha",sigmod record,1999,"COL title VAL fintime - a financial time series benchmark COL authors VAL k jacob , d shasha COL venue VAL sigmod record COL year VAL 1999"
261,spreadsheets in rdbms for olap,"a witkowski , s bellamkonda , t bozkaya , g dorman , n folkert , a gupta , l sheng , s subramanian",sigmod conference,2003,"COL title VAL spreadsheets in rdbms for olap COL authors VAL a witkowski , s bellamkonda , t bozkaya , g dorman , n folkert , a gupta , l sheng , s subramanian COL venue VAL sigmod conference COL year VAL 2003"
262,xrank : ranked keyword search over xml documents,"l guo , f shao , c botev , j shanmugasundaram",sigmod conference,2003,"COL title VAL xrank : ranked keyword search over xml documents COL authors VAL l guo , f shao , c botev , j shanmugasundaram COL venue VAL sigmod conference COL year VAL 2003"
263,diluting acid,"t kempster , c stirling , p thanisch",sigmod record,1999,"COL title VAL diluting acid COL authors VAL t kempster , c stirling , p thanisch COL venue VAL sigmod record COL year VAL 1999"
264,querying structured text in an xml database,"s al-khalifa , c yu , h jagadish",sigmod conference,2003,"COL title VAL querying structured text in an xml database COL authors VAL s al-khalifa , c yu , h jagadish COL venue VAL sigmod conference COL year VAL 2003"
265,design and management of data warehouses : report on the dmdw '99 workshop,"s gatziu , m jeusfeld , m staudt , y vassiliou",sigmod record,1999,"COL title VAL design and management of data warehouses : report on the dmdw '99 workshop COL authors VAL s gatziu , m jeusfeld , m staudt , y vassiliou COL venue VAL sigmod record COL year VAL 1999"
266,vist : a dynamic index method for querying xml data by tree structures,"h wang , s park , w fan , p yu",sigmod conference,2003,"COL title VAL vist : a dynamic index method for querying xml data by tree structures COL authors VAL h wang , s park , w fan , p yu COL venue VAL sigmod conference COL year VAL 2003"
267,editor 's notes,m franklin,sigmod record,1999,COL title VAL editor 's notes COL authors VAL m franklin COL venue VAL sigmod record COL year VAL 1999
268,rights protection for relational data,"r sion , m atallah , s prabhakar",sigmod conference,2003,"COL title VAL rights protection for relational data COL authors VAL r sion , m atallah , s prabhakar COL venue VAL sigmod conference COL year VAL 2003"
269,sql standardization : the next steps,"a eisenberg , j melton",sigmod record,2000,"COL title VAL sql standardization : the next steps COL authors VAL a eisenberg , j melton COL venue VAL sigmod record COL year VAL 2000"
270,reminiscences on influential papers,,,2000,COL title VAL reminiscences on influential papers COL authors VAL  COL venue VAL  COL year VAL 2000
271,information sharing across private databases,"r agrawal , a evfimievski , r srikant",sigmod conference,2003,"COL title VAL information sharing across private databases COL authors VAL r agrawal , a evfimievski , r srikant COL venue VAL sigmod conference COL year VAL 2003"
272,incremental maintenance of recursive views using relational calculus/sql,"g dong , j su",sigmod record,2000,"COL title VAL incremental maintenance of recursive views using relational calculus/sql COL authors VAL g dong , j su COL venue VAL sigmod record COL year VAL 2000"
273,winnowing : local algorithms for document fingerprinting,"s schleimer , d wilkerson , a aiken",sigmod conference,2003,"COL title VAL winnowing : local algorithms for document fingerprinting COL authors VAL s schleimer , d wilkerson , a aiken COL venue VAL sigmod conference COL year VAL 2003"
274,data quality and data cleaning : an overview,"t johnson , t dasu",sigmod conference,2003,"COL title VAL data quality and data cleaning : an overview COL authors VAL t johnson , t dasu COL venue VAL sigmod conference COL year VAL 2003"
275,sigmod sister societies,"s ceri , l kalinichenko , m kitsuregawa , h lu , z жzsoyoglu , r snodgrass , v vianu",sigmod record,2000,"COL title VAL sigmod sister societies COL authors VAL s ceri , l kalinichenko , m kitsuregawa , h lu , z жzsoyoglu , r snodgrass , v vianu COL venue VAL sigmod record COL year VAL 2000"
276,birn-m : a semantic mediator for solving real-world neuroscience problems,"a gupta , b ludфscher , m martone",sigmod conference,2003,"COL title VAL birn-m : a semantic mediator for solving real-world neuroscience problems COL authors VAL a gupta , b ludфscher , m martone COL venue VAL sigmod conference COL year VAL 2003"
277,a system for watermarking relational databases,"r agrawal , p haas , j kiernan",sigmod conference,2003,"COL title VAL a system for watermarking relational databases COL authors VAL r agrawal , p haas , j kiernan COL venue VAL sigmod conference COL year VAL 2003"
278,chair 's message,,,2000,COL title VAL chair 's message COL authors VAL  COL venue VAL  COL year VAL 2000
279,beyond document similarity : understanding value-based search and browsing technologies,"a paepcke , h garcia-molina , g rodrэguez-mulр , j cho",sigmod record,2000,"COL title VAL beyond document similarity : understanding value-based search and browsing technologies COL authors VAL a paepcke , h garcia-molina , g rodrэguez-mulр , j cho COL venue VAL sigmod record COL year VAL 2000"
280,aurora : a data stream management system,"d abadi , d carney , u чetintemel , m cherniack , c convey , c erwin , e galvez , m hatoun , a maskey , a rasin , a singer , m stonebraker , n tatbul , y xing , r yan , s zdonik",sigmod conference,2003,"COL title VAL aurora : a data stream management system COL authors VAL d abadi , d carney , u чetintemel , m cherniack , c convey , c erwin , e galvez , m hatoun , a maskey , a rasin , a singer , m stonebraker , n tatbul , y xing , r yan , s zdonik COL venue VAL sigmod conference COL year VAL 2003"
281,improving the efficiency of database-system teaching,j ullman,sigmod conference,2003,COL title VAL improving the efficiency of database-system teaching COL authors VAL j ullman COL venue VAL sigmod conference COL year VAL 2003
282,comparative analysis of five xml query languages,"a bonifati , s ceri",sigmod record,2000,"COL title VAL comparative analysis of five xml query languages COL authors VAL a bonifati , s ceri COL venue VAL sigmod record COL year VAL 2000"
283,an extensible compressor for xml data,"h liefke , d suciu",sigmod record,2000,"COL title VAL an extensible compressor for xml data COL authors VAL h liefke , d suciu COL venue VAL sigmod record COL year VAL 2000"
284,"proceedings of the 2003 acm sigmod international conference on management of data , san diego , california , usa , june 9-12 , 2003",,,2003,"COL title VAL proceedings of the 2003 acm sigmod international conference on management of data , san diego , california , usa , june 9-12 , 2003 COL authors VAL  COL venue VAL  COL year VAL 2003"
285,an optimisation scheme for coalesce/valid time selection operator sequences,c vassilakis,sigmod record,2000,COL title VAL an optimisation scheme for coalesce/valid time selection operator sequences COL authors VAL c vassilakis COL venue VAL sigmod record COL year VAL 2000
286,efficient processing of joins on set-valued attributes,n mamoulis,sigmod conference,2003,COL title VAL efficient processing of joins on set-valued attributes COL authors VAL n mamoulis COL venue VAL sigmod conference COL year VAL 2003
287,hierarchies and relative operators in the olap environment,"e pourabbas , m rafanelli",sigmod record,2000,"COL title VAL hierarchies and relative operators in the olap environment COL authors VAL e pourabbas , m rafanelli COL venue VAL sigmod record COL year VAL 2000"
288,data grid management systems,"a jagatheesan , a rajasekar",sigmod conference,2003,"COL title VAL data grid management systems COL authors VAL a jagatheesan , a rajasekar COL venue VAL sigmod conference COL year VAL 2003"
289,evaluating probabilistic queries over imprecise data,"r cheng , d kalashnikov , s prabhakar",sigmod conference,2003,"COL title VAL evaluating probabilistic queries over imprecise data COL authors VAL r cheng , d kalashnikov , s prabhakar COL venue VAL sigmod conference COL year VAL 2003"
290,evolution and change in data management - issues and directions,"j roddick , l al-jadir , l bertossi , m dumas , f estrella , h gregersen , k hornsby , j lufter , f mandreoli , t mфnnistі , e mayol , l wedemeijer",sigmod record,2000,"COL title VAL evolution and change in data management - issues and directions COL authors VAL j roddick , l al-jadir , l bertossi , m dumas , f estrella , h gregersen , k hornsby , j lufter , f mandreoli , t mфnnistі , e mayol , l wedemeijer COL venue VAL sigmod record COL year VAL 2000"
291,adaptive filters for continuous queries over distributed data streams,"c olston , j jiang , j widom",sigmod conference,2003,"COL title VAL adaptive filters for continuous queries over distributed data streams COL authors VAL c olston , j jiang , j widom COL venue VAL sigmod conference COL year VAL 2003"
292,generating dynamic content at database-backed web servers : cgi-bin vs. mod_perl,"a labrinidis , n roussopoulos",sigmod record,2000,"COL title VAL generating dynamic content at database-backed web servers : cgi-bin vs. mod_perl COL authors VAL a labrinidis , n roussopoulos COL venue VAL sigmod record COL year VAL 2000"
293,knowledge discovery in data warehouses,t palpanas,sigmod record,2000,COL title VAL knowledge discovery in data warehouses COL authors VAL t palpanas COL venue VAL sigmod record COL year VAL 2000
294,dynamic xml documents with distribution and replication,"s abiteboul , a bonifati , g cobena , i manolescu , t milo",sigmod conference,2003,"COL title VAL dynamic xml documents with distribution and replication COL authors VAL s abiteboul , a bonifati , g cobena , i manolescu , t milo COL venue VAL sigmod conference COL year VAL 2003"
295,editor 's notes,m franklin,sigmod record,2000,COL title VAL editor 's notes COL authors VAL m franklin COL venue VAL sigmod record COL year VAL 2000
296,dynamic sample selection for approximate query processing,"b babcock , s chaudhuri , g das",sigmod conference,2003,"COL title VAL dynamic sample selection for approximate query processing COL authors VAL b babcock , s chaudhuri , g das COL venue VAL sigmod conference COL year VAL 2003"
297,cmvf : a novel dimension reduction scheme for efficient indexing in a large image database,"j shen , a ngu , j shepherd , d huynh , q sheng",sigmod conference,2003,"COL title VAL cmvf : a novel dimension reduction scheme for efficient indexing in a large image database COL authors VAL j shen , a ngu , j shepherd , d huynh , q sheng COL venue VAL sigmod conference COL year VAL 2003"
298,the implementation and performance of compressed databases,"t westmann , d kossmann , s helmer , g moerkotte",sigmod record,2000,"COL title VAL the implementation and performance of compressed databases COL authors VAL t westmann , d kossmann , s helmer , g moerkotte COL venue VAL sigmod record COL year VAL 2000"
299,dbcache : middle-tier database caching for highly scalable e-business architectures,"c bornhіvd , m altinel , s krishnamurthy , c mohan , h pirahesh , b reinwald",sigmod conference,2003,"COL title VAL dbcache : middle-tier database caching for highly scalable e-business architectures COL authors VAL c bornhіvd , m altinel , s krishnamurthy , c mohan , h pirahesh , b reinwald COL venue VAL sigmod conference COL year VAL 2003"
300,metadata standards for data warehousing : open information model vs. common warehouse metamodel,"t vetterli , a vaduva , m staudt",sigmod record,2000,"COL title VAL metadata standards for data warehousing : open information model vs. common warehouse metamodel COL authors VAL t vetterli , a vaduva , m staudt COL venue VAL sigmod record COL year VAL 2000"
301,a comprehensive xquery to sql translation using dynamic interval encoding,"d dehaan , d toman , m consens , m жzsu",sigmod conference,2003,"COL title VAL a comprehensive xquery to sql translation using dynamic interval encoding COL authors VAL d dehaan , d toman , m consens , m жzsu COL venue VAL sigmod conference COL year VAL 2003"
302,spatial operators,"e clementini , p felice",sigmod record,2000,"COL title VAL spatial operators COL authors VAL e clementini , p felice COL venue VAL sigmod record COL year VAL 2000"
303,reminiscences on influential papers,,,2000,COL title VAL reminiscences on influential papers COL authors VAL  COL venue VAL  COL year VAL 2000
304,gigascope : a stream database for network applications,"c cranor , t johnson , o spatscheck , v shkapenyuk",sigmod conference,2003,"COL title VAL gigascope : a stream database for network applications COL authors VAL c cranor , t johnson , o spatscheck , v shkapenyuk COL venue VAL sigmod conference COL year VAL 2003"
305,formal semantics and analysis of object queries,g bierman,sigmod conference,2003,COL title VAL formal semantics and analysis of object queries COL authors VAL g bierman COL venue VAL sigmod conference COL year VAL 2003
306,report on second international workshop on advanced issues of e-commerce and web-based information systems,,,2000,COL title VAL report on second international workshop on advanced issues of e-commerce and web-based information systems COL authors VAL  COL venue VAL  COL year VAL 2000
307,provision of market services for eco compliant electronic market places,"s arpinar , a dogac",sigmod record,2000,"COL title VAL provision of market services for eco compliant electronic market places COL authors VAL s arpinar , a dogac COL venue VAL sigmod record COL year VAL 2000"
308,hardware acceleration for spatial selections and joins,"c sun , d agrawal , a abbadi",sigmod conference,2003,"COL title VAL hardware acceleration for spatial selections and joins COL authors VAL c sun , d agrawal , a abbadi COL venue VAL sigmod conference COL year VAL 2003"
309,a characterization of the sensitivity of query optimization to storage access cost parameters,"f reiss , t kanungo",sigmod conference,2003,"COL title VAL a characterization of the sensitivity of query optimization to storage access cost parameters COL authors VAL f reiss , t kanungo COL venue VAL sigmod conference COL year VAL 2003"
310,"workshop on performance and architecture of web servers ( paws-2000 , held in conjection with sigmetrics-2000 )",,,2000,"COL title VAL workshop on performance and architecture of web servers ( paws-2000 , held in conjection with sigmetrics-2000 ) COL authors VAL  COL venue VAL  COL year VAL 2000"
311,a theory of redo recovery,"d lomet , m tuttle",sigmod conference,2003,"COL title VAL a theory of redo recovery COL authors VAL d lomet , m tuttle COL venue VAL sigmod conference COL year VAL 2003"
312,report in isdo ' 00 : the caise * 00 workshop on infrastructures for dynamic business-to-business service outsourcinga,,,2000,COL title VAL report in isdo ' 00 : the caise * 00 workshop on infrastructures for dynamic business-to-business service outsourcinga COL authors VAL  COL venue VAL  COL year VAL 2000
313,sigmod digital symposium collection ( disc ) editor 's message,,,2000,COL title VAL sigmod digital symposium collection ( disc ) editor 's message COL authors VAL  COL venue VAL  COL year VAL 2000
314,cache-and-query for wide area sensor databases,"a deshpande , s nath , p gibbons , s seshan",sigmod conference,2003,"COL title VAL cache-and-query for wide area sensor databases COL authors VAL a deshpande , s nath , p gibbons , s seshan COL venue VAL sigmod conference COL year VAL 2003"
315,composing xsl transformations with xml publishing views,"c li , p bohannon , h korth , p narayan",sigmod conference,2003,"COL title VAL composing xsl transformations with xml publishing views COL authors VAL c li , p bohannon , h korth , p narayan COL venue VAL sigmod conference COL year VAL 2003"
316,sigmod ' 2000 program chair 's message,,,2000,COL title VAL sigmod ' 2000 program chair 's message COL authors VAL  COL venue VAL  COL year VAL 2000
317,an optimal and progressive algorithm for skyline queries,"d papadias , y tao , g fu , b seeger",sigmod conference,2003,"COL title VAL an optimal and progressive algorithm for skyline queries COL authors VAL d papadias , y tao , g fu , b seeger COL venue VAL sigmod conference COL year VAL 2003"
318,information director 's message,,,2000,COL title VAL information director 's message COL authors VAL  COL venue VAL  COL year VAL 2000
319,sigmod anthology editor 's message,,,2000,COL title VAL sigmod anthology editor 's message COL authors VAL  COL venue VAL  COL year VAL 2000
320,contorting high dimensional data for efficient main memory processing,"b cui , b ooi , j su , k tan",sigmod conference,2003,"COL title VAL contorting high dimensional data for efficient main memory processing COL authors VAL b cui , b ooi , j su , k tan COL venue VAL sigmod conference COL year VAL 2003"
321,chair 's message,,,2000,COL title VAL chair 's message COL authors VAL  COL venue VAL  COL year VAL 2000
322,visionary : a next generation visualization system for databases,m stonebraker,sigmod conference,2003,COL title VAL visionary : a next generation visualization system for databases COL authors VAL m stonebraker COL venue VAL sigmod conference COL year VAL 2003
323,comparative analysis of six xml schema languages,"d lee , w chu",sigmod record,2000,"COL title VAL comparative analysis of six xml schema languages COL authors VAL d lee , w chu COL venue VAL sigmod record COL year VAL 2000"
324,extracting and exploiting structure in text search,p raghavan,sigmod conference,2003,COL title VAL extracting and exploiting structure in text search COL authors VAL p raghavan COL venue VAL sigmod conference COL year VAL 2003
325,building notification services with microsoft sqlserver,p seshadri,sigmod conference,2003,COL title VAL building notification services with microsoft sqlserver COL authors VAL p seshadri COL venue VAL sigmod conference COL year VAL 2003
326,vice chair 's message,,,2000,COL title VAL vice chair 's message COL authors VAL  COL venue VAL  COL year VAL 2000
327,google in a box - building the google search appliance,n shivakumar,sigmod conference,2003,COL title VAL google in a box - building the google search appliance COL authors VAL n shivakumar COL venue VAL sigmod conference COL year VAL 2003
328,nonstop sql/mx publish/subscribe : continuous data streams in transaction processing,h zeller,sigmod conference,2003,COL title VAL nonstop sql/mx publish/subscribe : continuous data streams in transaction processing COL authors VAL h zeller COL venue VAL sigmod conference COL year VAL 2003
329,editor 's notes,m franklin,sigmod record,2000,COL title VAL editor 's notes COL authors VAL m franklin COL venue VAL sigmod record COL year VAL 2000
330,data management challenges in crm,g colliat,sigmod conference,2003,COL title VAL data management challenges in crm COL authors VAL g colliat COL venue VAL sigmod conference COL year VAL 2003
331,new tpc benchmarks for decision support and web commerce,"m pіss , c floyd",sigmod record,2000,"COL title VAL new tpc benchmarks for decision support and web commerce COL authors VAL m pіss , c floyd COL venue VAL sigmod record COL year VAL 2000"
332,integration of electronic tickets and personal guide system for public transport using mobile terminals,"k goto , y kambayashi",sigmod conference,2003,"COL title VAL integration of electronic tickets and personal guide system for public transport using mobile terminals COL authors VAL k goto , y kambayashi COL venue VAL sigmod conference COL year VAL 2003"
333,constraint databases : a tutorial introduction,j bussche,sigmod record,2000,COL title VAL constraint databases : a tutorial introduction COL authors VAL j bussche COL venue VAL sigmod record COL year VAL 2000
334,multi-dimensional clustering : a new data layout scheme in db2,"s padmanabhan , b bhattacharjee , t malkemus , l cranston , m huras",sigmod conference,2003,"COL title VAL multi-dimensional clustering : a new data layout scheme in db2 COL authors VAL s padmanabhan , b bhattacharjee , t malkemus , l cranston , m huras COL venue VAL sigmod conference COL year VAL 2003"
335,generating spatiotemporal datasets on the www,"y theodoridis , m nascimento",sigmod record,2000,"COL title VAL generating spatiotemporal datasets on the www COL authors VAL y theodoridis , m nascimento COL venue VAL sigmod record COL year VAL 2000"
336,theory of answering queries using views,a halevy,sigmod record,2000,COL title VAL theory of answering queries using views COL authors VAL a halevy COL venue VAL sigmod record COL year VAL 2000
337,using sets of feature vectors for similarity search on voxelized cad objects,"h kriegel , s brecheisen , p krіger , m pfeifle , m schubert",sigmod conference,2003,"COL title VAL using sets of feature vectors for similarity search on voxelized cad objects COL authors VAL h kriegel , s brecheisen , p krіger , m pfeifle , m schubert COL venue VAL sigmod conference COL year VAL 2003"
338,object database evolution using separation of concerns,"a rashid , p sawyer",sigmod record,2000,"COL title VAL object database evolution using separation of concerns COL authors VAL a rashid , p sawyer COL venue VAL sigmod record COL year VAL 2000"
339,a framework for change diagnosis of data streams,c aggarwal,sigmod conference,2003,COL title VAL a framework for change diagnosis of data streams COL authors VAL c aggarwal COL venue VAL sigmod conference COL year VAL 2003
340,on relational support for xml publishing : beyond sorting and tagging,"s chaudhuri , r kaushik , j naughton",sigmod conference,2003,"COL title VAL on relational support for xml publishing : beyond sorting and tagging COL authors VAL s chaudhuri , r kaushik , j naughton COL venue VAL sigmod conference COL year VAL 2003"
341,moving up the food chain : supporting e-commerce applications on databases,a jhingran,sigmod record,2000,COL title VAL moving up the food chain : supporting e-commerce applications on databases COL authors VAL a jhingran COL venue VAL sigmod record COL year VAL 2000
342,reminiscences on influential papers,,,2000,COL title VAL reminiscences on influential papers COL authors VAL  COL venue VAL  COL year VAL 2000
343,qcluster : relevance feedback using adaptive clustering for content-based image retrieval,"d kim , c chung",sigmod conference,2003,"COL title VAL qcluster : relevance feedback using adaptive clustering for content-based image retrieval COL authors VAL d kim , c chung COL venue VAL sigmod conference COL year VAL 2003"
344,oracle xml db repository,v krishnamurthy,sigmod conference,2003,COL title VAL oracle xml db repository COL authors VAL v krishnamurthy COL venue VAL sigmod conference COL year VAL 2003
345,vldb workshop on technologies in e-services ( tes ),,,2000,COL title VAL vldb workshop on technologies in e-services ( tes ) COL authors VAL  COL venue VAL  COL year VAL 2000
346,sigmod program review,,,2000,COL title VAL sigmod program review COL authors VAL  COL venue VAL  COL year VAL 2000
347,oracle rac : architecture and performance,a pruscino,sigmod conference,2003,COL title VAL oracle rac : architecture and performance COL authors VAL a pruscino COL venue VAL sigmod conference COL year VAL 2003
348,the future of web services - i,a bosworth,sigmod conference,2003,COL title VAL the future of web services - i COL authors VAL a bosworth COL venue VAL sigmod conference COL year VAL 2003
349,using quantitative information for efficient association rule generation,"b pєssas , w jr. , m carvalho , r resende",sigmod record,2000,"COL title VAL using quantitative information for efficient association rule generation COL authors VAL b pєssas , w jr. , m carvalho , r resende COL venue VAL sigmod record COL year VAL 2000"
350,the future of web services - ii,f cabrera,sigmod conference,2003,COL title VAL the future of web services - ii COL authors VAL f cabrera COL venue VAL sigmod conference COL year VAL 2003
351,"research and practice in federated information systems , report of the efis ' 2000 international workshop",,,2000,"COL title VAL research and practice in federated information systems , report of the efis ' 2000 international workshop COL authors VAL  COL venue VAL  COL year VAL 2000"
352,processing set expressions over continuous update streams,"s ganguly , m garofalakis , r rastogi",sigmod conference,2003,"COL title VAL processing set expressions over continuous update streams COL authors VAL s ganguly , m garofalakis , r rastogi COL venue VAL sigmod conference COL year VAL 2003"
353,editor 's notes,m franklin,sigmod record,2000,COL title VAL editor 's notes COL authors VAL m franklin COL venue VAL sigmod record COL year VAL 2000
354,cache invalidation scheme for mobile computing systems with real-time data,"j yuen , e chan , k lam , h leung",sigmod record,2000,"COL title VAL cache invalidation scheme for mobile computing systems with real-time data COL authors VAL j yuen , e chan , k lam , h leung COL venue VAL sigmod record COL year VAL 2000"
355,robust and efficient fuzzy match for online data cleaning,"s chaudhuri , k ganjam , v ganti , r motwani",sigmod conference,2003,"COL title VAL robust and efficient fuzzy match for online data cleaning COL authors VAL s chaudhuri , k ganjam , v ganti , r motwani COL venue VAL sigmod conference COL year VAL 2003"
356,mapping data in peer-to-peer systems : semantics and algorithmic issues,"a kementsietsidis , m arenas , r miller",sigmod conference,2003,"COL title VAL mapping data in peer-to-peer systems : semantics and algorithmic issues COL authors VAL a kementsietsidis , m arenas , r miller COL venue VAL sigmod conference COL year VAL 2003"
357,a vision of management of complex models,"p bernstein , a halevy , r pottinger",sigmod record,2000,"COL title VAL a vision of management of complex models COL authors VAL p bernstein , a halevy , r pottinger COL venue VAL sigmod record COL year VAL 2000"
358,scientific data repositories : designing for a moving target,"e stolte , c praun , g alonso , t gross",sigmod conference,2003,"COL title VAL scientific data repositories : designing for a moving target COL authors VAL e stolte , c praun , g alonso , t gross COL venue VAL sigmod conference COL year VAL 2003"
359,chair 's message,,,2000,COL title VAL chair 's message COL authors VAL  COL venue VAL  COL year VAL 2000
360,stream processing of xpath queries with predicates,"a gupta , d suciu",sigmod conference,2003,"COL title VAL stream processing of xpath queries with predicates COL authors VAL a gupta , d suciu COL venue VAL sigmod conference COL year VAL 2003"
361,xml and information retrieval : a sigir 2000 workshop,,,2001,COL title VAL xml and information retrieval : a sigir 2000 workshop COL authors VAL  COL venue VAL  COL year VAL 2001
362,report on the fourth international conference on flexible query answering systems,,,2001,COL title VAL report on the fourth international conference on flexible query answering systems COL authors VAL  COL venue VAL  COL year VAL 2001
363,xpath queries on streaming data,"f peng , s chawathe",sigmod conference,2003,"COL title VAL xpath queries on streaming data COL authors VAL f peng , s chawathe COL venue VAL sigmod conference COL year VAL 2003"
364,location-based spatial queries,"j zhang , m zhu , d papadias , y tao , d lee",sigmod conference,2003,"COL title VAL location-based spatial queries COL authors VAL j zhang , m zhu , d papadias , y tao , d lee COL venue VAL sigmod conference COL year VAL 2003"
365,sql and management of external data,"j melton , j michels , v josifovski , k kulkarni , p schwarz , k zeidenstein",sigmod record,2001,"COL title VAL sql and management of external data COL authors VAL j melton , j michels , v josifovski , k kulkarni , p schwarz , k zeidenstein COL venue VAL sigmod record COL year VAL 2001"
366,the clio project : managing heterogeneity,"r miller , m hernсndez , l haas , l yan , c ho , r fagin , l popa",sigmod record,2001,"COL title VAL the clio project : managing heterogeneity COL authors VAL r miller , m hernсndez , l haas , l yan , c ho , r fagin , l popa COL venue VAL sigmod record COL year VAL 2001"
367,the design of an acquisitional query processor for sensor networks,"s madden , m franklin , j hellerstein , w hong",sigmod conference,2003,"COL title VAL the design of an acquisitional query processor for sensor networks COL authors VAL s madden , m franklin , j hellerstein , w hong COL venue VAL sigmod conference COL year VAL 2003"
368,xpress : a queriable compression for xml data,"j min , m park , c chung",sigmod conference,2003,"COL title VAL xpress : a queriable compression for xml data COL authors VAL j min , m park , c chung COL venue VAL sigmod conference COL year VAL 2003"
369,quality of service in multimedia digital libraries,"e bertino , a elmagarmid , m hacid",sigmod record,2001,"COL title VAL quality of service in multimedia digital libraries COL authors VAL e bertino , a elmagarmid , m hacid COL venue VAL sigmod record COL year VAL 2001"
370,d ( k ) - index : an adaptive structural summary for graph-structured data,"c qun , a lim , k ong",sigmod conference,2003,"COL title VAL d ( k ) - index : an adaptive structural summary for graph-structured data COL authors VAL c qun , a lim , k ong COL venue VAL sigmod conference COL year VAL 2003"
371,towards knowledge-based digital libraries,"l feng , m jeusfeld , j hoppenbrouwers",sigmod record,2001,"COL title VAL towards knowledge-based digital libraries COL authors VAL l feng , m jeusfeld , j hoppenbrouwers COL venue VAL sigmod record COL year VAL 2001"
372,"temporal coalescing with now , granularity , and incomplete information",c dyreson,sigmod conference,2003,"COL title VAL temporal coalescing with now , granularity , and incomplete information COL authors VAL c dyreson COL venue VAL sigmod conference COL year VAL 2003"
373,reminiscences on influential papers,,,2001,COL title VAL reminiscences on influential papers COL authors VAL  COL venue VAL  COL year VAL 2001
374,report on xewa-00 : the xml enabled wide-area searches for bioinformatics workshop,,,2001,COL title VAL report on xewa-00 : the xml enabled wide-area searches for bioinformatics workshop COL authors VAL  COL venue VAL  COL year VAL 2001
375,warping indexes with envelope transforms for query by humming,"y zhu , d shasha",sigmod conference,2003,"COL title VAL warping indexes with envelope transforms for query by humming COL authors VAL y zhu , d shasha COL venue VAL sigmod conference COL year VAL 2003"
376,chair 's message,,,2001,COL title VAL chair 's message COL authors VAL  COL venue VAL  COL year VAL 2001
377,rondo : a programming platform for generic model management,"s melnik , e rahm , p bernstein",sigmod conference,2003,"COL title VAL rondo : a programming platform for generic model management COL authors VAL s melnik , e rahm , p bernstein COL venue VAL sigmod conference COL year VAL 2003"
378,on schema matching with opaque column names and data values,"j kang , j naughton",sigmod conference,2003,"COL title VAL on schema matching with opaque column names and data values COL authors VAL j kang , j naughton COL venue VAL sigmod conference COL year VAL 2003"
379,re-designing distance functions and distance-based applications for high dimensional data,c aggarwal,sigmod record,2001,COL title VAL re-designing distance functions and distance-based applications for high dimensional data COL authors VAL c aggarwal COL venue VAL sigmod record COL year VAL 2001
380,statistical schema matching across web query interfaces,"b he , k chang",sigmod conference,2003,"COL title VAL statistical schema matching across web query interfaces COL authors VAL b he , k chang COL venue VAL sigmod conference COL year VAL 2003"
381,querying multi-dimensional data indexed using the hilbert space-filling curve,"j lawder , p king",sigmod record,2001,"COL title VAL querying multi-dimensional data indexed using the hilbert space-filling curve COL authors VAL j lawder , p king COL venue VAL sigmod record COL year VAL 2001"
382,spectral bloom filters,"s cohen , y matias",sigmod conference,2003,"COL title VAL spectral bloom filters COL authors VAL s cohen , y matias COL venue VAL sigmod conference COL year VAL 2003"
383,infosphere project : system support for information flow applications,"c pu , k schwan , j walpole",sigmod record,2001,"COL title VAL infosphere project : system support for information flow applications COL authors VAL c pu , k schwan , j walpole COL venue VAL sigmod record COL year VAL 2001"
384,the asilomar report on database research,"p bernstein , m brodie , s ceri , d dewitt , m franklin , h garcia-molina , j gray , g held , j hellerstein , h jagadish , m lesk , d maier , j naughton , h pirahesh , m stonebraker , j ullman",sigmod record,1998,"COL title VAL the asilomar report on database research COL authors VAL p bernstein , m brodie , s ceri , d dewitt , m franklin , h garcia-molina , j gray , g held , j hellerstein , h jagadish , m lesk , d maier , j naughton , h pirahesh , m stonebraker , j ullman COL venue VAL sigmod record COL year VAL 1998"
385,a scalable hash ripple join algorithm,"g luo , c ellmann , p haas , j naughton",sigmod conference,2002,"COL title VAL a scalable hash ripple join algorithm COL authors VAL g luo , c ellmann , p haas , j naughton COL venue VAL sigmod conference COL year VAL 2002"
386,executing sql over encrypted data in the database-service-provider model,"h hacigќmќs , b iyer , c li , s mehrotra",sigmod conference,2002,"COL title VAL executing sql over encrypted data in the database-service-provider model COL authors VAL h hacigќmќs , b iyer , c li , s mehrotra COL venue VAL sigmod conference COL year VAL 2002"
387,electronic market : the roadmap for university libraries and members to survive in the information jungle,"m christoffel , s pulkowski , b schmitt , p lockemann",sigmod record,1998,"COL title VAL electronic market : the roadmap for university libraries and members to survive in the information jungle COL authors VAL m christoffel , s pulkowski , b schmitt , p lockemann COL venue VAL sigmod record COL year VAL 1998"
388,covering indexes for branching path queries,"r kaushik , p bohannon , j naughton , h korth",sigmod conference,2002,"COL title VAL covering indexes for branching path queries COL authors VAL r kaushik , p bohannon , j naughton , h korth COL venue VAL sigmod conference COL year VAL 2002"
389,xml and electronic commerce : enabling the network economy,"b meltzer , r glushko",sigmod record,1998,"COL title VAL xml and electronic commerce : enabling the network economy COL authors VAL b meltzer , r glushko COL venue VAL sigmod record COL year VAL 1998"
390,apex : an adaptive path index for xml data,"c chung , j min , k shim",sigmod conference,2002,"COL title VAL apex : an adaptive path index for xml data COL authors VAL c chung , j min , k shim COL venue VAL sigmod conference COL year VAL 2002"
391,component-based e-commerce : assesment of current practices and future directions,"m bichler , a segev , j zhao",sigmod record,1998,"COL title VAL component-based e-commerce : assesment of current practices and future directions COL authors VAL m bichler , a segev , j zhao COL venue VAL sigmod record COL year VAL 1998"
392,accelerating xpath location steps,t grust,sigmod conference,2002,COL title VAL accelerating xpath location steps COL authors VAL t grust COL venue VAL sigmod conference COL year VAL 2002
393,editor 's notes,m franklin,sigmod record,1998,COL title VAL editor 's notes COL authors VAL m franklin COL venue VAL sigmod record COL year VAL 1998
394,efficient evaluation of queries in a mediator for websources,"v zadorozhny , l raschid , m vidal , t urhan , l bright",sigmod conference,2002,"COL title VAL efficient evaluation of queries in a mediator for websources COL authors VAL v zadorozhny , l raschid , m vidal , t urhan , l bright COL venue VAL sigmod conference COL year VAL 2002"
395,"sqlj part 0 , now known as sql/olb ( object-language bindings )","a eisenberg , j melton",sigmod record,1998,"COL title VAL sqlj part 0 , now known as sql/olb ( object-language bindings ) COL authors VAL a eisenberg , j melton COL venue VAL sigmod record COL year VAL 1998"
396,the middleware muddle,d ritter,sigmod record,1998,COL title VAL the middleware muddle COL authors VAL d ritter COL venue VAL sigmod record COL year VAL 1998
397,best-effort cache synchronization with source cooperation,"c olston , j widom",sigmod conference,2002,"COL title VAL best-effort cache synchronization with source cooperation COL authors VAL c olston , j widom COL venue VAL sigmod conference COL year VAL 2002"
398,reminiscences on influential papers,,,1998,COL title VAL reminiscences on influential papers COL authors VAL  COL venue VAL  COL year VAL 1998
399,continuously adaptive continuous queries over streams,"s madden , m shah , j hellerstein , v raman",sigmod conference,2002,"COL title VAL continuously adaptive continuous queries over streams COL authors VAL s madden , m shah , j hellerstein , v raman COL venue VAL sigmod conference COL year VAL 2002"
400,an adaptive peer-to-peer network for distributed caching of olap results,"p kalnis , w ng , b ooi , d papadias , k tan",sigmod conference,2002,"COL title VAL an adaptive peer-to-peer network for distributed caching of olap results COL authors VAL p kalnis , w ng , b ooi , d papadias , k tan COL venue VAL sigmod conference COL year VAL 2002"
401,design and implementation of rmp - a virtual electronic market place,"s boll , w klas , b battaglin",sigmod record,1998,"COL title VAL design and implementation of rmp - a virtual electronic market place COL authors VAL s boll , w klas , b battaglin COL venue VAL sigmod record COL year VAL 1998"
402,a componentized architecture for dynamic electronic markets,"b reich , i ben-shaul",sigmod record,1998,"COL title VAL a componentized architecture for dynamic electronic markets COL authors VAL b reich , i ben-shaul COL venue VAL sigmod record COL year VAL 1998"
403,efficient integration and aggregation of historical information,"m riedewald , d agrawal , a abbadi",sigmod conference,2002,"COL title VAL efficient integration and aggregation of historical information COL authors VAL m riedewald , d agrawal , a abbadi COL venue VAL sigmod conference COL year VAL 2002"
404,archiving scientific data,"p buneman , s khanna , k tajima , w tan",sigmod conference,2002,"COL title VAL archiving scientific data COL authors VAL p buneman , s khanna , k tajima , w tan COL venue VAL sigmod conference COL year VAL 2002"
405,adept : an agent-based approach to business process management,"n jennings , t norman , p faratin",sigmod record,1998,"COL title VAL adept : an agent-based approach to business process management COL authors VAL n jennings , t norman , p faratin COL venue VAL sigmod record COL year VAL 1998"
406,xquery : a query language for xml,,,2003,COL title VAL xquery : a query language for xml COL authors VAL  COL venue VAL  COL year VAL 2003
407,a workflow-based electronic marketplace on the web,"a dogac , i durusoy , s arpinar , n tatbul , p koksal , i cingil , n dimililer",sigmod record,1998,"COL title VAL a workflow-based electronic marketplace on the web COL authors VAL a dogac , i durusoy , s arpinar , n tatbul , p koksal , i cingil , n dimililer COL venue VAL sigmod record COL year VAL 1998"
408,guest editor 's introduction,,,1998,COL title VAL guest editor 's introduction COL authors VAL  COL venue VAL  COL year VAL 1998
409,the lowell report,"j gray , h schek , m stonebraker , j ullman",sigmod conference,2003,"COL title VAL the lowell report COL authors VAL j gray , h schek , m stonebraker , j ullman COL venue VAL sigmod conference COL year VAL 2003"
410,chair 's message,,,1998,COL title VAL chair 's message COL authors VAL  COL venue VAL  COL year VAL 1998
411,panel : querying networked databases,"n koudas , d srivastava",sigmod conference,2003,"COL title VAL panel : querying networked databases COL authors VAL n koudas , d srivastava COL venue VAL sigmod conference COL year VAL 2003"
412,ipsofacto : a visual correlation tool for aggregate network traffic data,"f korn , s muthukrishnan , y zhu",sigmod conference,2003,"COL title VAL ipsofacto : a visual correlation tool for aggregate network traffic data COL authors VAL f korn , s muthukrishnan , y zhu COL venue VAL sigmod conference COL year VAL 2003"
413,an anonymous electronic commerce scheme with an off-line authority and untrusted agents,"j domingo-ferrer , j herrera-joancomartэ",sigmod record,1998,"COL title VAL an anonymous electronic commerce scheme with an off-line authority and untrusted agents COL authors VAL j domingo-ferrer , j herrera-joancomartэ COL venue VAL sigmod record COL year VAL 1998"
414,discovering internet marketing intelligence through online analytical web usage mining,"a bќchner , m mulvenna",sigmod record,1998,"COL title VAL discovering internet marketing intelligence through online analytical web usage mining COL authors VAL a bќchner , m mulvenna COL venue VAL sigmod record COL year VAL 1998"
415,plastic : reducing query optimization overheads through plan recycling,"v sengar , j haritsa",sigmod conference,2003,"COL title VAL plastic : reducing query optimization overheads through plan recycling COL authors VAL v sengar , j haritsa COL venue VAL sigmod conference COL year VAL 2003"
416,rolex : relational on-line exchange with xml,"p bohannon , x dong , s ganguly , h korth , c li , p narayan , p shenoy",sigmod conference,2003,"COL title VAL rolex : relational on-line exchange with xml COL authors VAL p bohannon , x dong , s ganguly , h korth , c li , p narayan , p shenoy COL venue VAL sigmod conference COL year VAL 2003"
417,videoanywhere : a system for searching and managing distributed video assets,"a sheth , c bertram , k shah",sigmod record,1999,"COL title VAL videoanywhere : a system for searching and managing distributed video assets COL authors VAL a sheth , c bertram , k shah COL venue VAL sigmod record COL year VAL 1999"
418,reminiscences on influential papers,,,1999,COL title VAL reminiscences on influential papers COL authors VAL  COL venue VAL  COL year VAL 1999
419,query by humming - in action with its technology revealed,"y zhu , d shasha , x zhao",sigmod conference,2003,"COL title VAL query by humming - in action with its technology revealed COL authors VAL y zhu , d shasha , x zhao COL venue VAL sigmod conference COL year VAL 2003"
420,rainbow : multi-xquery optimization using materialized xml views,"x zhang , k dimitrova , l wang , m el-sayed , b murphy , b pielech , m mulchandani , l ding , e rundensteiner",sigmod conference,2003,"COL title VAL rainbow : multi-xquery optimization using materialized xml views COL authors VAL x zhang , k dimitrova , l wang , m el-sayed , b murphy , b pielech , m mulchandani , l ding , e rundensteiner COL venue VAL sigmod conference COL year VAL 2003"
421,report on the 13th brazilian symposium on database systems ( sbbd ' 98 ),,,1999,COL title VAL report on the 13th brazilian symposium on database systems ( sbbd ' 98 ) COL authors VAL  COL venue VAL  COL year VAL 1999
422,timber : a native system for querying xml,"s paparizos , s al-khalifa , a chapman , h jagadish , l lakshmanan , a nierman , j patel , d srivastava , n wiwatwattana , y wu , c yu",sigmod conference,2003,"COL title VAL timber : a native system for querying xml COL authors VAL s paparizos , s al-khalifa , a chapman , h jagadish , l lakshmanan , a nierman , j patel , d srivastava , n wiwatwattana , y wu , c yu COL venue VAL sigmod conference COL year VAL 2003"
423,the oasis multidatabase prototype,"m roantree , j murphy , w hasselbring",sigmod record,1999,"COL title VAL the oasis multidatabase prototype COL authors VAL m roantree , j murphy , w hasselbring COL venue VAL sigmod record COL year VAL 1999"
424,lockx : a system for efficiently querying secure xml,"s cho , s amer-yahia , l lakshmanan , d srivastava",sigmod conference,2003,"COL title VAL lockx : a system for efficiently querying secure xml COL authors VAL s cho , s amer-yahia , l lakshmanan , d srivastava COL venue VAL sigmod conference COL year VAL 2003"
425,editor 's notes,m franklin,sigmod record,1998,COL title VAL editor 's notes COL authors VAL m franklin COL venue VAL sigmod record COL year VAL 1998
426,building database-driven electronic catalogs,s danish,sigmod record,1998,COL title VAL building database-driven electronic catalogs COL authors VAL s danish COL venue VAL sigmod record COL year VAL 1998
427,trex : dtd-conforming xml to xml transformations,"a zhou , q wang , z guo , x gong , s zheng , h wu , j xiao , k yue , w fan",sigmod conference,2003,"COL title VAL trex : dtd-conforming xml to xml transformations COL authors VAL a zhou , q wang , z guo , x gong , s zheng , h wu , j xiao , k yue , w fan COL venue VAL sigmod conference COL year VAL 2003"
428,nsf workshop on industrial/academic cooperation in database systems,,,1999,COL title VAL nsf workshop on industrial/academic cooperation in database systems COL authors VAL  COL venue VAL  COL year VAL 1999
429,irisnet : internet-scale resource-intensive sensor services,"a deshpande , s nath , p gibbons , s seshan",sigmod conference,2003,"COL title VAL irisnet : internet-scale resource-intensive sensor services COL authors VAL a deshpande , s nath , p gibbons , s seshan COL venue VAL sigmod conference COL year VAL 2003"
430,"sql : 1999 , formerly known as sql 3","a eisenberg , j melton",sigmod record,1999,"COL title VAL sql : 1999 , formerly known as sql 3 COL authors VAL a eisenberg , j melton COL venue VAL sigmod record COL year VAL 1999"
431,telegraphcq : continuous dataflow processing,"s chandrasekaran , o cooper , a deshpande , m franklin , j hellerstein , w hong , s krishnamurthy , s madden , f reiss , m shah",sigmod conference,2003,"COL title VAL telegraphcq : continuous dataflow processing COL authors VAL s chandrasekaran , o cooper , a deshpande , m franklin , j hellerstein , w hong , s krishnamurthy , s madden , f reiss , m shah COL venue VAL sigmod conference COL year VAL 2003"
432,semantic integration of environmental models for application to global information systems and decision-making,d mackay,sigmod record,1999,COL title VAL semantic integration of environmental models for application to global information systems and decision-making COL authors VAL d mackay COL venue VAL sigmod record COL year VAL 1999
433,pix : exact and approximate phrase matching in xml,"s amer-yahia , m fernandez , d srivastava , y xu",sigmod conference,2003,"COL title VAL pix : exact and approximate phrase matching in xml COL authors VAL s amer-yahia , m fernandez , d srivastava , y xu COL venue VAL sigmod conference COL year VAL 2003"
434,stream : the stanford stream data manager,"a arasu , b babcock , s babu , m datar , k ito , i nishizawa , j rosenstein , j widom",sigmod conference,2003,"COL title VAL stream : the stanford stream data manager COL authors VAL a arasu , b babcock , s babu , m datar , k ito , i nishizawa , j rosenstein , j widom COL venue VAL sigmod conference COL year VAL 2003"
435,semantic and pedagogic interoperability mechanisms in the ariadne educational repository,"e forte , f haenni , k warkentyne , e duval , k cardinaels , e vervaet , k hendrikx , m forte , f simillion",sigmod record,1999,"COL title VAL semantic and pedagogic interoperability mechanisms in the ariadne educational repository COL authors VAL e forte , f haenni , k warkentyne , e duval , k cardinaels , e vervaet , k hendrikx , m forte , f simillion COL venue VAL sigmod record COL year VAL 1999"
436,statement from the treasurer,e hanson,sigmod record,1999,COL title VAL statement from the treasurer COL authors VAL e hanson COL venue VAL sigmod record COL year VAL 1999
437,transparent mid-tier database caching in sql server,"p larson , j goldstein , j zhou",sigmod conference,2003,"COL title VAL transparent mid-tier database caching in sql server COL authors VAL p larson , j goldstein , j zhou COL venue VAL sigmod conference COL year VAL 2003"
438,semantic interoperability in global information systems : a brief introduction to the research area and the special section,"a ouksel , a sheth",sigmod record,1999,"COL title VAL semantic interoperability in global information systems : a brief introduction to the research area and the special section COL authors VAL a ouksel , a sheth COL venue VAL sigmod record COL year VAL 1999"
439,qxtract : a building block for efficient information extraction from plain-text databases,"e agichtein , l gravano",sigmod conference,2003,"COL title VAL qxtract : a building block for efficient information extraction from plain-text databases COL authors VAL e agichtein , l gravano COL venue VAL sigmod conference COL year VAL 2003"
440,peerdb : peering into personal databases,"b ooi , k tan , a zhou , c goh , y li , c liau , b ling , w ng , y shu , x wang , m zhang",sigmod conference,2003,"COL title VAL peerdb : peering into personal databases COL authors VAL b ooi , k tan , a zhou , c goh , y li , c liau , b ling , w ng , y shu , x wang , m zhang COL venue VAL sigmod conference COL year VAL 2003"
441,semantic integration of semistructured and structured data sources,"s bergamaschi , s castano , m vincini",sigmod record,1999,"COL title VAL semantic integration of semistructured and structured data sources COL authors VAL s bergamaschi , s castano , m vincini COL venue VAL sigmod record COL year VAL 1999"
442,griddb : a database interface to the grid,"d liu , m franklin , d parekh",sigmod conference,2003,"COL title VAL griddb : a database interface to the grid COL authors VAL d liu , m franklin , d parekh COL venue VAL sigmod conference COL year VAL 2003"
443,semantic interoperability in information services : experiencing with coopware,a gal,sigmod record,1999,COL title VAL semantic interoperability in information services : experiencing with coopware COL authors VAL a gal COL venue VAL sigmod record COL year VAL 1999
444,unpacking the semantics of source and usage to perform semantic reconciliation in large-scale information systems,"k smith , l obrst",sigmod record,1999,"COL title VAL unpacking the semantics of source and usage to perform semantic reconciliation in large-scale information systems COL authors VAL k smith , l obrst COL venue VAL sigmod record COL year VAL 1999"
445,winmagic : subquery elimination using window aggregation,"c zuzarte , h pirahesh , w ma , q cheng , l liu , k wong",sigmod conference,2003,"COL title VAL winmagic : subquery elimination using window aggregation COL authors VAL c zuzarte , h pirahesh , w ma , q cheng , l liu , k wong COL venue VAL sigmod conference COL year VAL 2003"
446,socqet : semantic olap with compressed cube and summarization,"l lakshmanan , j pei , y zhao",sigmod conference,2003,"COL title VAL socqet : semantic olap with compressed cube and summarization COL authors VAL l lakshmanan , j pei , y zhao COL venue VAL sigmod conference COL year VAL 2003"
447,semantic video indexing : approach and issue,a hampapur,sigmod record,1999,COL title VAL semantic video indexing : approach and issue COL authors VAL a hampapur COL venue VAL sigmod record COL year VAL 1999
448,"database tuning : principles , experiments , and troubleshooting techniques ( part ii )","d shasha , p bonnet",sigmod conference,2002,"COL title VAL database tuning : principles , experiments , and troubleshooting techniques ( part ii ) COL authors VAL d shasha , p bonnet COL venue VAL sigmod conference COL year VAL 2002"
449,dynamic service matchmaking among agents in open information environments,"k sycara , m klusch , s widoff , j lu",sigmod record,1999,"COL title VAL dynamic service matchmaking among agents in open information environments COL authors VAL k sycara , m klusch , s widoff , j lu COL venue VAL sigmod record COL year VAL 1999"
450,"database tuning : principles , experiments , and troubleshooting techniques ( part i )","d shasha , p bonnet",sigmod conference,2002,"COL title VAL database tuning : principles , experiments , and troubleshooting techniques ( part i ) COL authors VAL d shasha , p bonnet COL venue VAL sigmod conference COL year VAL 2002"
451,contextualizing the information space in federated digital libraries,"m papazoglou , j hoppenbrouwers",sigmod record,1999,"COL title VAL contextualizing the information space in federated digital libraries COL authors VAL m papazoglou , j hoppenbrouwers COL venue VAL sigmod record COL year VAL 1999"
452,efficient materialization and use of views in data warehouses,"m souza , m sampaio",sigmod record,1999,"COL title VAL efficient materialization and use of views in data warehouses COL authors VAL m souza , m sampaio COL venue VAL sigmod record COL year VAL 1999"
453,rate-based query optimization for streaming information sources,"s viglas , j naughton",sigmod conference,2002,"COL title VAL rate-based query optimization for streaming information sources COL authors VAL s viglas , j naughton COL venue VAL sigmod conference COL year VAL 2002"
454,"proceedings of the 2002 acm sigmod international conference on management of data , madison , wisconsin , june 3-6 , 2002",,,2002,"COL title VAL proceedings of the 2002 acm sigmod international conference on management of data , madison , wisconsin , june 3-6 , 2002 COL authors VAL  COL venue VAL  COL year VAL 2002"
455,agent-based semantic interoperability in infosleuth,"j fowler , b perry , m nodine , b bargmeyer",sigmod record,1999,"COL title VAL agent-based semantic interoperability in infosleuth COL authors VAL j fowler , b perry , m nodine , b bargmeyer COL venue VAL sigmod record COL year VAL 1999"
456,a study on data point search for hg-trees,"j kuan , p lewis",sigmod record,1999,"COL title VAL a study on data point search for hg-trees COL authors VAL j kuan , p lewis COL venue VAL sigmod record COL year VAL 1999"
457,hd-eye : visual clustering of high dimensional data,"a hinneburg , d keim , m wawryniuk",sigmod conference,2002,"COL title VAL hd-eye : visual clustering of high dimensional data COL authors VAL a hinneburg , d keim , m wawryniuk COL venue VAL sigmod conference COL year VAL 2002"
458,design principles for data-intensive web sites,"s ceri , p fraternali , s paraboschi",sigmod record,1999,"COL title VAL design principles for data-intensive web sites COL authors VAL s ceri , p fraternali , s paraboschi COL venue VAL sigmod record COL year VAL 1999"
459,gea : a toolkit for gene expression analysis,"j phan , r ng",sigmod conference,2002,"COL title VAL gea : a toolkit for gene expression analysis COL authors VAL j phan , r ng COL venue VAL sigmod conference COL year VAL 2002"
460,chair 's message,,,1999,COL title VAL chair 's message COL authors VAL  COL venue VAL  COL year VAL 1999
461,going public : open-source databases and database research,p bonnet,sigmod conference,2002,COL title VAL going public : open-source databases and database research COL authors VAL p bonnet COL venue VAL sigmod conference COL year VAL 2002
462,"message from editor-in-chief , acm transactions on database systems",w kim,,1999,"COL title VAL message from editor-in-chief , acm transactions on database systems COL authors VAL w kim COL venue VAL  COL year VAL 1999"
463,data streams : fresh current or stagnant backwater ? ( panel ),"j hellerstein , j widom",sigmod conference,2002,"COL title VAL data streams : fresh current or stagnant backwater ? ( panel ) COL authors VAL j hellerstein , j widom COL venue VAL sigmod conference COL year VAL 2002"
464,database research at the university of oklahoma,"l gruenwald , l brown , r dirckze , s guinepain , c sсnchez , b summers , s vanichayobon",sigmod record,1999,"COL title VAL database research at the university of oklahoma COL authors VAL l gruenwald , l brown , r dirckze , s guinepain , c sсnchez , b summers , s vanichayobon COL venue VAL sigmod record COL year VAL 1999"
465,gigascope : high performance network monitoring with an sql interface,"c cranor , y gao , t johnson , v shkapenyuk , o spatscheck",sigmod conference,2002,"COL title VAL gigascope : high performance network monitoring with an sql interface COL authors VAL c cranor , y gao , t johnson , v shkapenyuk , o spatscheck COL venue VAL sigmod conference COL year VAL 2002"
466,an overview and classification of mediated query systems,"r domenig , k dittrich",sigmod record,1999,"COL title VAL an overview and classification of mediated query systems COL authors VAL r domenig , k dittrich COL venue VAL sigmod record COL year VAL 1999"
467,distributing queries over low-power wireless sensor networks,"s madden , j hellerstein",sigmod conference,2002,"COL title VAL distributing queries over low-power wireless sensor networks COL authors VAL s madden , j hellerstein COL venue VAL sigmod conference COL year VAL 2002"
468,dbxplorer : enabling keyword search over relational databases,"s agrawal , s chaudhuri , g das",sigmod conference,2002,"COL title VAL dbxplorer : enabling keyword search over relational databases COL authors VAL s agrawal , s chaudhuri , g das COL venue VAL sigmod conference COL year VAL 2002"
469,chair 's message,,,1999,COL title VAL chair 's message COL authors VAL  COL venue VAL  COL year VAL 1999
470,vice chair 's message,,,1999,COL title VAL vice chair 's message COL authors VAL  COL venue VAL  COL year VAL 1999
471,cubeexplorer : online exploration of data cubes,"j han , j wang , g dong , j pei , k wang",sigmod conference,2002,"COL title VAL cubeexplorer : online exploration of data cubes COL authors VAL j han , j wang , g dong , j pei , k wang COL venue VAL sigmod conference COL year VAL 2002"
472,acdn : a content delivery network for applications,"p karbhari , m rabinovich , z xiao , f douglis",sigmod conference,2002,"COL title VAL acdn : a content delivery network for applications COL authors VAL p karbhari , m rabinovich , z xiao , f douglis COL venue VAL sigmod conference COL year VAL 2002"
473,on multi-resolution document transmission in mobile web,"s yau , h leong , d mcleod , a si",sigmod record,1999,"COL title VAL on multi-resolution document transmission in mobile web COL authors VAL s yau , h leong , d mcleod , a si COL venue VAL sigmod record COL year VAL 1999"
474,dbcache : database caching for web application servers,"m altinel , q luo , s krishnamurthy , c mohan , h pirahesh , b lindsay , h woo , l brown",sigmod conference,2002,"COL title VAL dbcache : database caching for web application servers COL authors VAL m altinel , q luo , s krishnamurthy , c mohan , h pirahesh , b lindsay , h woo , l brown COL venue VAL sigmod conference COL year VAL 2002"
475,"towards adaptive workflow systems , cscw-98 workshop report",,,1999,"COL title VAL towards adaptive workflow systems , cscw-98 workshop report COL authors VAL  COL venue VAL  COL year VAL 1999"
476,cougar : the network is the database,"w fung , d sun , j gehrke",sigmod conference,2002,"COL title VAL cougar : the network is the database COL authors VAL w fung , d sun , j gehrke COL venue VAL sigmod conference COL year VAL 2002"
477,editor 's notes,m franklin,sigmod record,1999,COL title VAL editor 's notes COL authors VAL m franklin COL venue VAL sigmod record COL year VAL 1999
478,"commix : towards effective web information extraction , integration and query answering","t wang , s tang , d yang , j gao , y wu , j pei",sigmod conference,2002,"COL title VAL commix : towards effective web information extraction , integration and query answering COL authors VAL t wang , s tang , d yang , j gao , y wu , j pei COL venue VAL sigmod conference COL year VAL 2002"
479,reminiscences on influential papers,,,1999,COL title VAL reminiscences on influential papers COL authors VAL  COL venue VAL  COL year VAL 1999
480,an ebxml infrastructure implementation through uddi registries and rosettanet pips,"a dogac , y tambag , p pembecioglu , s pektas , g laleci , g kurt , s toprak , y kabak",sigmod conference,2002,"COL title VAL an ebxml infrastructure implementation through uddi registries and rosettanet pips COL authors VAL a dogac , y tambag , p pembecioglu , s pektas , g laleci , g kurt , s toprak , y kabak COL venue VAL sigmod conference COL year VAL 2002"
481,"the active database central , er2000 , vldb 2000 , wise 2000 , books , acm dl",,sigmod record,1999,"COL title VAL the active database central , er2000 , vldb 2000 , wise 2000 , books , acm dl COL authors VAL  COL venue VAL sigmod record COL year VAL 1999"
482,a compact b-tree,"p bumbulis , i bowman",sigmod conference,2002,"COL title VAL a compact b-tree COL authors VAL p bumbulis , i bowman COL venue VAL sigmod conference COL year VAL 2002"
483,editor 's notes,m franklin,sigmod record,1999,COL title VAL editor 's notes COL authors VAL m franklin COL venue VAL sigmod record COL year VAL 1999
484,efficient execution of joins in a star schema,a weininger,sigmod conference,2002,COL title VAL efficient execution of joins in a star schema COL authors VAL a weininger COL venue VAL sigmod conference COL year VAL 2002
485,engineering federated information systems : report of efis '99 workshop,"s conrad , w hasselbring , u hohenstein , r kutsche , m roantree , g saake , f saltor",sigmod record,1999,"COL title VAL engineering federated information systems : report of efis '99 workshop COL authors VAL s conrad , w hasselbring , u hohenstein , r kutsche , m roantree , g saake , f saltor COL venue VAL sigmod record COL year VAL 1999"
486,chorochronos : a research network for spatiotemporal database systems,"a frank , s grumbach , r gќting , c jensen , m koubarakis , n lorentzos , y manolopoulos , e nardelli , b pernici , h schek , m scholl , t sellis , b theodoulidis , p widmayer",sigmod record,1999,"COL title VAL chorochronos : a research network for spatiotemporal database systems COL authors VAL a frank , s grumbach , r gќting , c jensen , m koubarakis , n lorentzos , y manolopoulos , e nardelli , b pernici , h schek , m scholl , t sellis , b theodoulidis , p widmayer COL venue VAL sigmod record COL year VAL 1999"
487,automating physical database design in a parallel database,"j rao , c zhang , n megiddo , g lohman",sigmod conference,2002,"COL title VAL automating physical database design in a parallel database COL authors VAL j rao , c zhang , n megiddo , g lohman COL venue VAL sigmod conference COL year VAL 2002"
488,cost estimation of user-defined methods in object-relational database systems,"j boulos , k ono",sigmod record,1999,"COL title VAL cost estimation of user-defined methods in object-relational database systems COL authors VAL j boulos , k ono COL venue VAL sigmod record COL year VAL 1999"
489,"hierarchical subspace sampling : a unified framework for high dimensional data reduction , selectivity estimation and nearest neighbor search",c aggarwal,sigmod conference,2002,"COL title VAL hierarchical subspace sampling : a unified framework for high dimensional data reduction , selectivity estimation and nearest neighbor search COL authors VAL c aggarwal COL venue VAL sigmod conference COL year VAL 2002"
490,first-class views : a key to user-centered computing,"a rosenthal , e sciore",sigmod record,1999,"COL title VAL first-class views : a key to user-centered computing COL authors VAL a rosenthal , e sciore COL venue VAL sigmod record COL year VAL 1999"
491,dwarf : shrinking the petacube,"y sismanis , a deligiannakis , n roussopoulos , y kotidis",sigmod conference,2002,"COL title VAL dwarf : shrinking the petacube COL authors VAL y sismanis , a deligiannakis , n roussopoulos , y kotidis COL venue VAL sigmod conference COL year VAL 2002"
492,distributed transactions in practice,"p ram , l do , p drew",sigmod record,1999,"COL title VAL distributed transactions in practice COL authors VAL p ram , l do , p drew COL venue VAL sigmod record COL year VAL 1999"
493,compressing sql workloads,"s chaudhuri , a gupta , v narasayya",sigmod conference,2002,"COL title VAL compressing sql workloads COL authors VAL s chaudhuri , a gupta , v narasayya COL venue VAL sigmod conference COL year VAL 2002"
494,"a distributed scientific data archive using the web , xml and sql/med","m papiani , j wason , a dunlop , d nicole",sigmod record,1999,"COL title VAL a distributed scientific data archive using the web , xml and sql/med COL authors VAL m papiani , j wason , a dunlop , d nicole COL venue VAL sigmod record COL year VAL 1999"
495,coordinating backup/recovery and data consistency between database and file systems,"s bhattacharya , c mohan , k brannon , i narang , h hsiao , m subramanian",sigmod conference,2002,"COL title VAL coordinating backup/recovery and data consistency between database and file systems COL authors VAL s bhattacharya , c mohan , k brannon , i narang , h hsiao , m subramanian COL venue VAL sigmod conference COL year VAL 2002"
496,report on ngits ' 99 : the 4th international workshop on next generation information technologies and systems,,,1999,COL title VAL report on ngits ' 99 : the 4th international workshop on next generation information technologies and systems COL authors VAL  COL venue VAL  COL year VAL 1999
497,general match : a subsequence matching method in time-series databases based on generalized windows,"y moon , k whang , w han",sigmod conference,2002,"COL title VAL general match : a subsequence matching method in time-series databases based on generalized windows COL authors VAL y moon , k whang , w han COL venue VAL sigmod conference COL year VAL 2002"
498,clustering by pattern similarity in large data sets,"h wang , w wang , j yang , p yu",sigmod conference,2002,"COL title VAL clustering by pattern similarity in large data sets COL authors VAL h wang , w wang , j yang , p yu COL venue VAL sigmod conference COL year VAL 2002"
499,timer-driven database triggers and alerters : semantics and a challenge,"e hanson , l noronha",sigmod record,1999,"COL title VAL timer-driven database triggers and alerters : semantics and a challenge COL authors VAL e hanson , l noronha COL venue VAL sigmod record COL year VAL 1999"
500,"some remarks on variable independence , closure , and orthographic dimension in constraint databases",l libkin,sigmod record,1999,"COL title VAL some remarks on variable independence , closure , and orthographic dimension in constraint databases COL authors VAL l libkin COL venue VAL sigmod record COL year VAL 1999"
501,a monte carlo algorithm for fast projective clustering,"c procopiuc , m jones , p agarwal , t murali",sigmod conference,2002,"COL title VAL a monte carlo algorithm for fast projective clustering COL authors VAL c procopiuc , m jones , p agarwal , t murali COL venue VAL sigmod conference COL year VAL 2002"
502,dynamic multidimensional histograms,"n thaper , s guha , p indyk , n koudas",sigmod conference,2002,"COL title VAL dynamic multidimensional histograms COL authors VAL n thaper , s guha , p indyk , n koudas COL venue VAL sigmod conference COL year VAL 2002"
503,database principles column - introduction,l libkin,sigmod record,1999,COL title VAL database principles column - introduction COL authors VAL l libkin COL venue VAL sigmod record COL year VAL 1999
504,exploiting statistics on query expressions for optimization,"n bruno , s chaudhuri",sigmod conference,2002,"COL title VAL exploiting statistics on query expressions for optimization COL authors VAL n bruno , s chaudhuri COL venue VAL sigmod conference COL year VAL 2002"
505,on views and xml,s abiteboul,sigmod record,1999,COL title VAL on views and xml COL authors VAL s abiteboul COL venue VAL sigmod record COL year VAL 1999
506,efficient algorithms for minimizing tree pattern queries,p ramanan,sigmod conference,2002,COL title VAL efficient algorithms for minimizing tree pattern queries COL authors VAL p ramanan COL venue VAL sigmod conference COL year VAL 2002
507,reminiscences on influential papers,,,1999,COL title VAL reminiscences on influential papers COL authors VAL  COL venue VAL  COL year VAL 1999
508,efficient k-nn search on vertically decomposed data,"a vries , n mamoulis , n nes , m kersten",sigmod conference,2002,"COL title VAL efficient k-nn search on vertically decomposed data COL authors VAL a vries , n mamoulis , n nes , m kersten COL venue VAL sigmod conference COL year VAL 2002"
509,practical lessons in supporting large-scale computational science,"r musick , t critchlow",sigmod record,1999,"COL title VAL practical lessons in supporting large-scale computational science COL authors VAL r musick , t critchlow COL venue VAL sigmod record COL year VAL 1999"
510,continually evaluating similarity-based pattern queries on a streaming time series,"l gao , x wang",sigmod conference,2002,"COL title VAL continually evaluating similarity-based pattern queries on a streaming time series COL authors VAL l gao , x wang COL venue VAL sigmod conference COL year VAL 2002"
511,sqlj-part 1 : sql routines using the java programming language,"a eisenberg , j melton",sigmod record,1999,"COL title VAL sqlj-part 1 : sql routines using the java programming language COL authors VAL a eisenberg , j melton COL venue VAL sigmod record COL year VAL 1999"
512,proxy-based acceleration of dynamically generated content on the world wide web : an approach and implementation,"a datta , k dutta , h thomas , d vandermeer , s suresha , k ramamritham",sigmod conference,2002,"COL title VAL proxy-based acceleration of dynamically generated content on the world wide web : an approach and implementation COL authors VAL a datta , k dutta , h thomas , d vandermeer , s suresha , k ramamritham COL venue VAL sigmod conference COL year VAL 2002"
513,integrating dynamically-fetched external information into a dbms for semistructured data,"j mchugh , j widom",sigmod record,1997,"COL title VAL integrating dynamically-fetched external information into a dbms for semistructured data COL authors VAL j mchugh , j widom COL venue VAL sigmod record COL year VAL 1997"
514,semistructured und structured data in the web : going back and forth,"p atzeni , g mecca , p merialdo",sigmod record,1997,"COL title VAL semistructured und structured data in the web : going back and forth COL authors VAL p atzeni , g mecca , p merialdo COL venue VAL sigmod record COL year VAL 1997"
515,processing complex aggregate queries over data streams,"a dobra , m garofalakis , j gehrke , r rastogi",sigmod conference,2002,"COL title VAL processing complex aggregate queries over data streams COL authors VAL a dobra , m garofalakis , j gehrke , r rastogi COL venue VAL sigmod conference COL year VAL 2002"
516,fractal prefetching bбtrees : optimizing both cache and disk performance,"s chen , p gibbons , t mowry , g valentin",sigmod conference,2002,"COL title VAL fractal prefetching bбtrees : optimizing both cache and disk performance COL authors VAL s chen , p gibbons , t mowry , g valentin COL venue VAL sigmod conference COL year VAL 2002"
517,intelligent access to heterogeneous information sources : report on the 4th workshop on knowledge representation meets databases,,,1997,COL title VAL intelligent access to heterogeneous information sources : report on the 4th workshop on knowledge representation meets databases COL authors VAL  COL venue VAL  COL year VAL 1997
518,implementing database operations using simd instructions,"j zhou , k ross",sigmod conference,2002,"COL title VAL implementing database operations using simd instructions COL authors VAL j zhou , k ross COL venue VAL sigmod conference COL year VAL 2002"
519,infering structure in semistructured data,"s nestorov , s abiteboul , r motwani",sigmod record,1997,"COL title VAL infering structure in semistructured data COL authors VAL s nestorov , s abiteboul , r motwani COL venue VAL sigmod record COL year VAL 1997"
520,chair 's message,,,1997,COL title VAL chair 's message COL authors VAL  COL venue VAL  COL year VAL 1997
521,statix : making xml count,"j freire , j haritsa , m ramanath , p roy , j simщon",sigmod conference,2002,"COL title VAL statix : making xml count COL authors VAL j freire , j haritsa , m ramanath , p roy , j simщon COL venue VAL sigmod conference COL year VAL 2002"
522,extracting entity profiles from semistructured information spaces,"r nado , s huffman",sigmod record,1997,"COL title VAL extracting entity profiles from semistructured information spaces COL authors VAL r nado , s huffman COL venue VAL sigmod record COL year VAL 1997"
523,skew handling techniques in sort-merge join,"w li , d gao , r snodgrass",sigmod conference,2002,"COL title VAL skew handling techniques in sort-merge join COL authors VAL w li , d gao , r snodgrass COL venue VAL sigmod conference COL year VAL 2002"
524,wrapper generation for semi-structured internet sources,"n ashish , c knoblock",sigmod record,1997,"COL title VAL wrapper generation for semi-structured internet sources COL authors VAL n ashish , c knoblock COL venue VAL sigmod record COL year VAL 1997"
525,real-time index concurrency control,"j haritsa , s seshadri",sigmod record,1996,"COL title VAL real-time index concurrency control COL authors VAL j haritsa , s seshadri COL venue VAL sigmod record COL year VAL 1996"
526,storing and querying ordered xml using a relational database system,"i tatarinov , s viglas , k beyer , j shanmugasundaram , e shekita , c zhang",sigmod conference,2002,"COL title VAL storing and querying ordered xml using a relational database system COL authors VAL i tatarinov , s viglas , k beyer , j shanmugasundaram , e shekita , c zhang COL venue VAL sigmod conference COL year VAL 2002"
527,qursed : querying and reporting semistructured data,"y papakonstantinou , m petropoulos , v vassalos",sigmod conference,2002,"COL title VAL qursed : querying and reporting semistructured data COL authors VAL y papakonstantinou , m petropoulos , v vassalos COL venue VAL sigmod conference COL year VAL 2002"
528,foreword : management of semistructured data,,,1997,COL title VAL foreword : management of semistructured data COL authors VAL  COL venue VAL  COL year VAL 1997
529,information systems research at george mason university,"s jajodia , d barbarс , a brodsky , l kerschberg , a motro , e sibley , x wang",sigmod record,1997,"COL title VAL information systems research at george mason university COL authors VAL s jajodia , d barbarс , a brodsky , l kerschberg , a motro , e sibley , x wang COL venue VAL sigmod record COL year VAL 1997"
530,"mining database structure ; or , how to build a data quality browser","t dasu , t johnson , s muthukrishnan , v shkapenyuk",sigmod conference,2002,"COL title VAL mining database structure ; or , how to build a data quality browser COL authors VAL t dasu , t johnson , s muthukrishnan , v shkapenyuk COL venue VAL sigmod conference COL year VAL 2002"
531,"the five-minute rule ten years later , and other computer storage rules of thumb","j gray , g graefe",sigmod record,1997,"COL title VAL the five-minute rule ten years later , and other computer storage rules of thumb COL authors VAL j gray , g graefe COL venue VAL sigmod record COL year VAL 1997"
532,workflow management with service quality guarantees,"m gillmann , g weikum , w wonner",sigmod conference,2002,"COL title VAL workflow management with service quality guarantees COL authors VAL m gillmann , g weikum , w wonner COL venue VAL sigmod conference COL year VAL 2002"
533,approximate xml joins,"s guha , h jagadish , n koudas , d srivastava , t yu",sigmod conference,2002,"COL title VAL approximate xml joins COL authors VAL s guha , h jagadish , n koudas , d srivastava , t yu COL venue VAL sigmod conference COL year VAL 2002"
534,editor 's notes,m franklin,sigmod record,1997,COL title VAL editor 's notes COL authors VAL m franklin COL venue VAL sigmod record COL year VAL 1997
535,the database and information system research group at the university of ulm,"p dadam , w klas",sigmod record,1997,"COL title VAL the database and information system research group at the university of ulm COL authors VAL p dadam , w klas COL venue VAL sigmod record COL year VAL 1997"
536,partial results for online query processing,"v raman , j hellerstein",sigmod conference,2002,"COL title VAL partial results for online query processing COL authors VAL v raman , j hellerstein COL venue VAL sigmod conference COL year VAL 2002"
537,time-parameterized queries in spatio-temporal databases,"y tao , d papadias",sigmod conference,2002,"COL title VAL time-parameterized queries in spatio-temporal databases COL authors VAL y tao , d papadias COL venue VAL sigmod conference COL year VAL 2002"
538,research issues in federated database systems : report of efdbs '97 workshop,,,1997,COL title VAL research issues in federated database systems : report of efdbs '97 workshop COL authors VAL  COL venue VAL  COL year VAL 1997
539,holistic twig joins : optimal xml pattern matching,"n bruno , n koudas , d srivastava",sigmod conference,2002,"COL title VAL holistic twig joins : optimal xml pattern matching COL authors VAL n bruno , n koudas , d srivastava COL venue VAL sigmod conference COL year VAL 2002"
540,workshop on workflow management in scientific and engineering applications - report,,,1997,COL title VAL workshop on workflow management in scientific and engineering applications - report COL authors VAL  COL venue VAL  COL year VAL 1997
541,statistical synopses for graph-structured xml databases,"n polyzotis , m garofalakis",sigmod conference,2002,"COL title VAL statistical synopses for graph-structured xml databases COL authors VAL n polyzotis , m garofalakis COL venue VAL sigmod conference COL year VAL 2002"
542,industry perspectives,l seligman,sigmod record,1997,COL title VAL industry perspectives COL authors VAL l seligman COL venue VAL sigmod record COL year VAL 1997
543,virtual database technology,"a gupta , v harinarayan , a rajaraman",sigmod record,1997,"COL title VAL virtual database technology COL authors VAL a gupta , v harinarayan , a rajaraman COL venue VAL sigmod record COL year VAL 1997"
544,minimal probing : supporting expensive predicates for top-k queries,"k chang , s hwang",sigmod conference,2002,"COL title VAL minimal probing : supporting expensive predicates for top-k queries COL authors VAL k chang , s hwang COL venue VAL sigmod conference COL year VAL 2002"
545,chair 's message,,,1997,COL title VAL chair 's message COL authors VAL  COL venue VAL  COL year VAL 1997
546,mining long sequential patterns in a noisy environment,"j yang , w wang , p yu , j han",sigmod conference,2002,"COL title VAL mining long sequential patterns in a noisy environment COL authors VAL j yang , w wang , p yu , j han COL venue VAL sigmod conference COL year VAL 2002"
547,quasi-cubes : exploiting approximations in multidimensional databases,"d barbarс , m sullivan",sigmod record,1997,"COL title VAL quasi-cubes : exploiting approximations in multidimensional databases COL authors VAL d barbarс , m sullivan COL venue VAL sigmod record COL year VAL 1997"
548,selectivity estimation for spatio-temporal queries to moving objects,"y choi , c chung",sigmod conference,2002,"COL title VAL selectivity estimation for spatio-temporal queries to moving objects COL authors VAL y choi , c chung COL venue VAL sigmod conference COL year VAL 2002"
549,ogdi : toward interoperability among geospatial databases,"g clement , c larouche , d gouin , p morin , h kucera",sigmod record,1997,"COL title VAL ogdi : toward interoperability among geospatial databases COL authors VAL g clement , c larouche , d gouin , p morin , h kucera COL venue VAL sigmod record COL year VAL 1997"
550,wavelet synopses with error guarantees,"m garofalakis , p gibbons",sigmod conference,2002,"COL title VAL wavelet synopses with error guarantees COL authors VAL m garofalakis , p gibbons COL venue VAL sigmod conference COL year VAL 2002"
551,garlic : a new flavor of federated query processing for db2,"v josifovski , p schwarz , l haas , e lin",sigmod conference,2002,"COL title VAL garlic : a new flavor of federated query processing for db2 COL authors VAL v josifovski , p schwarz , l haas , e lin COL venue VAL sigmod conference COL year VAL 2002"
552,report on dart ' 96 : databases : active and real-time ( concepts meet practice ),,,1997,COL title VAL report on dart ' 96 : databases : active and real-time ( concepts meet practice ) COL authors VAL  COL venue VAL  COL year VAL 1997
553,quadtree and r-tree indexes in oracle spatial : a comparison using gis data,"k kanth , s ravada , d abugov",sigmod conference,2002,"COL title VAL quadtree and r-tree indexes in oracle spatial : a comparison using gis data COL authors VAL k kanth , s ravada , d abugov COL venue VAL sigmod conference COL year VAL 2002"
554,a query language for a web-site management system,"m fernandez , d florescu , a levy , d suciu",sigmod record,1997,"COL title VAL a query language for a web-site management system COL authors VAL m fernandez , d florescu , a levy , d suciu COL venue VAL sigmod record COL year VAL 1997"
555,an extended entity-relationship model for geographic applications,"t hadzilacos , n tryfona",sigmod record,1997,"COL title VAL an extended entity-relationship model for geographic applications COL authors VAL t hadzilacos , n tryfona COL venue VAL sigmod record COL year VAL 1997"
556,the sdss skyserver : public access to the sloan digital sky server data,"a szalay , j gray , a thakar , p kunszt , t malik , j raddick , c stoughton , j vandenberg",sigmod conference,2002,"COL title VAL the sdss skyserver : public access to the sloan digital sky server data COL authors VAL a szalay , j gray , a thakar , p kunszt , t malik , j raddick , c stoughton , j vandenberg COL venue VAL sigmod conference COL year VAL 2002"
557,"tpc-ds , taking decision support benchmarking to the next level","m pіss , b smith , l kollсr , p larson",sigmod conference,2002,"COL title VAL tpc-ds , taking decision support benchmarking to the next level COL authors VAL m pіss , b smith , l kollсr , p larson COL venue VAL sigmod conference COL year VAL 2002"
558,asserting beliefs in mls relational models,"n jukic , s vrbsky",sigmod record,1997,"COL title VAL asserting beliefs in mls relational models COL authors VAL n jukic , s vrbsky COL venue VAL sigmod record COL year VAL 1997"
559,database systems - breaking out of the box,"a silberschatz , s zdonik",sigmod record,1997,"COL title VAL database systems - breaking out of the box COL authors VAL a silberschatz , s zdonik COL venue VAL sigmod record COL year VAL 1997"
560,mid-tier caching : the timesten approach,t team,sigmod conference,2002,COL title VAL mid-tier caching : the timesten approach COL authors VAL t team COL venue VAL sigmod conference COL year VAL 2002
561,web caching for database applications with oracle web cache,"j anton , l jacobs , x liu , j parker , z zeng , t zhong",sigmod conference,2002,"COL title VAL web caching for database applications with oracle web cache COL authors VAL j anton , l jacobs , x liu , j parker , z zeng , t zhong COL venue VAL sigmod conference COL year VAL 2002"
562,converting relational to object-oriented databases,j fong,sigmod record,1997,COL title VAL converting relational to object-oriented databases COL authors VAL j fong COL venue VAL sigmod record COL year VAL 1997
563,extraction of object-oriented structures from existing relational databases,"s ramanathan , j hodges",sigmod record,1997,"COL title VAL extraction of object-oriented structures from existing relational databases COL authors VAL s ramanathan , j hodges COL venue VAL sigmod record COL year VAL 1997"
564,middle-tier database caching for e-business,"q luo , s krishnamurthy , c mohan , h pirahesh , h woo , b lindsay , j naughton",sigmod conference,2002,"COL title VAL middle-tier database caching for e-business COL authors VAL q luo , s krishnamurthy , c mohan , h pirahesh , h woo , b lindsay , j naughton COL venue VAL sigmod conference COL year VAL 2002"
565,learning table access cardinalities with leo,"v markl , g lohman",sigmod conference,2002,"COL title VAL learning table access cardinalities with leo COL authors VAL v markl , g lohman COL venue VAL sigmod conference COL year VAL 2002"
566,an overview of data warehousing and olap technology,"s chaudhuri , u dayal",sigmod record,1997,"COL title VAL an overview of data warehousing and olap technology COL authors VAL s chaudhuri , u dayal COL venue VAL sigmod record COL year VAL 1997"
567,rainbow : mapping-driven xquery processing system,"x zhang , m mulchandani , s christ , b murphy , e rundensteiner",sigmod conference,2002,"COL title VAL rainbow : mapping-driven xquery processing system COL authors VAL x zhang , m mulchandani , s christ , b murphy , e rundensteiner COL venue VAL sigmod conference COL year VAL 2002"
568,editor 's notes,,,1997,COL title VAL editor 's notes COL authors VAL  COL venue VAL  COL year VAL 1997
569,the xxl search engine : ranked retrieval of xml data using indexes and ontologies,"a theobald , g weikum",sigmod conference,2002,"COL title VAL the xxl search engine : ranked retrieval of xml data using indexes and ontologies COL authors VAL a theobald , g weikum COL venue VAL sigmod conference COL year VAL 2002"
570,lore : a database management system for semistructured data,"j mchugh , s abiteboul , r goldman , d quass , j widom",sigmod record,1997,"COL title VAL lore : a database management system for semistructured data COL authors VAL j mchugh , s abiteboul , r goldman , d quass , j widom COL venue VAL sigmod record COL year VAL 1997"
571,"research in databases and data-intensive applications - computer science department and fzi , university of karlsruhe","b kіnig-ries , p lockemann",sigmod record,1997,"COL title VAL research in databases and data-intensive applications - computer science department and fzi , university of karlsruhe COL authors VAL b kіnig-ries , p lockemann COL venue VAL sigmod record COL year VAL 1997"
572,toxgene : a template-based data generator for xml,"d barbosa , a mendelzon , j keenleyside , k lyons",sigmod conference,2002,"COL title VAL toxgene : a template-based data generator for xml COL authors VAL d barbosa , a mendelzon , j keenleyside , k lyons COL venue VAL sigmod conference COL year VAL 2002"
573,visual coko : a debugger for query optimizer development,"d abadi , m cherniack",sigmod conference,2002,"COL title VAL visual coko : a debugger for query optimizer development COL authors VAL d abadi , m cherniack COL venue VAL sigmod conference COL year VAL 2002"
574,data management for earth system science,"j frew , j dozier",sigmod record,1997,"COL title VAL data management for earth system science COL authors VAL j frew , j dozier COL venue VAL sigmod record COL year VAL 1997"
575,xcache : a semantic caching system for xml queries,"l chen , e rundensteiner , s wang",sigmod conference,2002,"COL title VAL xcache : a semantic caching system for xml queries COL authors VAL l chen , e rundensteiner , s wang COL venue VAL sigmod conference COL year VAL 2002"
576,\ a consumer viewpoint on \ '' \ `` mediator languages - a proposal for a standard \ '' \ '' \ '' '',"a rosenthal , e hughes , s renner , l seligman",sigmod record,1997,"COL title VAL \ a consumer viewpoint on \ '' \ `` mediator languages - a proposal for a standard \ '' \ '' \ '' '' COL authors VAL a rosenthal , e hughes , s renner , l seligman COL venue VAL sigmod record COL year VAL 1997"
577,xmdvtool : visual interactive data exploration and trend discovery of high-dimensional data sets,"e rundensteiner , m ward , j yang , p doshi",sigmod conference,2002,"COL title VAL xmdvtool : visual interactive data exploration and trend discovery of high-dimensional data sets COL authors VAL e rundensteiner , m ward , j yang , p doshi COL venue VAL sigmod conference COL year VAL 2002"
578,webdb ' 98 : international workshop on the web and databases,,,1998,COL title VAL webdb ' 98 : international workshop on the web and databases COL authors VAL  COL venue VAL  COL year VAL 1998
579,xbase : making your gigabyte disk queriable,"h lu , g wang , g yu , y bao , j lv , y yu",sigmod conference,2002,"COL title VAL xbase : making your gigabyte disk queriable COL authors VAL h lu , g wang , g yu , y bao , j lv , y yu COL venue VAL sigmod conference COL year VAL 2002"
580,chair 's message,,,1998,COL title VAL chair 's message COL authors VAL  COL venue VAL  COL year VAL 1998
581,database research at columbia university,"s chang , l gravano , g kaiser , k ross , s stolfo",sigmod record,1998,"COL title VAL database research at columbia university COL authors VAL s chang , l gravano , g kaiser , k ross , s stolfo COL venue VAL sigmod record COL year VAL 1998"
582,xl : a platform for web services,"d florescu , a grќnhagen , d kossmann , s rost",sigmod conference,2002,"COL title VAL xl : a platform for web services COL authors VAL d florescu , a grќnhagen , d kossmann , s rost COL venue VAL sigmod conference COL year VAL 2002"
583,roadrunner : automatic data extraction from data-intensive web sites,"v crescenzi , g mecca , p merialdo",sigmod conference,2002,"COL title VAL roadrunner : automatic data extraction from data-intensive web sites COL authors VAL v crescenzi , g mecca , p merialdo COL venue VAL sigmod conference COL year VAL 2002"
584,database techniques for the world-wide web : a survey,"d florescu , a levy , a mendelzon",sigmod record,1998,"COL title VAL database techniques for the world-wide web : a survey COL authors VAL d florescu , a levy , a mendelzon COL venue VAL sigmod record COL year VAL 1998"
585,a case for intelligent disks ( idisks ),"k keeton , d patterson , j hellerstein",sigmod record,1998,"COL title VAL a case for intelligent disks ( idisks ) COL authors VAL k keeton , d patterson , j hellerstein COL venue VAL sigmod record COL year VAL 1998"
586,software as a service : asp and asp aggregation,,,2002,COL title VAL software as a service : asp and asp aggregation COL authors VAL  COL venue VAL  COL year VAL 2002
587,tutorial : application servers and associated technologies,,,2002,COL title VAL tutorial : application servers and associated technologies COL authors VAL  COL venue VAL  COL year VAL 2002
588,b-tree page size when caching is considered,d lomet,sigmod record,1998,COL title VAL b-tree page size when caching is considered COL authors VAL d lomet COL venue VAL sigmod record COL year VAL 1998
589,algebraic change propagation for semijoin and outerjoin queries,"t griffin , b kumar",sigmod record,1998,"COL title VAL algebraic change propagation for semijoin and outerjoin queries COL authors VAL t griffin , b kumar COL venue VAL sigmod record COL year VAL 1998"
590,querying and mining data streams : you only get one look a tutorial,,,2002,COL title VAL querying and mining data streams : you only get one look a tutorial COL authors VAL  COL venue VAL  COL year VAL 2002
591,enhanced nearest neighbour search on the r-tree,"k cheung , a fu",sigmod record,1998,"COL title VAL enhanced nearest neighbour search on the r-tree COL authors VAL k cheung , a fu COL venue VAL sigmod record COL year VAL 1998"
592,implementing xquery,p cotton,sigmod conference,2002,COL title VAL implementing xquery COL authors VAL p cotton COL venue VAL sigmod conference COL year VAL 2002
593,data bubbles : quality preserving performance boosting for hierarchical clustering,"m breunig , h kriegel , p krіger , j sander",sigmod conference,2001,"COL title VAL data bubbles : quality preserving performance boosting for hierarchical clustering COL authors VAL m breunig , h kriegel , p krіger , j sander COL venue VAL sigmod conference COL year VAL 2001"
594,an extensible notation for spatiotemporal index queries,"v tsotras , c jensen , r snodgrass",sigmod record,1998,"COL title VAL an extensible notation for spatiotemporal index queries COL authors VAL v tsotras , c jensen , r snodgrass COL venue VAL sigmod record COL year VAL 1998"
595,applications of the java programming language to database management,"b burton , v marek",sigmod record,1998,"COL title VAL applications of the java programming language to database management COL authors VAL b burton , v marek COL venue VAL sigmod record COL year VAL 1998"
596,bit-sliced index arithmetic,"d rinfret , p o'neil , e o'neil",sigmod conference,2001,"COL title VAL bit-sliced index arithmetic COL authors VAL d rinfret , p o'neil , e o'neil COL venue VAL sigmod conference COL year VAL 2001"
597,"a robust , optimization-based approach for approximate answering of aggregate queries","s chaudhuri , g das , v narasayya",sigmod conference,2001,"COL title VAL a robust , optimization-based approach for approximate answering of aggregate queries COL authors VAL s chaudhuri , g das , v narasayya COL venue VAL sigmod conference COL year VAL 2001"
598,editor 's notes,m franklin,sigmod record,1998,COL title VAL editor 's notes COL authors VAL m franklin COL venue VAL sigmod record COL year VAL 1998
599,adaptable query optimization and evaluation in temporal middleware,"g slivinskas , c jensen , r snodgrass",sigmod conference,2001,"COL title VAL adaptable query optimization and evaluation in temporal middleware COL authors VAL g slivinskas , c jensen , r snodgrass COL venue VAL sigmod conference COL year VAL 2001"
600,the microsoft database research group,"d lomet , r barga , s chaudhuri , p larson , v narasayya",sigmod record,1998,"COL title VAL the microsoft database research group COL authors VAL d lomet , r barga , s chaudhuri , p larson , v narasayya COL venue VAL sigmod record COL year VAL 1998"
601,standards in practice,"a eisenberg , j melton",sigmod record,1998,"COL title VAL standards in practice COL authors VAL a eisenberg , j melton COL venue VAL sigmod record COL year VAL 1998"
602,epsilon grid order : an algorithm for the similarity join on massive high-dimensional data,"c bіhm , b braunmќller , f krebs , h kriegel",sigmod conference,2001,"COL title VAL epsilon grid order : an algorithm for the similarity join on massive high-dimensional data COL authors VAL c bіhm , b braunmќller , f krebs , h kriegel COL venue VAL sigmod conference COL year VAL 2001"
603,dyda : data warehouse maintenance in fully concurrent environments,"j chen , x zhang , s chen , a koeller , e rundensteiner",sigmod conference,2001,"COL title VAL dyda : data warehouse maintenance in fully concurrent environments COL authors VAL j chen , x zhang , s chen , a koeller , e rundensteiner COL venue VAL sigmod conference COL year VAL 2001"
604,the trigs active object-oriented database system - an overview,"g kappel , w retschitzegger",sigmod record,1998,"COL title VAL the trigs active object-oriented database system - an overview COL authors VAL g kappel , w retschitzegger COL venue VAL sigmod record COL year VAL 1998"
605,experiences in mining aviation safety data,"z nazeri , e bloedorn , p ostwald",sigmod conference,2001,"COL title VAL experiences in mining aviation safety data COL authors VAL z nazeri , e bloedorn , p ostwald COL venue VAL sigmod conference COL year VAL 2001"
606,reminiscences on influential papers,,,1998,COL title VAL reminiscences on influential papers COL authors VAL  COL venue VAL  COL year VAL 1998
607,krdb ' 98 : the 5th international workshop on knowledge representation meets databases,,,1998,COL title VAL krdb ' 98 : the 5th international workshop on knowledge representation meets databases COL authors VAL  COL venue VAL  COL year VAL 1998
608,global optimization of histograms,"h jagadish , h jin , b ooi , k tan",sigmod conference,2001,"COL title VAL global optimization of histograms COL authors VAL h jagadish , h jin , b ooi , k tan COL venue VAL sigmod conference COL year VAL 2001"
609,unbundling active functionality,"s gatziu , a koschel , g bќltzingsloewen , h fritschi",sigmod record,1998,"COL title VAL unbundling active functionality COL authors VAL s gatziu , a koschel , g bќltzingsloewen , h fritschi COL venue VAL sigmod record COL year VAL 1998"
610,dynamic buffer allocation in video-on-demand systems,"s lee , k whang , y moon , i song",sigmod conference,2001,"COL title VAL dynamic buffer allocation in video-on-demand systems COL authors VAL s lee , k whang , y moon , i song COL venue VAL sigmod conference COL year VAL 2001"
611,dna-miner : a system prototype for mining dna sequences,"j han , h jamil , y lu , l chen , y liao , j pei",sigmod conference,2001,"COL title VAL dna-miner : a system prototype for mining dna sequences COL authors VAL j han , h jamil , y lu , l chen , y liao , j pei COL venue VAL sigmod conference COL year VAL 2001"
612,mining fuzzy association rules in databases,"c kuok , a fu , m wong",sigmod record,1998,"COL title VAL mining fuzzy association rules in databases COL authors VAL c kuok , a fu , m wong COL venue VAL sigmod record COL year VAL 1998"
613,dynamic content acceleration : a caching solution to enable scalable dynamic web page generation,"a datta , k dutta , k ramamritham , h thomas , d vandermeer",sigmod conference,2001,"COL title VAL dynamic content acceleration : a caching solution to enable scalable dynamic web page generation COL authors VAL a datta , k dutta , k ramamritham , h thomas , d vandermeer COL venue VAL sigmod conference COL year VAL 2001"
614,predator : a resource for database research,p seshadri,sigmod record,1998,COL title VAL predator : a resource for database research COL authors VAL p seshadri COL venue VAL sigmod record COL year VAL 1998
615,materialized views and data warehouses,n roussopoulos,sigmod record,1998,COL title VAL materialized views and data warehouses COL authors VAL n roussopoulos COL venue VAL sigmod record COL year VAL 1998
616,clio : a semi-automatic tool for schema mapping,"m hernсndez , r miller , l haas",sigmod conference,2001,"COL title VAL clio : a semi-automatic tool for schema mapping COL authors VAL m hernсndez , r miller , l haas COL venue VAL sigmod conference COL year VAL 2001"
617,workshop report on experiences using object data management in the real-world,,,1998,COL title VAL workshop report on experiences using object data management in the real-world COL authors VAL  COL venue VAL  COL year VAL 1998
618,efficient evaluation of xml middle-ware queries,"m fernandez , a morishima , d suciu",sigmod conference,2001,"COL title VAL efficient evaluation of xml middle-ware queries COL authors VAL m fernandez , a morishima , d suciu COL venue VAL sigmod conference COL year VAL 2001"
619,enabling dynamic content caching for database-driven web sites,"k candan , w li , q luo , w hsiung , d agrawal",sigmod conference,2001,"COL title VAL enabling dynamic content caching for database-driven web sites COL authors VAL k candan , w li , q luo , w hsiung , d agrawal COL venue VAL sigmod conference COL year VAL 2001"
620,report on the second ieee metadata conference ( metadata ' 97 ),,,1998,COL title VAL report on the second ieee metadata conference ( metadata ' 97 ) COL authors VAL  COL venue VAL  COL year VAL 1998
621,"cosima - your smart , speaking e-salesperson","w kieпling , s holland , s 0003 , t ehm",sigmod conference,2001,"COL title VAL cosima - your smart , speaking e-salesperson COL authors VAL w kieпling , s holland , s 0003 , t ehm COL venue VAL sigmod conference COL year VAL 2001"
622,chair 's message,,,1998,COL title VAL chair 's message COL authors VAL  COL venue VAL  COL year VAL 1998
623,information director 's message,,,1998,COL title VAL information director 's message COL authors VAL  COL venue VAL  COL year VAL 1998
624,data-driven understanding and refinement of schema mappings,"l yan , r miller , l haas , r fagin",sigmod conference,2001,"COL title VAL data-driven understanding and refinement of schema mappings COL authors VAL l yan , r miller , l haas , r fagin COL venue VAL sigmod conference COL year VAL 2001"
625,towards on-line analytical mining in large databases,j han,sigmod record,1998,COL title VAL towards on-line analytical mining in large databases COL authors VAL j han COL venue VAL sigmod record COL year VAL 1998
626,efficient computation of iceberg cubes with complex measures,"j han , j pei , g dong , k wang",sigmod conference,2001,"COL title VAL efficient computation of iceberg cubes with complex measures COL authors VAL j han , j pei , g dong , k wang COL venue VAL sigmod conference COL year VAL 2001"
627,catalog management in websphere commerce suite,t maguire,sigmod conference,2001,COL title VAL catalog management in websphere commerce suite COL authors VAL t maguire COL venue VAL sigmod conference COL year VAL 2001
628,editor 's notes,m franklin,sigmod record,1997,COL title VAL editor 's notes COL authors VAL m franklin COL venue VAL sigmod record COL year VAL 1997
629,where will object techonology drive data administration ?,a rosenthal,sigmod record,1998,COL title VAL where will object techonology drive data administration ? COL authors VAL a rosenthal COL venue VAL sigmod record COL year VAL 1998
630,automatic segmentation of text into structured records,"v borkar , k deshmukh , s sarawagi",sigmod conference,2001,"COL title VAL automatic segmentation of text into structured records COL authors VAL v borkar , k deshmukh , s sarawagi COL venue VAL sigmod conference COL year VAL 2001"
631,communication efficient distributed mining of association rules,"a schuster , r wolff",sigmod conference,2001,"COL title VAL communication efficient distributed mining of association rules COL authors VAL a schuster , r wolff COL venue VAL sigmod conference COL year VAL 2001"
632,repositories and object oriented databases,p bernstein,sigmod record,1998,COL title VAL repositories and object oriented databases COL authors VAL p bernstein COL venue VAL sigmod record COL year VAL 1998
633,workflow history management,"p koksal , s arpinar , a dogac",sigmod record,1998,"COL title VAL workflow history management COL authors VAL p koksal , s arpinar , a dogac COL venue VAL sigmod record COL year VAL 1998"
634,adaptive precision setting for cached approximate values,"c olston , b loo , j widom",sigmod conference,2001,"COL title VAL adaptive precision setting for cached approximate values COL authors VAL c olston , b loo , j widom COL venue VAL sigmod conference COL year VAL 2001"
635,towards a richer web object model,f manola,sigmod record,1998,COL title VAL towards a richer web object model COL authors VAL f manola COL venue VAL sigmod record COL year VAL 1998
636,fast-start : quick fault recovery in oracle,"t lahiri , a ganesh , r weiss , a joshi",sigmod conference,2001,"COL title VAL fast-start : quick fault recovery in oracle COL authors VAL t lahiri , a ganesh , r weiss , a joshi COL venue VAL sigmod conference COL year VAL 2001"
637,reminiscences on influential papers,,,1998,COL title VAL reminiscences on influential papers COL authors VAL  COL venue VAL  COL year VAL 1998
638,exploiting constraint-like data characterizations in query optimization,"p godfrey , j gryz , c zuzarte",sigmod conference,2001,"COL title VAL exploiting constraint-like data characterizations in query optimization COL authors VAL p godfrey , j gryz , c zuzarte COL venue VAL sigmod conference COL year VAL 2001"
639,filtering algorithms and implementation for very fast publish/subscribe,"f fabret , h jacobsen , f llirbat , j pereira , k ross , d shasha",sigmod conference,2001,"COL title VAL filtering algorithms and implementation for very fast publish/subscribe COL authors VAL f fabret , h jacobsen , f llirbat , j pereira , k ross , d shasha COL venue VAL sigmod conference COL year VAL 2001"
640,t2 : a customizable parallel database for multi-dimensional data,"c chang , a acharya , a sussman , j saltz",sigmod record,1998,"COL title VAL t2 : a customizable parallel database for multi-dimensional data COL authors VAL c chang , a acharya , a sussman , j saltz COL venue VAL sigmod record COL year VAL 1998"
641,ominisearch : a method for searching dynamic content on the web,"d buttler , l liu , c pu , h paques",sigmod conference,2001,"COL title VAL ominisearch : a method for searching dynamic content on the web COL authors VAL d buttler , l liu , c pu , h paques COL venue VAL sigmod conference COL year VAL 2001"
642,act-net - the active database management system manifesto : a rulebase of adbms features,,sigmod record,1996,COL title VAL act-net - the active database management system manifesto : a rulebase of adbms features COL authors VAL  COL venue VAL sigmod record COL year VAL 1996
643,control strategies for complex relational query processing in shared nothing systems,"l brunie , h kosch",sigmod record,1996,"COL title VAL control strategies for complex relational query processing in shared nothing systems COL authors VAL l brunie , h kosch COL venue VAL sigmod record COL year VAL 1996"
644,generating efficient plans for queries using views,"f afrati , c li , j ullman",sigmod conference,2001,"COL title VAL generating efficient plans for queries using views COL authors VAL f afrati , c li , j ullman COL venue VAL sigmod conference COL year VAL 2001"
645,mpeg-7 standard for multimedia databases,,,2001,COL title VAL mpeg-7 standard for multimedia databases COL authors VAL  COL venue VAL  COL year VAL 2001
646,on the cost of monitoring and reorganization of object bases for clustering,"c gerlhof , a kemper , g moerkotte",sigmod record,1996,"COL title VAL on the cost of monitoring and reorganization of object bases for clustering COL authors VAL c gerlhof , a kemper , g moerkotte COL venue VAL sigmod record COL year VAL 1996"
647,modeling high-dimensional index structures using sampling,"c lang , a singh",sigmod conference,2001,"COL title VAL modeling high-dimensional index structures using sampling COL authors VAL c lang , a singh COL venue VAL sigmod conference COL year VAL 2001"
648,much ado about shared-nothing,"m norman , t zurek , p thanisch",sigmod record,1996,"COL title VAL much ado about shared-nothing COL authors VAL m norman , t zurek , p thanisch COL venue VAL sigmod record COL year VAL 1996"
649,report on first international workshop on real-time database systems,,,1996,COL title VAL report on first international workshop on real-time database systems COL authors VAL  COL venue VAL  COL year VAL 1996
650,"data management : lasting impact of the wild , wild , web",r meseck,sigmod conference,2001,"COL title VAL data management : lasting impact of the wild , wild , web COL authors VAL r meseck COL venue VAL sigmod conference COL year VAL 2001"
651,dissemination of dynamic data,"p deolasee , a katkar , a panchbudhe , k ramamritham , p shenoy",sigmod conference,2001,"COL title VAL dissemination of dynamic data COL authors VAL p deolasee , a katkar , a panchbudhe , k ramamritham , p shenoy COL venue VAL sigmod conference COL year VAL 2001"
652,open issues in parallel query optimization,"w hasan , d florescu , p valduriez",sigmod record,1996,"COL title VAL open issues in parallel query optimization COL authors VAL w hasan , d florescu , p valduriez COL venue VAL sigmod record COL year VAL 1996"
653,content integration for e-business,"m stonebraker , j hellerstein",sigmod conference,2001,"COL title VAL content integration for e-business COL authors VAL m stonebraker , j hellerstein COL venue VAL sigmod conference COL year VAL 2001"
654,middle east technical university software research and development center,a dogac,sigmod record,1996,COL title VAL middle east technical university software research and development center COL authors VAL a dogac COL venue VAL sigmod record COL year VAL 1996
655,"fault-tolerant , load-balancing queries in telegraph","m shah , s chandrasekaran",sigmod conference,2001,"COL title VAL fault-tolerant , load-balancing queries in telegraph COL authors VAL m shah , s chandrasekaran COL venue VAL sigmod conference COL year VAL 2001"
656,the bess object storage manager : architecture overview,"a biliris , e panagos",sigmod record,1996,"COL title VAL the bess object storage manager : architecture overview COL authors VAL a biliris , e panagos COL venue VAL sigmod record COL year VAL 1996"
657,unisql 's next-generation object-relational database management system,"a d'andrea , p janus",sigmod record,1996,"COL title VAL unisql 's next-generation object-relational database management system COL authors VAL a d'andrea , p janus COL venue VAL sigmod record COL year VAL 1996"
658,online query processing,,,2001,COL title VAL online query processing COL authors VAL  COL venue VAL  COL year VAL 2001
659,"olap , relational , and multidimensional database systems",g colliat,sigmod record,1996,"COL title VAL olap , relational , and multidimensional database systems COL authors VAL g colliat COL venue VAL sigmod record COL year VAL 1996"
660,xml data management go native or spruce up relational systems ? ( panel abstract ),p larson,sigmod conference,2001,COL title VAL xml data management go native or spruce up relational systems ? ( panel abstract ) COL authors VAL p larson COL venue VAL sigmod conference COL year VAL 2001
661,editor 's notes,j widom,sigmod record,1996,COL title VAL editor 's notes COL authors VAL j widom COL venue VAL sigmod record COL year VAL 1996
662,semantic b2b integration,,,2001,COL title VAL semantic b2b integration COL authors VAL  COL venue VAL  COL year VAL 2001
663,scientist 's called upon to take actions,x qian,sigmod record,1996,COL title VAL scientist 's called upon to take actions COL authors VAL x qian COL venue VAL sigmod record COL year VAL 1996
664,"optimizing queries using materialized views : a practical , scalable solution","j goldstein , p larson",sigmod conference,2001,"COL title VAL optimizing queries using materialized views : a practical , scalable solution COL authors VAL j goldstein , p larson COL venue VAL sigmod conference COL year VAL 2001"
665,exploiting main memory dbms features to improve real-time concurrency control protocols,"ж ulusoy , a buchmann",sigmod record,1996,"COL title VAL exploiting main memory dbms features to improve real-time concurrency control protocols COL authors VAL ж ulusoy , a buchmann COL venue VAL sigmod record COL year VAL 1996"
666,review : a real time virtual walkthrough system,"l shou , j chionh , k tan , y ruan , z huang",sigmod conference,2001,"COL title VAL review : a real time virtual walkthrough system COL authors VAL l shou , j chionh , k tan , y ruan , z huang COL venue VAL sigmod conference COL year VAL 2001"
667,advances in real-time database systems research,a bestavros,sigmod record,1996,COL title VAL advances in real-time database systems research COL authors VAL a bestavros COL venue VAL sigmod record COL year VAL 1996
668,updating xml,"i tatarinov , z ives , a halevy , d weld",sigmod conference,2001,"COL title VAL updating xml COL authors VAL i tatarinov , z ives , a halevy , d weld COL venue VAL sigmod conference COL year VAL 2001"
669,materialized view selection and maintenance using multi-query optimization,"h mistry , p roy , s sudarshan , k ramamritham",sigmod conference,2001,"COL title VAL materialized view selection and maintenance using multi-query optimization COL authors VAL h mistry , p roy , s sudarshan , k ramamritham COL venue VAL sigmod conference COL year VAL 2001"
670,deeds towards a distributed and active real-time database system,"s andler , j hansson , j eriksson , j mellin , m berndtsson , b eftring",sigmod record,1996,"COL title VAL deeds towards a distributed and active real-time database system COL authors VAL s andler , j hansson , j eriksson , j mellin , m berndtsson , b eftring COL venue VAL sigmod record COL year VAL 1996"
671,enhancing external consistency in real-time transactions,"k lin , s peng",sigmod record,1996,"COL title VAL enhancing external consistency in real-time transactions COL authors VAL k lin , s peng COL venue VAL sigmod record COL year VAL 1996"
672,efficient and tunable similar set retrieval,"a gionis , d gunopulos , n koudas",sigmod conference,2001,"COL title VAL efficient and tunable similar set retrieval COL authors VAL a gionis , d gunopulos , n koudas COL venue VAL sigmod conference COL year VAL 2001"
673,snowball : a prototype system for extracting relations from large text collections,"e agichtein , l gravano , j pavel , v sokolova , a voskoboynik",sigmod conference,2001,"COL title VAL snowball : a prototype system for extracting relations from large text collections COL authors VAL e agichtein , l gravano , j pavel , v sokolova , a voskoboynik COL venue VAL sigmod conference COL year VAL 2001"
674,database research : achievements and opportunities into the 21st century,"a silberschatz , m stonebraker , j ullman",sigmod record,1996,"COL title VAL database research : achievements and opportunities into the 21st century COL authors VAL a silberschatz , m stonebraker , j ullman COL venue VAL sigmod record COL year VAL 1996"
675,optimizing multidimensional index trees for main memory access,"k kim , s cha , k kwon",sigmod conference,2001,"COL title VAL optimizing multidimensional index trees for main memory access COL authors VAL k kim , s cha , k kwon COL venue VAL sigmod conference COL year VAL 2001"
676,"database research at the indian institute of technology , bombay","d phatak , n sarda , s seshadri , s sudarshan",sigmod record,1996,"COL title VAL database research at the indian institute of technology , bombay COL authors VAL d phatak , n sarda , s seshadri , s sudarshan COL venue VAL sigmod record COL year VAL 1996"
677,"integrating temporal , real-time , and active databases","k ramamritham , r sivasankaran , j stankovic , d towsley , m xiong",sigmod record,1996,"COL title VAL integrating temporal , real-time , and active databases COL authors VAL k ramamritham , r sivasankaran , j stankovic , d towsley , m xiong COL venue VAL sigmod record COL year VAL 1996"
678,"gangam - a solution to support multiple data models , their mappings and maintenance","k claypool , e rundensteiner , x zhang , h su , h kuno , w lee , g mitchell",sigmod conference,2001,"COL title VAL gangam - a solution to support multiple data models , their mappings and maintenance COL authors VAL k claypool , e rundensteiner , x zhang , h su , h kuno , w lee , g mitchell COL venue VAL sigmod conference COL year VAL 2001"
679,securing xml documents : the author-x project demonstration,"e bertino , s castano , e ferrari",sigmod conference,2001,"COL title VAL securing xml documents : the author-x project demonstration COL authors VAL e bertino , s castano , e ferrari COL venue VAL sigmod conference COL year VAL 2001"
680,real-time database - similarity semantics and resource scheduling,"t kuo , a mok",sigmod record,1996,"COL title VAL real-time database - similarity semantics and resource scheduling COL authors VAL t kuo , a mok COL venue VAL sigmod record COL year VAL 1996"
681,spartan : a model-based semantic compression system for massive data tables,"s babu , m garofalakis , r rastogi",sigmod conference,2001,"COL title VAL spartan : a model-based semantic compression system for massive data tables COL authors VAL s babu , m garofalakis , r rastogi COL venue VAL sigmod conference COL year VAL 2001"
682,improving timeliness in real-time secure database systems,"s son , r david , b thuraisingham",sigmod record,1996,"COL title VAL improving timeliness in real-time secure database systems COL authors VAL s son , r david , b thuraisingham COL venue VAL sigmod record COL year VAL 1996"
683,retina : a real-time traffic navigation system,"k lam , e chan , t kuo , s ng , d hung",sigmod conference,2001,"COL title VAL retina : a real-time traffic navigation system COL authors VAL k lam , e chan , t kuo , s ng , d hung COL venue VAL sigmod conference COL year VAL 2001"
684,overview of the stanford real-time information processor ( strip ),"b adelberg , b kao , h garcia-molina",sigmod record,1996,"COL title VAL overview of the stanford real-time information processor ( strip ) COL authors VAL b adelberg , b kao , h garcia-molina COL venue VAL sigmod record COL year VAL 1996"
685,space-efficient online computation of quantile summaries,"m greenwald , s khanna",sigmod conference,2001,"COL title VAL space-efficient online computation of quantile summaries COL authors VAL m greenwald , s khanna COL venue VAL sigmod conference COL year VAL 2001"
686,the nimble integration engine,"d draper , a halevy , d weld",sigmod conference,2001,"COL title VAL the nimble integration engine COL authors VAL d draper , a halevy , d weld COL venue VAL sigmod conference COL year VAL 2001"
687,temporal database bibliography update,"v tsotras , a kumar",sigmod record,1996,"COL title VAL temporal database bibliography update COL authors VAL v tsotras , a kumar COL venue VAL sigmod record COL year VAL 1996"
688,orthogonal optimization of subqueries and aggregation,"c galindo-legaria , m joshi",sigmod conference,2001,"COL title VAL orthogonal optimization of subqueries and aggregation COL authors VAL c galindo-legaria , m joshi COL venue VAL sigmod conference COL year VAL 2001"
689,workshop report : the first international workshop on active and real-time database systems ( artdb-95 ),,,1996,COL title VAL workshop report : the first international workshop on active and real-time database systems ( artdb-95 ) COL authors VAL  COL venue VAL  COL year VAL 1996
690,independence is good : dependency-based histogram synopses for high-dimensional data,"a deshpande , m garofalakis , r rastogi",sigmod conference,2001,"COL title VAL independence is good : dependency-based histogram synopses for high-dimensional data COL authors VAL a deshpande , m garofalakis , r rastogi COL venue VAL sigmod conference COL year VAL 2001"
691,integrating contents and structure in text retrieval,"r baeza-yates , g navarro",sigmod record,1996,"COL title VAL integrating contents and structure in text retrieval COL authors VAL r baeza-yates , g navarro COL venue VAL sigmod record COL year VAL 1996"
692,lifestreams : a storage model for personal data,"e freeman , d gelernter",sigmod record,1996,"COL title VAL lifestreams : a storage model for personal data COL authors VAL e freeman , d gelernter COL venue VAL sigmod record COL year VAL 1996"
693,progressive approximate aggregate queries with a multi-resolution tree structure,"i lazaridis , s mehrotra",sigmod conference,2001,"COL title VAL progressive approximate aggregate queries with a multi-resolution tree structure COL authors VAL i lazaridis , s mehrotra COL venue VAL sigmod conference COL year VAL 2001"
694,object query standards,a wade,sigmod record,1996,COL title VAL object query standards COL authors VAL a wade COL venue VAL sigmod record COL year VAL 1996
695,stholes : a multidimensional workload-aware histogram,"n bruno , s chaudhuri , l gravano",sigmod conference,2001,"COL title VAL stholes : a multidimensional workload-aware histogram COL authors VAL n bruno , s chaudhuri , l gravano COL venue VAL sigmod conference COL year VAL 2001"
696,database research at arizona state university,"s urban , s dietrich , f golshani",sigmod record,1996,"COL title VAL database research at arizona state university COL authors VAL s urban , s dietrich , f golshani COL venue VAL sigmod record COL year VAL 1996"
697,application servers : born-again tp monitors for the web ? ( panel abstract ),c mohan,sigmod conference,2001,COL title VAL application servers : born-again tp monitors for the web ? ( panel abstract ) COL authors VAL c mohan COL venue VAL sigmod conference COL year VAL 2001
698,illustra 's web datablade module,j gaffney,sigmod record,1996,COL title VAL illustra 's web datablade module COL authors VAL j gaffney COL venue VAL sigmod record COL year VAL 1996
699,proxy-server architectures for olap,"p kalnis , d papadias",sigmod conference,2001,"COL title VAL proxy-server architectures for olap COL authors VAL p kalnis , d papadias COL venue VAL sigmod conference COL year VAL 2001"
700,mqseries and cics link for lotus notes,,sigmod record,1996,COL title VAL mqseries and cics link for lotus notes COL authors VAL  COL venue VAL sigmod record COL year VAL 1996
701,efficient and effective metasearch for text databases incorporating linkages among documents,"c yu , w meng , w wu , k liu",sigmod conference,2001,"COL title VAL efficient and effective metasearch for text databases incorporating linkages among documents COL authors VAL c yu , w meng , w wu , k liu COL venue VAL sigmod conference COL year VAL 2001"
702,"shutdown , budget , and funding",x qian,sigmod record,1996,"COL title VAL shutdown , budget , and funding COL authors VAL x qian COL venue VAL sigmod record COL year VAL 1996"
703,query optimization in compressed database systems,"z chen , j gehrke , f korn",sigmod conference,2001,"COL title VAL query optimization in compressed database systems COL authors VAL z chen , j gehrke , f korn COL venue VAL sigmod conference COL year VAL 2001"
704,www-udk : a web-based environmental meta-information system,"r kramer , r nikolai , a koschel , c rolker , p lockemann , a keitel , r legat , k zirm",sigmod record,1997,"COL title VAL www-udk : a web-based environmental meta-information system COL authors VAL r kramer , r nikolai , a koschel , c rolker , p lockemann , a keitel , r legat , k zirm COL venue VAL sigmod record COL year VAL 1997"
705,main-memory index structures with fixed-size partial keys,"p bohannon , p mcilroy , r rastogi",sigmod conference,2001,"COL title VAL main-memory index structures with fixed-size partial keys COL authors VAL p bohannon , p mcilroy , r rastogi COL venue VAL sigmod conference COL year VAL 2001"
706,improving access to environmental data using context information,"a tomasic , e simon",sigmod record,1997,"COL title VAL improving access to environmental data using context information COL authors VAL a tomasic , e simon COL venue VAL sigmod record COL year VAL 1997"
707,the network is the database : data management for highly distributed systems,"j navas , m wynblatt",sigmod conference,2001,"COL title VAL the network is the database : data management for highly distributed systems COL authors VAL j navas , m wynblatt COL venue VAL sigmod conference COL year VAL 2001"
708,integrating modelling systems for environmental management information systems,"d abel , k taylor , d kuo",sigmod record,1997,"COL title VAL integrating modelling systems for environmental management information systems COL authors VAL d abel , k taylor , d kuo COL venue VAL sigmod record COL year VAL 1997"
709,outlier detection for high dimensional data,"c aggarwal , p yu",sigmod conference,2001,"COL title VAL outlier detection for high dimensional data COL authors VAL c aggarwal , p yu COL venue VAL sigmod conference COL year VAL 2001"
710,"storhouse metanoia - new applications for database , storage & data warehousing","f cariёo , p kostamaa , a kaufmann , j burgess",sigmod conference,2001,"COL title VAL storhouse metanoia - new applications for database , storage & data warehousing COL authors VAL f cariёo , p kostamaa , a kaufmann , j burgess COL venue VAL sigmod conference COL year VAL 2001"
711,environment information systems - guest editor 's foreword,,,1997,COL title VAL environment information systems - guest editor 's foreword COL authors VAL  COL venue VAL  COL year VAL 1997
712,min-max compression methods for medical image databases,"k karadimitriou , j tyler",sigmod record,1997,"COL title VAL min-max compression methods for medical image databases COL authors VAL k karadimitriou , j tyler COL venue VAL sigmod record COL year VAL 1997"
713,on supporting containment queries in relational database management systems,"c zhang , j naughton , d dewitt , q luo , g lohman",sigmod conference,2001,"COL title VAL on supporting containment queries in relational database management systems COL authors VAL c zhang , j naughton , d dewitt , q luo , g lohman COL venue VAL sigmod conference COL year VAL 2001"
714,improving index performance through prefetching,"s chen , p gibbons , t mowry",sigmod conference,2001,"COL title VAL improving index performance through prefetching COL authors VAL s chen , p gibbons , t mowry COL venue VAL sigmod conference COL year VAL 2001"
715,mediator languages - a proposal for a standard,"p buneman , l raschid , j ullman",sigmod record,1997,"COL title VAL mediator languages - a proposal for a standard COL authors VAL p buneman , l raschid , j ullman COL venue VAL sigmod record COL year VAL 1997"
716,materialized view and index selection tool for microsoft sql server 2000,"s agrawal , s chaudhuri , v narasayya",sigmod conference,2001,"COL title VAL materialized view and index selection tool for microsoft sql server 2000 COL authors VAL s agrawal , s chaudhuri , v narasayya COL venue VAL sigmod conference COL year VAL 2001"
717,open gis and on-line environmental libraries,k gardels,sigmod record,1997,COL title VAL open gis and on-line environmental libraries COL authors VAL k gardels COL venue VAL sigmod record COL year VAL 1997
718,management of data and services in the environmental information system ( uis ) of baden-wќrttemberg,"w riekert , r mayer-fіll , g wiest",sigmod record,1997,"COL title VAL management of data and services in the environmental information system ( uis ) of baden-wќrttemberg COL authors VAL w riekert , r mayer-fіll , g wiest COL venue VAL sigmod record COL year VAL 1997"
719,\ kweelt : more than just \ '' \ `` yet another framework to query xml ! \ '' \ '' \ '' '',a sahuguet,sigmod conference,2001,COL title VAL \ kweelt : more than just \ '' \ `` yet another framework to query xml ! \ '' \ '' \ '' '' COL authors VAL a sahuguet COL venue VAL sigmod conference COL year VAL 2001
720,dynamic information visualization,y ioannidis,sigmod record,1996,COL title VAL dynamic information visualization COL authors VAL y ioannidis COL venue VAL sigmod record COL year VAL 1996
721,selectivity estimation using probabilistic models,"l getoor , b taskar , d koller",sigmod conference,2001,"COL title VAL selectivity estimation using probabilistic models COL authors VAL l getoor , b taskar , d koller COL venue VAL sigmod conference COL year VAL 2001"
722,"a response to r. camps ' article `` domains , relations and religious wars ''",c date,sigmod record,1996,"COL title VAL a response to r. camps ' article `` domains , relations and religious wars '' COL authors VAL c date COL venue VAL sigmod record COL year VAL 1996"
723,prefer : a system for the efficient execution of multi-parametric ranked queries,"v hristidis , n koudas , y papakonstantinou",sigmod conference,2001,"COL title VAL prefer : a system for the efficient execution of multi-parametric ranked queries COL authors VAL v hristidis , n koudas , y papakonstantinou COL venue VAL sigmod conference COL year VAL 2001"
724,opportunities in information management and assurance,x qian,sigmod record,1997,COL title VAL opportunities in information management and assurance COL authors VAL x qian COL venue VAL sigmod record COL year VAL 1997
725,mining needle in a haystack : classifying rare classes via two-phase rule induction,"m joshi , r agarwal",sigmod conference,2001,"COL title VAL mining needle in a haystack : classifying rare classes via two-phase rule induction COL authors VAL m joshi , r agarwal COL venue VAL sigmod conference COL year VAL 2001"
726,query previews for networked information systems : a case study with nasa environmental data,"k doan , c plaisant , b shneiderman , t bruns",sigmod record,1997,"COL title VAL query previews for networked information systems : a case study with nasa environmental data COL authors VAL k doan , c plaisant , b shneiderman , t bruns COL venue VAL sigmod record COL year VAL 1997"
727,"probe , count , and classify : categorizing hidden web databases","p ipeirotis , l gravano , m sahami",sigmod conference,2001,"COL title VAL probe , count , and classify : categorizing hidden web databases COL authors VAL p ipeirotis , l gravano , m sahami COL venue VAL sigmod conference COL year VAL 2001"
728,iceberg-cube computation with pc clusters,"r ng , a wagner , y yin",sigmod conference,2001,"COL title VAL iceberg-cube computation with pc clusters COL authors VAL r ng , a wagner , y yin COL venue VAL sigmod conference COL year VAL 2001"
729,an orthogonally persistent java,"m atkinson , l daynшs , m jordan , t printezis , s spence",sigmod record,1996,"COL title VAL an orthogonally persistent java COL authors VAL m atkinson , l daynшs , m jordan , t printezis , s spence COL venue VAL sigmod record COL year VAL 1996"
730,reconciling schemas of disparate data sources : a machine-learning approach,"a doan , p domingos , a halevy",sigmod conference,2001,"COL title VAL reconciling schemas of disparate data sources : a machine-learning approach COL authors VAL a doan , p domingos , a halevy COL venue VAL sigmod conference COL year VAL 2001"
731,3d geographic network displays,"k cox , s eick , t he",sigmod record,1996,"COL title VAL 3d geographic network displays COL authors VAL k cox , s eick , t he COL venue VAL sigmod record COL year VAL 1996"
732,locally adaptive dimensionality reduction for indexing large time series databases,"e keogh , k chakrabarti , s mehrotra , m pazzani",sigmod conference,2001,"COL title VAL locally adaptive dimensionality reduction for indexing large time series databases COL authors VAL e keogh , k chakrabarti , s mehrotra , m pazzani COL venue VAL sigmod conference COL year VAL 2001"
733,applying database visualization to the world wide web,"m hasan , a mendelzon , d vista",sigmod record,1996,"COL title VAL applying database visualization to the world wide web COL authors VAL m hasan , a mendelzon , d vista COL venue VAL sigmod record COL year VAL 1996"
734,a framework for information visualisation,"j kennedy , k mitchell , p barclay",sigmod record,1996,"COL title VAL a framework for information visualisation COL authors VAL j kennedy , k mitchell , p barclay COL venue VAL sigmod record COL year VAL 1996"
735,time series similarity measures and time series indexing,,,2001,COL title VAL time series similarity measures and time series indexing COL authors VAL  COL venue VAL  COL year VAL 2001
736,vqbd : exploring semistructured data,"s chawathe , t baby , j yeo",sigmod conference,2001,"COL title VAL vqbd : exploring semistructured data COL authors VAL s chawathe , t baby , j yeo COL venue VAL sigmod conference COL year VAL 2001"
737,the aggregate data problem : a system for their definition and management,"m rafanelli , a bezenchek , l tininini",sigmod record,1996,"COL title VAL the aggregate data problem : a system for their definition and management COL authors VAL m rafanelli , a bezenchek , l tininini COL venue VAL sigmod record COL year VAL 1996"
738,models and languages for describing and discovering e-services,,,2001,COL title VAL models and languages for describing and discovering e-services COL authors VAL  COL venue VAL  COL year VAL 2001
739,"information visualization , guest editors ' foreword",,,1996,"COL title VAL information visualization , guest editors ' foreword COL authors VAL  COL venue VAL  COL year VAL 1996"
740,lots o ' ticks : real-time high performance time series queries on billions of trades and quotes,"a whitney , d shasha",sigmod conference,2001,"COL title VAL lots o ' ticks : real-time high performance time series queries on billions of trades and quotes COL authors VAL a whitney , d shasha COL venue VAL sigmod conference COL year VAL 2001"
741,editor 's notes,jennifer widom,sigmod record,1996,COL title VAL editor 's notes COL authors VAL jennifer widom COL venue VAL sigmod record COL year VAL 1996
742,"in reply to domains , relations and religious wars",h darwen,sigmod record,1996,"COL title VAL in reply to domains , relations and religious wars COL authors VAL h darwen COL venue VAL sigmod record COL year VAL 1996"
743,spatial data management for computer aided design,"h kriegel , a mќller , m pіtke , t seidl",sigmod conference,2001,"COL title VAL spatial data management for computer aided design COL authors VAL h kriegel , a mќller , m pіtke , t seidl COL venue VAL sigmod conference COL year VAL 2001"
744,monitoring business processes through event correlation based on dependency model,"a adi , d botzer , o etzion , t yatzkar-haham",sigmod conference,2001,"COL title VAL monitoring business processes through event correlation based on dependency model COL authors VAL a adi , d botzer , o etzion , t yatzkar-haham COL venue VAL sigmod conference COL year VAL 2001"
745,pixel-oriented database visualizations,d keim,sigmod record,1996,COL title VAL pixel-oriented database visualizations COL authors VAL d keim COL venue VAL sigmod record COL year VAL 1996
746,minimization of tree pattern queries,"s amer-yahia , s cho , l lakshmanan , d srivastava",sigmod conference,2001,"COL title VAL minimization of tree pattern queries COL authors VAL s amer-yahia , s cho , l lakshmanan , d srivastava COL venue VAL sigmod conference COL year VAL 2001"
747,to table or not to table : a hypertabular answer,"g santucci , l tarantino",sigmod record,1996,"COL title VAL to table or not to table : a hypertabular answer COL authors VAL g santucci , l tarantino COL venue VAL sigmod record COL year VAL 1996"
748,using the golden rule of sampling for query estimation,"y wu , d agrawal , a abbadi",sigmod conference,2001,"COL title VAL using the golden rule of sampling for query estimation COL authors VAL y wu , d agrawal , a abbadi COL venue VAL sigmod conference COL year VAL 2001"
749,incremental data structures and algorithms for dynamic query interfaces,"e tanin , r beigel , b shneiderman",sigmod record,1996,"COL title VAL incremental data structures and algorithms for dynamic query interfaces COL authors VAL e tanin , r beigel , b shneiderman COL venue VAL sigmod record COL year VAL 1996"
750,on computing correlated aggregates over continual data streams,"j gehrke , f korn , d srivastava",sigmod conference,2001,"COL title VAL on computing correlated aggregates over continual data streams COL authors VAL j gehrke , f korn , d srivastava COL venue VAL sigmod conference COL year VAL 2001"
751,spotfire : an information exploration environment,c ahlberg,sigmod record,1996,COL title VAL spotfire : an information exploration environment COL authors VAL c ahlberg COL venue VAL sigmod record COL year VAL 1996
752,new standard for stored procedures in sql,a eisenberg,sigmod record,1996,COL title VAL new standard for stored procedures in sql COL authors VAL a eisenberg COL venue VAL sigmod record COL year VAL 1996
753,finding generalized projected clusters in high dimensional spaces,"c aggarwal , p yu",sigmod conference,2000,"COL title VAL finding generalized projected clusters in high dimensional spaces COL authors VAL c aggarwal , p yu COL venue VAL sigmod conference COL year VAL 2000"
754,"tcp-d - the challenges , issues and results",r bhashyam,sigmod record,1996,"COL title VAL tcp-d - the challenges , issues and results COL authors VAL r bhashyam COL venue VAL sigmod record COL year VAL 1996"
755,density biased sampling : an improved method for data mining and clustering,"c palmer , c faloutsos",sigmod conference,2000,"COL title VAL density biased sampling : an improved method for data mining and clustering COL authors VAL c palmer , c faloutsos COL venue VAL sigmod conference COL year VAL 2000"
756,high speed on-line backup when using logical log operations,d lomet,sigmod conference,2000,COL title VAL high speed on-line backup when using logical log operations COL authors VAL d lomet COL venue VAL sigmod conference COL year VAL 2000
757,report from the nsf workshop on workflow and process automation in information systems,,,1996,COL title VAL report from the nsf workshop on workflow and process automation in information systems COL authors VAL  COL venue VAL  COL year VAL 1996
758,the mariposa distributed database management system,j sidell,sigmod record,1996,COL title VAL the mariposa distributed database management system COL authors VAL j sidell COL venue VAL sigmod record COL year VAL 1996
759,efficient resumption of interrupted warehouse loads,"w labio , j wiener , h garcia-molina , v gorelik",sigmod conference,2000,"COL title VAL efficient resumption of interrupted warehouse loads COL authors VAL w labio , j wiener , h garcia-molina , v gorelik COL venue VAL sigmod conference COL year VAL 2000"
760,"domains , relations and religious wars",r camps,sigmod record,1996,"COL title VAL domains , relations and religious wars COL authors VAL r camps COL venue VAL sigmod record COL year VAL 1996"
761,the prototype of the dare system,"t catarci , g santucci",sigmod conference,2001,"COL title VAL the prototype of the dare system COL authors VAL t catarci , g santucci COL venue VAL sigmod conference COL year VAL 2001"
762,guidelines for presentation and comparison of indexing techniques,"j zobel , a moffat , k ramamohanarao",sigmod record,1996,"COL title VAL guidelines for presentation and comparison of indexing techniques COL authors VAL j zobel , a moffat , k ramamohanarao COL venue VAL sigmod record COL year VAL 1996"
763,pbir - perception-based image retrieval,"e chang , t cheng , l chang",sigmod conference,2001,"COL title VAL pbir - perception-based image retrieval COL authors VAL e chang , t cheng , l chang COL venue VAL sigmod conference COL year VAL 2001"
764,will database researchers have any role in data security ? ( panel abstract ),a rosenthal,sigmod conference,2001,COL title VAL will database researchers have any role in data security ? ( panel abstract ) COL authors VAL a rosenthal COL venue VAL sigmod conference COL year VAL 2001
765,new programs at darpa and nsf,x qian,sigmod record,1996,COL title VAL new programs at darpa and nsf COL authors VAL x qian COL venue VAL sigmod record COL year VAL 1996
766,monitoring xml data on the web,"b nguyen , s abiteboul , g cobena , m preda",sigmod conference,2001,"COL title VAL monitoring xml data on the web COL authors VAL b nguyen , s abiteboul , g cobena , m preda COL venue VAL sigmod conference COL year VAL 2001"
767,editor 's notes,j widom,sigmod record,1996,COL title VAL editor 's notes COL authors VAL j widom COL venue VAL sigmod record COL year VAL 1996
768,finding replicated web collections,"j cho , n shivakumar , h garcia-molina",sigmod conference,2000,"COL title VAL finding replicated web collections COL authors VAL j cho , n shivakumar , h garcia-molina COL venue VAL sigmod conference COL year VAL 2000"
769,a comparison of three user interfaces to relational microcomputer data bases,"c medsker , m christensen , i song",sigmod record,1995,"COL title VAL a comparison of three user interfaces to relational microcomputer data bases COL authors VAL c medsker , m christensen , i song COL venue VAL sigmod record COL year VAL 1995"
770,efficient and cost-effective techniques for browsing and indexing large video databases,"j oh , k hua",sigmod conference,2000,"COL title VAL efficient and cost-effective techniques for browsing and indexing large video databases COL authors VAL j oh , k hua COL venue VAL sigmod conference COL year VAL 2000"
771,editor 's ( farewell ) notes,,,1995,COL title VAL editor 's ( farewell ) notes COL authors VAL  COL venue VAL  COL year VAL 1995
772,efficient algorithms for mining outliers from large data sets,"s ramaswamy , r rastogi , k shim",sigmod conference,2000,"COL title VAL efficient algorithms for mining outliers from large data sets COL authors VAL s ramaswamy , r rastogi , k shim COL venue VAL sigmod conference COL year VAL 2000"
773,implementation aspects of an object-oriented dbms,"a dogac , m altinel , c ozkan , i durusoy",sigmod record,1995,"COL title VAL implementation aspects of an object-oriented dbms COL authors VAL a dogac , m altinel , c ozkan , i durusoy COL venue VAL sigmod record COL year VAL 1995"
774,hodfa : an architectural framework for homogenizing heterogeneous legacy database,"k karlapalem , q li , c shum",sigmod record,1995,"COL title VAL hodfa : an architectural framework for homogenizing heterogeneous legacy database COL authors VAL k karlapalem , q li , c shum COL venue VAL sigmod record COL year VAL 1995"
775,designing and mining multi-terabyte astronomy archives : the sloan digital sky survey,"a szalay , p kunszt , a thakar , j gray , d slutz",sigmod conference,2000,"COL title VAL designing and mining multi-terabyte astronomy archives : the sloan digital sky survey COL authors VAL a szalay , p kunszt , a thakar , j gray , d slutz COL venue VAL sigmod conference COL year VAL 2000"
776,approximating multi-dimensional aggregate range queries over real attributes,"d gunopulos , g kollios , v tsotras , c domeniconi",sigmod conference,2000,"COL title VAL approximating multi-dimensional aggregate range queries over real attributes COL authors VAL d gunopulos , g kollios , v tsotras , c domeniconi COL venue VAL sigmod conference COL year VAL 2000"
777,a close look at the ifo data model,m hanna,sigmod record,1995,COL title VAL a close look at the ifo data model COL authors VAL m hanna COL venue VAL sigmod record COL year VAL 1995
778,an annotated bibliography of benchmarks for object databases,a chaudhri,sigmod record,1995,COL title VAL an annotated bibliography of benchmarks for object databases COL authors VAL a chaudhri COL venue VAL sigmod record COL year VAL 1995
779,congressional samples for approximate answering of group-by queries,"s acharya , p gibbons , v poosala",sigmod conference,2000,"COL title VAL congressional samples for approximate answering of group-by queries COL authors VAL s acharya , p gibbons , v poosala COL venue VAL sigmod conference COL year VAL 2000"
780,"counting , enumerating , and sampling of execution plans in a cost-based query optimizer","f waas , c galindo-legaria",sigmod conference,2000,"COL title VAL counting , enumerating , and sampling of execution plans in a cost-based query optimizer COL authors VAL f waas , c galindo-legaria COL venue VAL sigmod conference COL year VAL 2000"
781,an annotated bibliography on active databases,"u jaeger , j freytag",sigmod record,1995,"COL title VAL an annotated bibliography on active databases COL authors VAL u jaeger , j freytag COL venue VAL sigmod record COL year VAL 1995"
782,benchmarking queries over trees : learning the hard truth the hard way,"f wattez , s cluet , v benzaken , g ferran , c fiegel",sigmod conference,2000,"COL title VAL benchmarking queries over trees : learning the hard truth the hard way COL authors VAL f wattez , s cluet , v benzaken , g ferran , c fiegel COL venue VAL sigmod conference COL year VAL 2000"
783,acm multimedia '94 conference workshop on multimedia database management systems,"p berra , k nwosu , b thuraisingham",sigmod record,1995,"COL title VAL acm multimedia '94 conference workshop on multimedia database management systems COL authors VAL p berra , k nwosu , b thuraisingham COL venue VAL sigmod record COL year VAL 1995"
784,answering complex sql queries using automatic summary tables,"m zaharioudakis , r cochrane , g lapis , h pirahesh , m urata",sigmod conference,2000,"COL title VAL answering complex sql queries using automatic summary tables COL authors VAL m zaharioudakis , r cochrane , g lapis , h pirahesh , m urata COL venue VAL sigmod conference COL year VAL 2000"
785,information finding in a digital library : the stanford perspective,"t yan , h garcia-molina",sigmod record,1995,"COL title VAL information finding in a digital library : the stanford perspective COL authors VAL t yan , h garcia-molina COL venue VAL sigmod record COL year VAL 1995"
786,"turmoil at nasa , and numerous funding announcements",x qian,sigmod record,1995,"COL title VAL turmoil at nasa , and numerous funding announcements COL authors VAL x qian COL venue VAL sigmod record COL year VAL 1995"
787,closest pair queries in spatial databases,"a corral , y manolopoulos , y theodoridis , m vassilakopoulos",sigmod conference,2000,"COL title VAL closest pair queries in spatial databases COL authors VAL a corral , y manolopoulos , y theodoridis , m vassilakopoulos COL venue VAL sigmod conference COL year VAL 2000"
788,efficient and extensible algorithms for multi query optimization,"p roy , s seshadri , s sudarshan , s bhobe",sigmod conference,2000,"COL title VAL efficient and extensible algorithms for multi query optimization COL authors VAL p roy , s seshadri , s sudarshan , s bhobe COL venue VAL sigmod conference COL year VAL 2000"
789,why decision support fails and how to fix it,"r kimball , k strehlo",sigmod record,1995,"COL title VAL why decision support fails and how to fix it COL authors VAL r kimball , k strehlo COL venue VAL sigmod record COL year VAL 1995"
790,application of oodb and sgml techniques in text database : an electronic dictionary system,j zhang,sigmod record,1995,COL title VAL application of oodb and sgml techniques in text database : an electronic dictionary system COL authors VAL j zhang COL venue VAL sigmod record COL year VAL 1995
791,eddies : continuously adaptive query processing,"r avnur , j hellerstein",sigmod conference,2000,"COL title VAL eddies : continuously adaptive query processing COL authors VAL r avnur , j hellerstein COL venue VAL sigmod conference COL year VAL 2000"
792,normalization in oodb design,b lee,sigmod record,1995,COL title VAL normalization in oodb design COL authors VAL b lee COL venue VAL sigmod record COL year VAL 1995
793,a chase too far ?,"l popa , a deutsch , a sahuguet , v tannen",sigmod conference,2000,"COL title VAL a chase too far ? COL authors VAL l popa , a deutsch , a sahuguet , v tannen COL venue VAL sigmod conference COL year VAL 2000"
794,on the issue of valid time ( s ) in temporal databases,"s kokkotos , e ioannidis , t panayiotopoulos , c spyropoulos",sigmod record,1995,"COL title VAL on the issue of valid time ( s ) in temporal databases COL authors VAL s kokkotos , e ioannidis , t panayiotopoulos , c spyropoulos COL venue VAL sigmod record COL year VAL 1995"
795,a framework for expressing and combining preferences,"r agrawal , e wimmers",sigmod conference,2000,"COL title VAL a framework for expressing and combining preferences COL authors VAL r agrawal , e wimmers COL venue VAL sigmod conference COL year VAL 2000"
796,addressing techniques used in database object managers o2 and orion,"a gamache , n sahraoui",sigmod record,1995,"COL title VAL addressing techniques used in database object managers o2 and orion COL authors VAL a gamache , n sahraoui COL venue VAL sigmod record COL year VAL 1995"
797,a data model and data structures for moving objects databases,"l forlizzi , r gќting , e nardelli , m schneider",sigmod conference,2000,"COL title VAL a data model and data structures for moving objects databases COL authors VAL l forlizzi , r gќting , e nardelli , m schneider COL venue VAL sigmod conference COL year VAL 2000"
798,metu interoperable database system,"a dogac , c dengi , e kilic , g жzhan , f ozcan , s nural , c evrendilek , u halici , i arpinar , p koksal , n kesim , s mancuhan",sigmod record,1995,"COL title VAL metu interoperable database system COL authors VAL a dogac , c dengi , e kilic , g жzhan , f ozcan , s nural , c evrendilek , u halici , i arpinar , p koksal , n kesim , s mancuhan COL venue VAL sigmod record COL year VAL 1995"
799,adaptive multi-stage distance join processing,"h shin , b moon , s lee",sigmod conference,2000,"COL title VAL adaptive multi-stage distance join processing COL authors VAL h shin , b moon , s lee COL venue VAL sigmod conference COL year VAL 2000"
800,aqr-toolkit : an adaptive query routing middleware for distributed data intensive systems,"l liu , c pu , d buttler , w han , h paques , w tang",sigmod conference,2000,"COL title VAL aqr-toolkit : an adaptive query routing middleware for distributed data intensive systems COL authors VAL l liu , c pu , d buttler , w han , h paques , w tang COL venue VAL sigmod conference COL year VAL 2000"
801,metadata for digital media : introduction to the special issue,"w klas , a sheth",sigmod record,1994,"COL title VAL metadata for digital media : introduction to the special issue COL authors VAL w klas , a sheth COL venue VAL sigmod record COL year VAL 1994"
802,\ are the terms \ '' \ `` version \ '' \ '' and \ '' \ `` variant \ '' \ '' orthogonal to one another ? a critical assessment of the step standardization \ '' '',h wedekind,sigmod record,1994,COL title VAL \ are the terms \ '' \ `` version \ '' \ '' and \ '' \ `` variant \ '' \ '' orthogonal to one another ? a critical assessment of the step standardization \ '' '' COL authors VAL h wedekind COL venue VAL sigmod record COL year VAL 1994
803,a goal-driven auto-configuration tool for the distributed workflow management system mentor-lite,"m gillmann , j weiпenfels , g shegalov , w wonner , g weikum",sigmod conference,2000,"COL title VAL a goal-driven auto-configuration tool for the distributed workflow management system mentor-lite COL authors VAL m gillmann , j weiпenfels , g shegalov , w wonner , g weikum COL venue VAL sigmod conference COL year VAL 2000"
804,"proceedings of the 2000 acm sigmod international conference on management of data , may 16-18 , 2000 , dallas , texas , usa",,,2000,"COL title VAL proceedings of the 2000 acm sigmod international conference on management of data , may 16-18 , 2000 , dallas , texas , usa COL authors VAL  COL venue VAL  COL year VAL 2000"
805,metadata in video databases,"r jain , a hampapur",sigmod record,1994,"COL title VAL metadata in video databases COL authors VAL r jain , a hampapur COL venue VAL sigmod record COL year VAL 1994"
806,metadata for multimedia documents,"k bіhm , t rakow",sigmod record,1994,"COL title VAL metadata for multimedia documents COL authors VAL k bіhm , t rakow COL venue VAL sigmod record COL year VAL 1994"
807,disima : a distributed and interoperable image database system,"v oria , m жzsu , p iglinski , s lin , b yao",sigmod conference,2000,"COL title VAL disima : a distributed and interoperable image database system COL authors VAL v oria , m жzsu , p iglinski , s lin , b yao COL venue VAL sigmod conference COL year VAL 2000"
808,data mining on an oltp system ( nearly ) for free,"e riedel , c faloutsos , g ganger , d nagle",sigmod conference,2000,"COL title VAL data mining on an oltp system ( nearly ) for free COL authors VAL e riedel , c faloutsos , g ganger , d nagle COL venue VAL sigmod conference COL year VAL 2000"
809,a new join algorithm,"d shin , a meltzer",sigmod record,1994,"COL title VAL a new join algorithm COL authors VAL d shin , a meltzer COL venue VAL sigmod record COL year VAL 1994"
810,mining frequent patterns without candidate generation,"j han , j pei , y yin",sigmod conference,2000,"COL title VAL mining frequent patterns without candidate generation COL authors VAL j han , j pei , y yin COL venue VAL sigmod conference COL year VAL 2000"
811,data modelling in the large,m bertram,sigmod record,1994,COL title VAL data modelling in the large COL authors VAL m bertram COL venue VAL sigmod record COL year VAL 1994
812,editor 's notes and erratum,,,1994,COL title VAL editor 's notes and erratum COL authors VAL  COL venue VAL  COL year VAL 1994
813,on-line reorganization in object databases,"m lakhamraju , r rastogi , s seshadri , s sudarshan",sigmod conference,2000,"COL title VAL on-line reorganization in object databases COL authors VAL m lakhamraju , r rastogi , s seshadri , s sudarshan COL venue VAL sigmod conference COL year VAL 2000"
814,turbo-charging vertical mining of large databases,"p shenoy , j haritsa , s sudarshan , g bhalotia , m bawa , d shah",sigmod conference,2000,"COL title VAL turbo-charging vertical mining of large databases COL authors VAL p shenoy , j haritsa , s sudarshan , g bhalotia , m bawa , d shah COL venue VAL sigmod conference COL year VAL 2000"
815,a metadatabase system for semantic image search by a mathematical model of meaning,"y kiyoki , t kitagawa , t hayama",sigmod record,1994,"COL title VAL a metadatabase system for semantic image search by a mathematical model of meaning COL authors VAL y kiyoki , t kitagawa , t hayama COL venue VAL sigmod record COL year VAL 1994"
816,trade press news,,,1995,COL title VAL trade press news COL authors VAL  COL venue VAL  COL year VAL 1995
817,dlfm : a transactional resource manager,"h hsiao , i narang",sigmod conference,2000,"COL title VAL dlfm : a transactional resource manager COL authors VAL h hsiao , i narang COL venue VAL sigmod conference COL year VAL 2000"
818,the database group at university of hagen ( fernuniversitaet ),"g schlageter , t berkel , e heuel , s mittrach , a scherer , w wilkes",sigmod record,1995,"COL title VAL the database group at university of hagen ( fernuniversitaet ) COL authors VAL g schlageter , t berkel , e heuel , s mittrach , a scherer , w wilkes COL venue VAL sigmod record COL year VAL 1995"
819,expressing business rules,r ross,sigmod conference,2000,COL title VAL expressing business rules COL authors VAL r ross COL venue VAL sigmod conference COL year VAL 2000
820,anatomy of a real e-commerce system,a jhingran,sigmod conference,2000,COL title VAL anatomy of a real e-commerce system COL authors VAL a jhingran COL venue VAL sigmod conference COL year VAL 2000
821,calls for papers and announcements,,sigmod record,1995,COL title VAL calls for papers and announcements COL authors VAL  COL venue VAL sigmod record COL year VAL 1995
822,handling very large databases with informix extended parallel server,a weininger,sigmod conference,2000,COL title VAL handling very large databases with informix extended parallel server COL authors VAL a weininger COL venue VAL sigmod conference COL year VAL 2000
823,political winds change direction again,x qian,sigmod record,1995,COL title VAL political winds change direction again COL authors VAL x qian COL venue VAL sigmod record COL year VAL 1995
824,fact : a learning based web query processing system,"s chen , y diao , h lu , z tian",sigmod conference,2000,"COL title VAL fact : a learning based web query processing system COL authors VAL s chen , y diao , h lu , z tian COL venue VAL sigmod conference COL year VAL 2000"
825,implementing deletion in b + - trees,j jannink,sigmod record,1995,COL title VAL implementing deletion in b + - trees COL authors VAL j jannink COL venue VAL sigmod record COL year VAL 1995
826,multigranularity locking in multiple job classes transaction processing system,"s ng , s hung",sigmod record,1995,"COL title VAL multigranularity locking in multiple job classes transaction processing system COL authors VAL s ng , s hung COL venue VAL sigmod record COL year VAL 1995"
827,an approximate search engine for structural databases,"j wang , x wang , d shasha , b shapiro , k zhang , x zheng , q ma , z weinberg",sigmod conference,2000,"COL title VAL an approximate search engine for structural databases COL authors VAL j wang , x wang , d shasha , b shapiro , k zhang , x zheng , q ma , z weinberg COL venue VAL sigmod conference COL year VAL 2000"
828,concept based design of data warehouses : the dwq demonstrators,"m jarke , c quix , d calvanese , m lenzerini , e franconi , s ligoudistianos , p vassiliadis , y vassiliou",sigmod conference,2000,"COL title VAL concept based design of data warehouses : the dwq demonstrators COL authors VAL m jarke , c quix , d calvanese , m lenzerini , e franconi , s ligoudistianos , p vassiliadis , y vassiliou COL venue VAL sigmod conference COL year VAL 2000"
829,information systems research at rwth aachen,m jarke,sigmod record,1995,COL title VAL information systems research at rwth aachen COL authors VAL m jarke COL venue VAL sigmod record COL year VAL 1995
830,ajax : an extensible data cleaning tool,"h galhardas , d florescu , d shasha , e simon",sigmod conference,2000,"COL title VAL ajax : an extensible data cleaning tool COL authors VAL h galhardas , d florescu , d shasha , e simon COL venue VAL sigmod conference COL year VAL 2000"
831,the third manifesto,"h darwen , c date",sigmod record,1995,"COL title VAL the third manifesto COL authors VAL h darwen , c date COL venue VAL sigmod record COL year VAL 1995"
832,lh * rs : a high-availability scalable distributed data structure using reed solomon codes,"w litwin , t schwarz",sigmod conference,2000,"COL title VAL lh * rs : a high-availability scalable distributed data structure using reed solomon codes COL authors VAL w litwin , t schwarz COL venue VAL sigmod conference COL year VAL 2000"
833,the database group at national technical university of athens ( ntua ),"t sellis , y vassiliou",sigmod record,1995,"COL title VAL the database group at national technical university of athens ( ntua ) COL authors VAL t sellis , y vassiliou COL venue VAL sigmod record COL year VAL 1995"
834,"opportunities at arpa , nsf , and elsewhere",x qian,sigmod record,1995,"COL title VAL opportunities at arpa , nsf , and elsewhere COL authors VAL x qian COL venue VAL sigmod record COL year VAL 1995"
835,wsq/dsq : a practical approach for combined querying of databases and the web,"r goldman , j widom",sigmod conference,2000,"COL title VAL wsq/dsq : a practical approach for combined querying of databases and the web COL authors VAL r goldman , j widom COL venue VAL sigmod conference COL year VAL 2000"
836,parallelism and its price : a case study of nonstop sql/mp,"s englert , r glasstone , w hasan",sigmod record,1995,"COL title VAL parallelism and its price : a case study of nonstop sql/mp COL authors VAL s englert , r glasstone , w hasan COL venue VAL sigmod record COL year VAL 1995"
837,mocha : a self-extensible database middleware system for distributed data sources,"m rodriguez-martinez , n roussopoulos",sigmod conference,2000,"COL title VAL mocha : a self-extensible database middleware system for distributed data sources COL authors VAL m rodriguez-martinez , n roussopoulos COL venue VAL sigmod conference COL year VAL 2000"
838,sql/cli - a new binding style for sql,"m venkatrao , m pizzo",sigmod record,1995,"COL title VAL sql/cli - a new binding style for sql COL authors VAL m venkatrao , m pizzo COL venue VAL sigmod record COL year VAL 1995"
839,towards self-tuning data placement in parallel database systems,"m lee , m kitsuregawa , b ooi , k tan , a mondal",sigmod conference,2000,"COL title VAL towards self-tuning data placement in parallel database systems COL authors VAL m lee , m kitsuregawa , b ooi , k tan , a mondal COL venue VAL sigmod conference COL year VAL 2000"
840,report on the 1995 international workshop on temporal databases,,,1995,COL title VAL report on the 1995 international workshop on temporal databases COL authors VAL  COL venue VAL  COL year VAL 1995
841,webview materialization,"a labrinidis , n roussopoulos",sigmod conference,2000,"COL title VAL webview materialization COL authors VAL a labrinidis , n roussopoulos COL venue VAL sigmod conference COL year VAL 2000"
842,temporal database system implementations,m bіhlen,sigmod record,1995,COL title VAL temporal database system implementations COL authors VAL m bіhlen COL venue VAL sigmod record COL year VAL 1995
843,niagaracq : a scalable continuous query system for internet databases,"j chen , d dewitt , f tian , y wang",sigmod conference,2000,"COL title VAL niagaracq : a scalable continuous query system for internet databases COL authors VAL j chen , d dewitt , f tian , y wang COL venue VAL sigmod conference COL year VAL 2000"
844,view maintenance in mobile computing,"o wolfson , a sistla , s dao , k narayanan , r raj",sigmod record,1995,"COL title VAL view maintenance in mobile computing COL authors VAL o wolfson , a sistla , s dao , k narayanan , r raj COL venue VAL sigmod record COL year VAL 1995"
845,terraserver : a spatial data warehouse,"t barclay , d slutz , j gray",sigmod conference,2000,"COL title VAL terraserver : a spatial data warehouse COL authors VAL t barclay , d slutz , j gray COL venue VAL sigmod conference COL year VAL 2000"
846,indexing the positions of continuously moving objects,"s saltenis , c jensen , s leutenegger , m lopez",sigmod conference,2000,"COL title VAL indexing the positions of continuously moving objects COL authors VAL s saltenis , c jensen , s leutenegger , m lopez COL venue VAL sigmod conference COL year VAL 2000"
847,managing video data in a mobile environment,"r alonso , y chang , l iftode , v mani",sigmod record,1995,"COL title VAL managing video data in a mobile environment COL authors VAL r alonso , y chang , l iftode , v mani COL venue VAL sigmod record COL year VAL 1995"
848,how to roll a join : asynchronous incremental view maintenance,"k salem , k beyer , r cochrane , b lindsay",sigmod conference,2000,"COL title VAL how to roll a join : asynchronous incremental view maintenance COL authors VAL k salem , k beyer , r cochrane , b lindsay COL venue VAL sigmod conference COL year VAL 2000"
849,mobile computing and databases : anything new ?,"m dunham , a helal",sigmod record,1995,"COL title VAL mobile computing and databases : anything new ? COL authors VAL m dunham , a helal COL venue VAL sigmod record COL year VAL 1995"
850,wireless client/server computing for personal information services and applications,"a elmagarmid , j jing , t furukawa",sigmod record,1995,"COL title VAL wireless client/server computing for personal information services and applications COL authors VAL a elmagarmid , j jing , t furukawa COL venue VAL sigmod record COL year VAL 1995"
851,on wrapping query languages and efficient xml integration,"v christophides , s cluet , j simщon",sigmod conference,2000,"COL title VAL on wrapping query languages and efficient xml integration COL authors VAL v christophides , s cluet , j simщon COL venue VAL sigmod conference COL year VAL 2000"
852,data and knowledge base research at hong kong university of science and technology,"p drew , b hamidzadeh , k karlapalem , a kean , d lee , q li , f lochovsky , c shum , b wќthrich",sigmod record,1995,"COL title VAL data and knowledge base research at hong kong university of science and technology COL authors VAL p drew , b hamidzadeh , k karlapalem , a kean , d lee , q li , f lochovsky , c shum , b wќthrich COL venue VAL sigmod record COL year VAL 1995"
853,lof : identifying density-based local outliers,"m breunig , h kriegel , r ng , j sander",sigmod conference,2000,"COL title VAL lof : identifying density-based local outliers COL authors VAL m breunig , h kriegel , r ng , j sander COL venue VAL sigmod conference COL year VAL 2000"
854,synchronizing a database to improve freshness,"j cho , h garcia-molina",sigmod conference,2000,"COL title VAL synchronizing a database to improve freshness COL authors VAL j cho , h garcia-molina COL venue VAL sigmod conference COL year VAL 2000"
855,from the guest editors - special section on data management issues in mobile computing,"m dunham , a helal",,1995,"COL title VAL from the guest editors - special section on data management issues in mobile computing COL authors VAL m dunham , a helal COL venue VAL  COL year VAL 1995"
856,digital library services in mobile computing,"b bhargava , m annamalai , e pitoura",sigmod record,1995,"COL title VAL digital library services in mobile computing COL authors VAL b bhargava , m annamalai , e pitoura COL venue VAL sigmod record COL year VAL 1995"
857,spatial join selectivity using power laws,"c faloutsos , b seeger , a traina , c jr.",sigmod conference,2000,"COL title VAL spatial join selectivity using power laws COL authors VAL c faloutsos , b seeger , a traina , c jr. COL venue VAL sigmod conference COL year VAL 2000"
858,influence sets based on reverse nearest neighbor queries,"f korn , s muthukrishnan",sigmod conference,2000,"COL title VAL influence sets based on reverse nearest neighbor queries COL authors VAL f korn , s muthukrishnan COL venue VAL sigmod conference COL year VAL 2000"
859,an annotated bibliography on real-time database systems,ж ulusoy,sigmod record,1995,COL title VAL an annotated bibliography on real-time database systems COL authors VAL ж ulusoy COL venue VAL sigmod record COL year VAL 1995
860,xmill : an efficient compressor for xml data,"h liefke , d suciu",sigmod conference,2000,"COL title VAL xmill : an efficient compressor for xml data COL authors VAL h liefke , d suciu COL venue VAL sigmod conference COL year VAL 2000"
861,editor 's notes,j widom,sigmod record,1995,COL title VAL editor 's notes COL authors VAL j widom COL venue VAL sigmod record COL year VAL 1995
862,a research status report on adaptation for mobile data access,"b noble , m satyanarayanan",sigmod record,1995,"COL title VAL a research status report on adaptation for mobile data access COL authors VAL b noble , m satyanarayanan COL venue VAL sigmod record COL year VAL 1995"
863,xtract : a system for extracting document type descriptors from xml documents,"m garofalakis , a gionis , r rastogi , s seshadri , k shim",sigmod conference,2000,"COL title VAL xtract : a system for extracting document type descriptors from xml documents COL authors VAL m garofalakis , a gionis , r rastogi , s seshadri , k shim COL venue VAL sigmod conference COL year VAL 2000"
864,mapping extended entity relationship model to object modeling technique,j fong,sigmod record,1995,COL title VAL mapping extended entity relationship model to object modeling technique COL authors VAL j fong COL venue VAL sigmod record COL year VAL 1995
865,application architecture : 2tier or 3tier ? what is dbms 's role ? ( panel abstract ),a nori,sigmod conference,2000,COL title VAL application architecture : 2tier or 3tier ? what is dbms 's role ? ( panel abstract ) COL authors VAL a nori COL venue VAL sigmod conference COL year VAL 2000
866,index research : forest or trees ? ( panel abstract ),j hellerstein,sigmod conference,2000,COL title VAL index research : forest or trees ? ( panel abstract ) COL authors VAL j hellerstein COL venue VAL sigmod conference COL year VAL 2000
867,multi-table joins through bitmapped join indices,"p o'neil , g graefe",sigmod record,1995,"COL title VAL multi-table joins through bitmapped join indices COL authors VAL p o'neil , g graefe COL venue VAL sigmod record COL year VAL 1995"
868,optimizing jan jannink 's implementation of b + - tree deletion,"r maelbrancke , h olivie",sigmod record,1995,"COL title VAL optimizing jan jannink 's implementation of b + - tree deletion COL authors VAL r maelbrancke , h olivie COL venue VAL sigmod record COL year VAL 1995"
869,from browsing to interacting : dbms support for responive websites ( abstract ),r ramakrishnan,sigmod conference,2000,COL title VAL from browsing to interacting : dbms support for responive websites ( abstract ) COL authors VAL r ramakrishnan COL venue VAL sigmod conference COL year VAL 2000
870,\ response to \ '' \ `` a close look at the ifo data model \ '' \ '' \ '' '',"s abiteboul , r hull",sigmod record,1995,"COL title VAL \ response to \ '' \ `` a close look at the ifo data model \ '' \ '' \ '' '' COL authors VAL s abiteboul , r hull COL venue VAL sigmod record COL year VAL 1995"
871,sqlem : fast clustering in sql using the em algorithm,"c ordonez , p cereghini",sigmod conference,2000,"COL title VAL sqlem : fast clustering in sql using the em algorithm COL authors VAL c ordonez , p cereghini COL venue VAL sigmod conference COL year VAL 2000"
872,tutorial : data access,,,2000,COL title VAL tutorial : data access COL authors VAL  COL venue VAL  COL year VAL 2000
873,condition handling in sql persistent stored modules,j richey,sigmod record,1995,COL title VAL condition handling in sql persistent stored modules COL authors VAL j richey COL venue VAL sigmod record COL year VAL 1995
874,data management research at the mitre corporation,"a rosenthal , l seligman , c mccollum , b blaustein , b thuraisingham , e lafferty",sigmod record,1995,"COL title VAL data management research at the mitre corporation COL authors VAL a rosenthal , l seligman , c mccollum , b blaustein , b thuraisingham , e lafferty COL venue VAL sigmod record COL year VAL 1995"
875,"data management in ecommerce : the good , the bad , and the ugly",,,2000,"COL title VAL data management in ecommerce : the good , the bad , and the ugly COL authors VAL  COL venue VAL  COL year VAL 2000"
876,tutorial : designing an ultra highly available dbms,,,2000,COL title VAL tutorial : designing an ultra highly available dbms COL authors VAL  COL venue VAL  COL year VAL 2000
877,florida international university high performance database research center,"n rishe , w sun , d barton , y deng , c orji , m alexopoulos , l loureiro , c 0002 , m sanchez , a shaposhnikov",sigmod record,1995,"COL title VAL florida international university high performance database research center COL authors VAL n rishe , w sun , d barton , y deng , c orji , m alexopoulos , l loureiro , c 0002 , m sanchez , a shaposhnikov COL venue VAL sigmod record COL year VAL 1995"
878,a framework for providing consistent and recoverable agent-based access to heterogeneous in mobile databases,"e pitoura , b bhargava",sigmod record,1995,"COL title VAL a framework for providing consistent and recoverable agent-based access to heterogeneous in mobile databases COL authors VAL e pitoura , b bhargava COL venue VAL sigmod record COL year VAL 1995"
879,on xml and databases : where 's the beef ? ( panel abstract ),m carey,sigmod conference,2000,COL title VAL on xml and databases : where 's the beef ? ( panel abstract ) COL authors VAL m carey COL venue VAL sigmod conference COL year VAL 2000
880,making b + - trees cache conscious in main memory,"j rao , k ross",sigmod conference,2000,"COL title VAL making b + - trees cache conscious in main memory COL authors VAL j rao , k ross COL venue VAL sigmod conference COL year VAL 2000"
881,an introduction to remy 's fast polymorphic record projection,l wong,sigmod record,1995,COL title VAL an introduction to remy 's fast polymorphic record projection COL authors VAL l wong COL venue VAL sigmod record COL year VAL 1995
882,an aspect of query optimization in multidatabase systems ( extended abstract ),"c lee , c chen , h lu",sigmod record,1995,"COL title VAL an aspect of query optimization in multidatabase systems ( extended abstract ) COL authors VAL c lee , c chen , h lu COL venue VAL sigmod record COL year VAL 1995"
883,privacy-preserving data mining,"r agrawal , r srikant",sigmod conference,2000,"COL title VAL privacy-preserving data mining COL authors VAL r agrawal , r srikant COL venue VAL sigmod conference COL year VAL 2000"
884,design and user testing of a multi-paradigm query interface to an object-oriented database,"d doan , n paton , a kilgour",sigmod record,1995,"COL title VAL design and user testing of a multi-paradigm query interface to an object-oriented database COL authors VAL d doan , n paton , a kilgour COL venue VAL sigmod record COL year VAL 1995"
885,on effective multi-dimensional indexing for strings,"h jagadish , n koudas , d srivastava",sigmod conference,2000,"COL title VAL on effective multi-dimensional indexing for strings COL authors VAL h jagadish , n koudas , d srivastava COL venue VAL sigmod conference COL year VAL 2000"
886,editor 's notes,j widom,sigmod record,1995,COL title VAL editor 's notes COL authors VAL j widom COL venue VAL sigmod record COL year VAL 1995
887,the onion technique : indexing for linear optimization queries,"y chang , l bergman , v castelli , c li , m lo , j smith",sigmod conference,2000,"COL title VAL the onion technique : indexing for linear optimization queries COL authors VAL y chang , l bergman , v castelli , c li , m lo , j smith COL venue VAL sigmod conference COL year VAL 2000"
888,internet traffic warehouse,"c chen , m cochinwala , c petrone , m pucci , s samtani , p santa , m mesiti",sigmod conference,2000,"COL title VAL internet traffic warehouse COL authors VAL c chen , m cochinwala , c petrone , m pucci , s samtani , p santa , m mesiti COL venue VAL sigmod conference COL year VAL 2000"
889,calls for papers and announcements,,sigmod record,1995,COL title VAL calls for papers and announcements COL authors VAL  COL venue VAL sigmod record COL year VAL 1995
890,indexing images in oracle8i,"m annamalai , r chopra , s defazio",sigmod conference,2000,"COL title VAL indexing images in oracle8i COL authors VAL m annamalai , r chopra , s defazio COL venue VAL sigmod conference COL year VAL 2000"
891,the new middleware,r finkelstein,sigmod record,1995,COL title VAL the new middleware COL authors VAL r finkelstein COL venue VAL sigmod record COL year VAL 1995
892,"replication : db2 , oracle , or sybase ?",d stacey,sigmod record,1995,"COL title VAL replication : db2 , oracle , or sybase ? COL authors VAL d stacey COL venue VAL sigmod record COL year VAL 1995"
893,online index rebuild,"n ponnekanti , h kodavalla",sigmod conference,2000,"COL title VAL online index rebuild COL authors VAL n ponnekanti , h kodavalla COL venue VAL sigmod conference COL year VAL 2000"
894,trade press news,,,1995,COL title VAL trade press news COL authors VAL  COL venue VAL  COL year VAL 1995
895,maintenance of automatic summary tables,"w lehner , r sidle , h pirahesh , r cochrane",sigmod conference,2000,"COL title VAL maintenance of automatic summary tables COL authors VAL w lehner , r sidle , h pirahesh , r cochrane COL venue VAL sigmod conference COL year VAL 2000"
896,trade press news,,,1994,COL title VAL trade press news COL authors VAL  COL venue VAL  COL year VAL 1994
897,integrating replacement policies in storm : an extensible approach,"c goh , b ooi , s bressan , k tan",sigmod conference,2000,"COL title VAL integrating replacement policies in storm : an extensible approach COL authors VAL c goh , b ooi , s bressan , k tan COL venue VAL sigmod conference COL year VAL 2000"
898,progress on hpcc and nii,m winslett,sigmod record,1994,COL title VAL progress on hpcc and nii COL authors VAL m winslett COL venue VAL sigmod record COL year VAL 1994
899,the mlpq/gis constraint database system,"p revesz , r chen , p kanjamala , y li , y liu , y wang",sigmod conference,2000,"COL title VAL the mlpq/gis constraint database system COL authors VAL p revesz , r chen , p kanjamala , y li , y liu , y wang COL venue VAL sigmod conference COL year VAL 2000"
900,efficient concurrency control in multidimensional access methods,"k chakrabarti , s mehrotra",sigmod conference,1999,"COL title VAL efficient concurrency control in multidimensional access methods COL authors VAL k chakrabarti , s mehrotra COL venue VAL sigmod conference COL year VAL 1999"
901,analysis of predictive spatio-temporal queries,"y tao , j sun , d papadias",acm trans . database syst .,2003,"COL title VAL analysis of predictive spatio-temporal queries COL authors VAL y tao , j sun , d papadias COL venue VAL acm trans . database syst . COL year VAL 2003"
902,efficient dynamic mining of constrained frequent sets,"l lakshmanan , c leung , r ng",acm trans . database syst .,2003,"COL title VAL efficient dynamic mining of constrained frequent sets COL authors VAL l lakshmanan , c leung , r ng COL venue VAL acm trans . database syst . COL year VAL 2003"
903,fast algorithms for projected clustering,"c aggarwal , c procopiuc , j wolf , p yu , j park",sigmod conference,1999,"COL title VAL fast algorithms for projected clustering COL authors VAL c aggarwal , c procopiuc , j wolf , p yu , j park COL venue VAL sigmod conference COL year VAL 1999"
904,image mining in iris : integrated retinal information system,"w hsu , m lee , k goh",sigmod conference,2000,"COL title VAL image mining in iris : integrated retinal information system COL authors VAL w hsu , m lee , k goh COL venue VAL sigmod conference COL year VAL 2000"
905,effective page refresh policies for web crawlers,"j cho , h garcia-molina",acm trans . database syst .,2003,"COL title VAL effective page refresh policies for web crawlers COL authors VAL j cho , h garcia-molina COL venue VAL acm trans . database syst . COL year VAL 2003"
906,preference formulas in relational queries,j chomicki,acm trans . database syst .,2003,COL title VAL preference formulas in relational queries COL authors VAL j chomicki COL venue VAL acm trans . database syst . COL year VAL 2003
907,mocha : a database middleware system featuring automatic deployment of application-specific functionality,"m rodriguez-martinez , n roussopoulos , j mcgann , s kelley , v katz , z song , j jсjс",sigmod conference,2000,"COL title VAL mocha : a database middleware system featuring automatic deployment of application-specific functionality COL authors VAL m rodriguez-martinez , n roussopoulos , j mcgann , s kelley , v katz , z song , j jсjс COL venue VAL sigmod conference COL year VAL 2000"
908,tip : a temporal extension to informix,"j yang , h ying , j widom",sigmod conference,2000,"COL title VAL tip : a temporal extension to informix COL authors VAL j yang , h ying , j widom COL venue VAL sigmod conference COL year VAL 2000"
909,path sharing and predicate evaluation for high-performance xml filtering,"y diao , m altinel , m franklin , h zhang , p fischer",acm trans . database syst .,2003,"COL title VAL path sharing and predicate evaluation for high-performance xml filtering COL authors VAL y diao , m altinel , m franklin , h zhang , p fischer COL venue VAL acm trans . database syst . COL year VAL 2003"
910,spire : a progressive content-based spatial image retrieval engine,"c li , l bergman , v castelli , j smith",sigmod conference,2000,"COL title VAL spire : a progressive content-based spatial image retrieval engine COL authors VAL c li , l bergman , v castelli , j smith COL venue VAL sigmod conference COL year VAL 2000"
911,index-driven similarity search in metric spaces,"g hjaltason , h samet",acm trans . database syst .,2003,"COL title VAL index-driven similarity search in metric spaces COL authors VAL g hjaltason , h samet COL venue VAL acm trans . database syst . COL year VAL 2003"
912,homer : a model-based case tool for data-intensive web sites,"p merialdo , p atzeni , m magnante , g mecca , m pecorone",sigmod conference,2000,"COL title VAL homer : a model-based case tool for data-intensive web sites COL authors VAL p merialdo , p atzeni , m magnante , g mecca , m pecorone COL venue VAL sigmod conference COL year VAL 2000"
913,research perspectives for time series management systems,"w dreyer , a dittrich , d schmidt",sigmod record,1994,"COL title VAL research perspectives for time series management systems COL authors VAL w dreyer , a dittrich , d schmidt COL venue VAL sigmod record COL year VAL 1994"
914,supporting dynamic displays using active rules,"o dэaz , a jaime , n paton , g al-qaimari",sigmod record,1994,"COL title VAL supporting dynamic displays using active rules COL authors VAL o dэaz , a jaime , n paton , g al-qaimari COL venue VAL sigmod record COL year VAL 1994"
915,javax.xxl : a prototype for a library of query processing algorithms,"j bercken , j dittrich , b seeger",sigmod conference,2000,"COL title VAL javax.xxl : a prototype for a library of query processing algorithms COL authors VAL j bercken , j dittrich , b seeger COL venue VAL sigmod conference COL year VAL 2000"
916,overview of the special section on temporal database infrastructure,r snodgrass,sigmod record,1994,COL title VAL overview of the special section on temporal database infrastructure COL authors VAL r snodgrass COL venue VAL sigmod record COL year VAL 1994
917,"i3 : intelligent , interactive investigaton of olap data cubes","s sarawagi , g sathe",sigmod conference,2000,"COL title VAL i3 : intelligent , interactive investigaton of olap data cubes COL authors VAL s sarawagi , g sathe COL venue VAL sigmod conference COL year VAL 2000"
918,towards data mining benchmarking : a testbed for performance study of frequent pattern mining,"j pei , r mao , k hu , h zhu",sigmod conference,2000,"COL title VAL towards data mining benchmarking : a testbed for performance study of frequent pattern mining COL authors VAL j pei , r mao , k hu , h zhu COL venue VAL sigmod conference COL year VAL 2000"
919,towards an infrastructure for temporal databases : report of an invitational arpa/nsf workshop,,,1994,COL title VAL towards an infrastructure for temporal databases : report of an invitational arpa/nsf workshop COL authors VAL  COL venue VAL  COL year VAL 1994
920,tutorial : ldap directory services - just another database application ?,,,2000,COL title VAL tutorial : ldap directory services - just another database application ? COL authors VAL  COL venue VAL  COL year VAL 2000
921,tsql2 language specification,"r snodgrass , i ahn , g ariav , d batory , j clifford , c dyreson , r elmasri , f grandi , c jensen , w kфfer , n kline , k kulkarni , t leung , n lorentzos , j roddick , a segev , m soo , s sripada",sigmod record,1994,"COL title VAL tsql2 language specification COL authors VAL r snodgrass , i ahn , g ariav , d batory , j clifford , c dyreson , r elmasri , f grandi , c jensen , w kфfer , n kline , k kulkarni , t leung , n lorentzos , j roddick , a segev , m soo , s sripada COL venue VAL sigmod record COL year VAL 1994"
922,text databases : a survey of text models and systems,a loeffen,sigmod record,1994,COL title VAL text databases : a survey of text models and systems COL authors VAL a loeffen COL venue VAL sigmod record COL year VAL 1994
923,self-organizing data sharing communities with sagres,"z ives , a levy , j madhavan , r pottinger , s saroiu , i tatarinov , s betzler , q chen , e jaslikowska , j su , w yeung",sigmod conference,2000,"COL title VAL self-organizing data sharing communities with sagres COL authors VAL z ives , a levy , j madhavan , r pottinger , s saroiu , i tatarinov , s betzler , q chen , e jaslikowska , j su , w yeung COL venue VAL sigmod conference COL year VAL 2000"
924,the database research group at eth zurich,"m norrie , s blott , h schek , g weikum",sigmod record,1994,"COL title VAL the database research group at eth zurich COL authors VAL m norrie , s blott , h schek , g weikum COL venue VAL sigmod record COL year VAL 1994"
925,lambda-db : an odmg-based object-oriented dbms,"l fegaras , c srinivasan , a rajendran , d maier",sigmod conference,2000,"COL title VAL lambda-db : an odmg-based object-oriented dbms COL authors VAL l fegaras , c srinivasan , a rajendran , d maier COL venue VAL sigmod conference COL year VAL 2000"
926,influencing database language standards,l gallagher,sigmod record,1994,COL title VAL influencing database language standards COL authors VAL l gallagher COL venue VAL sigmod record COL year VAL 1994
927,serfing the web : web site management made easy,"e rundensteiner , k claypool , l chen , h su , k oenoki",sigmod conference,2000,"COL title VAL serfing the web : web site management made easy COL authors VAL e rundensteiner , k claypool , l chen , h su , k oenoki COL venue VAL sigmod conference COL year VAL 2000"
928,computing capabilities of mediators,"r yerneni , c li , h garcia-molina , j ullman",sigmod conference,1999,"COL title VAL computing capabilities of mediators COL authors VAL r yerneni , c li , h garcia-molina , j ullman COL venue VAL sigmod conference COL year VAL 1999"
929,understanding the global semantics of referential actions using logic rules,"w may , b ludфscher",acm trans . database syst .,2002,"COL title VAL understanding the global semantics of referential actions using logic rules COL authors VAL w may , b ludфscher COL venue VAL acm trans . database syst . COL year VAL 2002"
930,efficient geometry-based similarity search of 3d spatial databases,d keim,sigmod conference,1999,COL title VAL efficient geometry-based similarity search of 3d spatial databases COL authors VAL d keim COL venue VAL sigmod conference COL year VAL 1999
931,adaptive algorithms for set containment joins,"s melnik , h garcia-molina",acm trans . database syst .,2003,"COL title VAL adaptive algorithms for set containment joins COL authors VAL s melnik , h garcia-molina COL venue VAL acm trans . database syst . COL year VAL 2003"
932,a layered architecture for querying dynamic web content,"h davulcu , j freire , m kifer , i ramakrishnan",sigmod conference,1999,"COL title VAL a layered architecture for querying dynamic web content COL authors VAL h davulcu , j freire , m kifer , i ramakrishnan COL venue VAL sigmod conference COL year VAL 1999"
933,information management for genome level bioinformatics,,,2001,COL title VAL information management for genome level bioinformatics COL authors VAL  COL venue VAL  COL year VAL 2001
934,silkroute : a framework for publishing relational data in xml,"m fernandez , y kadiyska , d suciu , a morishima , w tan",acm trans . database syst .,2002,"COL title VAL silkroute : a framework for publishing relational data in xml COL authors VAL m fernandez , y kadiyska , d suciu , a morishima , w tan COL venue VAL acm trans . database syst . COL year VAL 2002"
935,searching in metric spaces with user-defined and approximate distances,"p ciaccia , m patella",acm trans . database syst .,2002,"COL title VAL searching in metric spaces with user-defined and approximate distances COL authors VAL p ciaccia , m patella COL venue VAL acm trans . database syst . COL year VAL 2002"
936,automatic discovery of language models for text databases,"j callan , m connell , a du",sigmod conference,1999,"COL title VAL automatic discovery of language models for text databases COL authors VAL j callan , m connell , a du COL venue VAL sigmod conference COL year VAL 1999"
937,bottom-up computation of sparse and iceberg cubes,"k beyer , r ramakrishnan",sigmod conference,1999,"COL title VAL bottom-up computation of sparse and iceberg cubes COL authors VAL k beyer , r ramakrishnan COL venue VAL sigmod conference COL year VAL 1999"
938,fast incremental maintenance of approximate histograms,"p gibbons , y matias , v poosala",acm trans . database syst .,2002,"COL title VAL fast incremental maintenance of approximate histograms COL authors VAL p gibbons , y matias , v poosala COL venue VAL acm trans . database syst . COL year VAL 2002"
939,client-site query extensions,"t mayr , p seshadri",sigmod conference,1999,"COL title VAL client-site query extensions COL authors VAL t mayr , p seshadri COL venue VAL sigmod conference COL year VAL 1999"
940,searching for dependencies at multiple abstraction levels,"t calders , r ng , j wijsen",acm trans . database syst .,2002,"COL title VAL searching for dependencies at multiple abstraction levels COL authors VAL t calders , r ng , j wijsen COL venue VAL acm trans . database syst . COL year VAL 2002"
941,a new method for similarity indexing of market basket data,"c aggarwal , j wolf , p yu",sigmod conference,1999,"COL title VAL a new method for similarity indexing of market basket data COL authors VAL c aggarwal , j wolf , p yu COL venue VAL sigmod conference COL year VAL 1999"
942,locally adaptive dimensionality reduction for indexing large time series databases,"k chakrabarti , e keogh , s mehrotra , m pazzani",acm trans . database syst .,2002,"COL title VAL locally adaptive dimensionality reduction for indexing large time series databases COL authors VAL k chakrabarti , e keogh , s mehrotra , m pazzani COL venue VAL acm trans . database syst . COL year VAL 2002"
943,cost models for overlapping and multiversion structures,"y tao , d papadias , j zhang",acm trans . database syst .,2002,"COL title VAL cost models for overlapping and multiversion structures COL authors VAL y tao , d papadias , j zhang COL venue VAL acm trans . database syst . COL year VAL 2002"
944,dynamat : a dynamic view management system for data warehouses,"y kotidis , n roussopoulos",sigmod conference,1999,"COL title VAL dynamat : a dynamic view management system for data warehouses COL authors VAL y kotidis , n roussopoulos COL venue VAL sigmod conference COL year VAL 1999"
945,an efficient bitmap encoding scheme for selection queries,"c chan , y ioannidis",sigmod conference,1999,"COL title VAL an efficient bitmap encoding scheme for selection queries COL authors VAL c chan , y ioannidis COL venue VAL sigmod conference COL year VAL 1999"
946,iterative spatial join,"e jacox , h samet",acm trans . database syst .,2003,"COL title VAL iterative spatial join COL authors VAL e jacox , h samet COL venue VAL acm trans . database syst . COL year VAL 2003"
947,approximate computation of multidimensional aggregates of sparse data using wavelets,"j vitter , m wang",sigmod conference,1999,"COL title VAL approximate computation of multidimensional aggregates of sparse data using wavelets COL authors VAL j vitter , m wang COL venue VAL sigmod conference COL year VAL 1999"
948,removing permissions in the flexible authorization framework,"d wijesekera , s jajodia , f parisi-presicce , х hagstrіm",acm trans . database syst .,2003,"COL title VAL removing permissions in the flexible authorization framework COL authors VAL d wijesekera , s jajodia , f parisi-presicce , х hagstrіm COL venue VAL acm trans . database syst . COL year VAL 2003"
949,an adaptive query execution system for data integration,"z ives , d florescu , m friedman , a levy , d weld",sigmod conference,1999,"COL title VAL an adaptive query execution system for data integration COL authors VAL z ives , d florescu , m friedman , a levy , d weld COL venue VAL sigmod conference COL year VAL 1999"
950,spatial queries in dynamic environments,"y tao , d papadias",acm trans . database syst .,2003,"COL title VAL spatial queries in dynamic environments COL authors VAL y tao , d papadias COL venue VAL acm trans . database syst . COL year VAL 2003"
951,a comparison of selectivity estimators for range queries on metric attributes,"b blohsfeld , d korus , b seeger",sigmod conference,1999,"COL title VAL a comparison of selectivity estimators for range queries on metric attributes COL authors VAL b blohsfeld , d korus , b seeger COL venue VAL sigmod conference COL year VAL 1999"
952,are quorums an alternative for data replication ?,"r jimщnez-peris , m patiёo-martэnez , g alonso , b kemme",acm trans . database syst .,2003,"COL title VAL are quorums an alternative for data replication ? COL authors VAL r jimщnez-peris , m patiёo-martэnez , g alonso , b kemme COL venue VAL acm trans . database syst . COL year VAL 2003"
953,belief reasoning in mls deductive databases,h jamil,sigmod conference,1999,COL title VAL belief reasoning in mls deductive databases COL authors VAL h jamil COL venue VAL sigmod conference COL year VAL 1999
954,on the computation of relational view complements,"j lechtenbіrger , g vossen",acm trans . database syst .,2003,"COL title VAL on the computation of relational view complements COL authors VAL j lechtenbіrger , g vossen COL venue VAL acm trans . database syst . COL year VAL 2003"
955,discovering all most specific sentences,"d gunopulos , r khardon , h mannila , s saluja , h toivonen , r sharm",acm trans . database syst .,2003,"COL title VAL discovering all most specific sentences COL authors VAL d gunopulos , r khardon , h mannila , s saluja , h toivonen , r sharm COL venue VAL acm trans . database syst . COL year VAL 2003"
956,efficient concurrency control for broadcast environments,"j shanmugasundaram , a nithrakashyap , r sivasankaran , k ramamritham",sigmod conference,1999,"COL title VAL efficient concurrency control for broadcast environments COL authors VAL j shanmugasundaram , a nithrakashyap , r sivasankaran , k ramamritham COL venue VAL sigmod conference COL year VAL 1999"
957,a simple algorithm for finding frequent elements in streams and bags,"r karp , s shenker , c papadimitriou",acm trans . database syst .,2003,"COL title VAL a simple algorithm for finding frequent elements in streams and bags COL authors VAL r karp , s shenker , c papadimitriou COL venue VAL acm trans . database syst . COL year VAL 2003"
958,boat-optimistic decision tree construction,"j gehrke , v ganti , r ramakrishnan , w loh",sigmod conference,1999,"COL title VAL boat-optimistic decision tree construction COL authors VAL j gehrke , v ganti , r ramakrishnan , w loh COL venue VAL sigmod conference COL year VAL 1999"
959,a multimedia presentation algebra,"s adali , m sapino , v subrahmanian",sigmod conference,1999,"COL title VAL a multimedia presentation algebra COL authors VAL s adali , m sapino , v subrahmanian COL venue VAL sigmod conference COL year VAL 1999"
960,description logics for semantic query optimization in object-oriented database systems,"d beneventano , s bergamaschi , c sartori",acm trans . database syst .,2003,"COL title VAL description logics for semantic query optimization in object-oriented database systems COL authors VAL d beneventano , s bergamaschi , c sartori COL venue VAL acm trans . database syst . COL year VAL 2003"
961,editor 's notes,a segev,sigmod record,1994,COL title VAL editor 's notes COL authors VAL a segev COL venue VAL sigmod record COL year VAL 1994
962,a user-centered interface for querying distributed multimedia databases,"i cruz , k james",sigmod conference,1999,"COL title VAL a user-centered interface for querying distributed multimedia databases COL authors VAL i cruz , k james COL venue VAL sigmod conference COL year VAL 1999"
963,a tsql2 tutorial,"nodgrass , i ahn , g ariav , d batory , j clifford , c dyreson , r elmasri , f grandi , c jensen , w kфfer , n kline , k kulkarni , t leung , n lorentzos , j roddick , a segev , m soo , s sripada",sigmod record,1994,"COL title VAL a tsql2 tutorial COL authors VAL nodgrass , i ahn , g ariav , d batory , j clifford , c dyreson , r elmasri , f grandi , c jensen , w kфfer , n kline , k kulkarni , t leung , n lorentzos , j roddick , a segev , m soo , s sripada COL venue VAL sigmod record COL year VAL 1994"
964,integration of spatial join algorithms for processing multiple inputs,"n mamoulis , d papadias",sigmod conference,1999,"COL title VAL integration of spatial join algorithms for processing multiple inputs COL authors VAL n mamoulis , d papadias COL venue VAL sigmod conference COL year VAL 1999"
965,evolvable view environment ( eve ) : non-equivalent view maintenance under schema changes,"e rundensteiner , a koeller , x zhang , a wyk , y li , a lee , a nica",sigmod conference,1999,"COL title VAL evolvable view environment ( eve ) : non-equivalent view maintenance under schema changes COL authors VAL e rundensteiner , a koeller , x zhang , a wyk , y li , a lee , a nica COL venue VAL sigmod conference COL year VAL 1999"
966,"announcements from nsf , nasa , and elsewhere",x qian,sigmod record,1994,"COL title VAL announcements from nsf , nasa , and elsewhere COL authors VAL x qian COL venue VAL sigmod record COL year VAL 1994"
967,calls for papers / announcements,,sigmod record,1994,COL title VAL calls for papers / announcements COL authors VAL  COL venue VAL sigmod record COL year VAL 1994
968,exploratory mining via constrained frequent set queries,"r ng , l lakshmanan , j han , t mah",sigmod conference,1999,"COL title VAL exploratory mining via constrained frequent set queries COL authors VAL r ng , l lakshmanan , j han , t mah COL venue VAL sigmod conference COL year VAL 1999"
969,research issues in databases for arcs : active rapidly changing data systems,a datta,sigmod record,1994,COL title VAL research issues in databases for arcs : active rapidly changing data systems COL authors VAL a datta COL venue VAL sigmod record COL year VAL 1994
970,domino : databases for moving objects tracking,"o wolfson , a sistla , b xu , j zhou , s chamberlain",sigmod conference,1999,"COL title VAL domino : databases for moving objects tracking COL authors VAL o wolfson , a sistla , b xu , j zhou , s chamberlain COL venue VAL sigmod conference COL year VAL 1999"
971,database patchwork on the internet,"r braumandl , a kemper , d kossmann",sigmod conference,1999,"COL title VAL database patchwork on the internet COL authors VAL r braumandl , a kemper , d kossmann COL venue VAL sigmod conference COL year VAL 1999"
972,how to modify sql queries in order to guarantee sure answers,h klein,sigmod record,1994,COL title VAL how to modify sql queries in order to guarantee sure answers COL authors VAL h klein COL venue VAL sigmod record COL year VAL 1994
973,database research at nthu and itri,a chen,sigmod record,1994,COL title VAL database research at nthu and itri COL authors VAL a chen COL venue VAL sigmod record COL year VAL 1994
974,an xml-based wrapper generator for web information extraction,"l liu , w han , d buttler , c pu , w tang",sigmod conference,1999,"COL title VAL an xml-based wrapper generator for web information extraction COL authors VAL l liu , w han , d buttler , c pu , w tang COL venue VAL sigmod conference COL year VAL 1999"
975,"response to the march 1994 odmg-93 commentary written by dr. won kim of unisql , inc",o group,sigmod record,1994,"COL title VAL response to the march 1994 odmg-93 commentary written by dr. won kim of unisql , inc COL authors VAL o group COL venue VAL sigmod record COL year VAL 1994"
976,dbis-toolkit : adaptable middleware for large scale data delivery,"m altinel , d aksoy , t baby , m franklin , w shapiro , s zdonik",sigmod conference,1999,"COL title VAL dbis-toolkit : adaptable middleware for large scale data delivery COL authors VAL m altinel , d aksoy , t baby , m franklin , w shapiro , s zdonik COL venue VAL sigmod conference COL year VAL 1999"
977,daytona and the fourth-generation language cymbal,r greer,sigmod conference,1999,COL title VAL daytona and the fourth-generation language cymbal COL authors VAL r greer COL venue VAL sigmod conference COL year VAL 1999
978,metadata for integrating speech documents in a text retrieval system,"u glavitsch , p schфuble , m wechsler",sigmod record,1994,"COL title VAL metadata for integrating speech documents in a text retrieval system COL authors VAL u glavitsch , p schфuble , m wechsler COL venue VAL sigmod record COL year VAL 1994"
979,metadata for mixed-media access,"f chen , m hearst , j kupiec , j pedersen , l wilcox",sigmod record,1994,"COL title VAL metadata for mixed-media access COL authors VAL f chen , m hearst , j kupiec , j pedersen , l wilcox COL venue VAL sigmod record COL year VAL 1994"
980,data integration and warehousing in telecom italia,"s trisolini , m lenzerini , d nardi",sigmod conference,1999,"COL title VAL data integration and warehousing in telecom italia COL authors VAL s trisolini , m lenzerini , d nardi COL venue VAL sigmod conference COL year VAL 1999"
981,sequoia 2000 metadata schema for satellite images,"j anderson , m stonebraker",sigmod record,1994,"COL title VAL sequoia 2000 metadata schema for satellite images COL authors VAL j anderson , m stonebraker COL venue VAL sigmod record COL year VAL 1994"
982,datablitz storage manager : main memory database performance for critical applications,"j baulier , p bohannon , s gogate , c gupta , s haldar , s joshi , a khivesera , h korth , p mcilroy , j miller , p narayan , m nemeth , r rastogi , s seshadri , a silberschatz , s sudarshan , m wilder , c wei",sigmod conference,1999,"COL title VAL datablitz storage manager : main memory database performance for critical applications COL authors VAL j baulier , p bohannon , s gogate , c gupta , s haldar , s joshi , a khivesera , h korth , p mcilroy , j miller , p narayan , m nemeth , r rastogi , s seshadri , a silberschatz , s sudarshan , m wilder , c wei COL venue VAL sigmod conference COL year VAL 1999"
983,using metadata for the intelligent browsing of structured media objects,"w grosky , f fotouhi , i sethi",sigmod record,1994,"COL title VAL using metadata for the intelligent browsing of structured media objects COL authors VAL w grosky , f fotouhi , i sethi COL venue VAL sigmod record COL year VAL 1994"
984,emc information sharing : direct access to mvs data from unix and nt,w kohler,sigmod conference,1999,COL title VAL emc information sharing : direct access to mvs data from unix and nt COL authors VAL w kohler COL venue VAL sigmod conference COL year VAL 1999
985,trade press news - announcement and preface,,,1994,COL title VAL trade press news - announcement and preface COL authors VAL  COL venue VAL  COL year VAL 1994
986,clustering methods for large databases : from the past to the future,"a hinneburg , d keim",sigmod conference,1999,"COL title VAL clustering methods for large databases : from the past to the future COL authors VAL a hinneburg , d keim COL venue VAL sigmod conference COL year VAL 1999"
987,bringing object-relational technology to mainstream,"v krishnamurthy , s banerjee , a nori",sigmod conference,1999,"COL title VAL bringing object-relational technology to mainstream COL authors VAL v krishnamurthy , s banerjee , a nori COL venue VAL sigmod conference COL year VAL 1999"
988,unix rdbms : the next generation,b rosneblatt,sigmod record,1994,COL title VAL unix rdbms : the next generation COL authors VAL b rosneblatt COL venue VAL sigmod record COL year VAL 1994
989,loading databases using dataflow parallelism,"t barclay , r barnes , j gray , p sundaresan",sigmod record,1994,"COL title VAL loading databases using dataflow parallelism COL authors VAL t barclay , r barnes , j gray , p sundaresan COL venue VAL sigmod record COL year VAL 1994"
990,data management issues in electronic commerce ( panel ),m жzsu,sigmod conference,1999,COL title VAL data management issues in electronic commerce ( panel ) COL authors VAL m жzsu COL venue VAL sigmod conference COL year VAL 1999
991,a database perspective on lotus domino/notes,c mohan,sigmod conference,1999,COL title VAL a database perspective on lotus domino/notes COL authors VAL c mohan COL venue VAL sigmod conference COL year VAL 1999
992,recent design trade-offs in sql3,"n mattos , l demichiel",sigmod record,1994,"COL title VAL recent design trade-offs in sql3 COL authors VAL n mattos , l demichiel COL venue VAL sigmod record COL year VAL 1994"
993,query optimization in the presence of limited access patterns,"d florescu , a levy , i manolescu , d suciu",sigmod conference,1999,"COL title VAL query optimization in the presence of limited access patterns COL authors VAL d florescu , a levy , i manolescu , d suciu COL venue VAL sigmod conference COL year VAL 1999"
994,a consensus glossary of temporal database concepts,"c jensen , j clifford , r elmasri , s gadia , p hayes , s jajodia",sigmod record,1994,"COL title VAL a consensus glossary of temporal database concepts COL authors VAL c jensen , j clifford , r elmasri , s gadia , p hayes , s jajodia COL venue VAL sigmod record COL year VAL 1994"
995,ripple joins for online aggregation,"p haas , j hellerstein",sigmod conference,1999,"COL title VAL ripple joins for online aggregation COL authors VAL p haas , j hellerstein COL venue VAL sigmod conference COL year VAL 1999"
996,constructing the next 100 database management systems,"a geppert , k dittrich",sigmod record,1994,"COL title VAL constructing the next 100 database management systems COL authors VAL a geppert , k dittrich COL venue VAL sigmod record COL year VAL 1994"
997,join synopses for approximate query answering,"s acharya , p gibbons , v poosala , s ramaswamy",sigmod conference,1999,"COL title VAL join synopses for approximate query answering COL authors VAL s acharya , p gibbons , v poosala , s ramaswamy COL venue VAL sigmod conference COL year VAL 1999"
998,a hypertext query language for images,l yang,sigmod record,1994,COL title VAL a hypertext query language for images COL authors VAL l yang COL venue VAL sigmod record COL year VAL 1994
999,on random sampling over joins,"s chaudhuri , r motwani , v narasayya",sigmod conference,1999,"COL title VAL on random sampling over joins COL authors VAL s chaudhuri , r motwani , v narasayya COL venue VAL sigmod conference COL year VAL 1999"
1000,editor 's notes,a segev,sigmod record,1994,COL title VAL editor 's notes COL authors VAL a segev COL venue VAL sigmod record COL year VAL 1994
1001,random sampling techniques for space efficient online computation of order statistics of large datasets,"g manku , s rajagopalan , b lindsay",sigmod conference,1999,"COL title VAL random sampling techniques for space efficient online computation of order statistics of large datasets COL authors VAL g manku , s rajagopalan , b lindsay COL venue VAL sigmod conference COL year VAL 1999"
1002,observations on the odmg-93 proposal,w kim,sigmod record,1994,COL title VAL observations on the odmg-93 proposal COL authors VAL w kim COL venue VAL sigmod record COL year VAL 1994
1003,in memory of bob kooi ( 1951-1993 ),,,1994,COL title VAL in memory of bob kooi ( 1951-1993 ) COL authors VAL  COL venue VAL  COL year VAL 1994
1004,query optimization for selections using bitmaps,m wu,sigmod conference,1999,COL title VAL query optimization for selections using bitmaps COL authors VAL m wu COL venue VAL sigmod conference COL year VAL 1999
1005,multi-dimensional selectivity estimation using compressed histogram information,"j lee , d kim , c chung",sigmod conference,1999,"COL title VAL multi-dimensional selectivity estimation using compressed histogram information COL authors VAL j lee , d kim , c chung COL venue VAL sigmod conference COL year VAL 1999"
1006,databases for gis,"c medeiros , f pires",sigmod record,1994,"COL title VAL databases for gis COL authors VAL c medeiros , f pires COL venue VAL sigmod record COL year VAL 1994"
1007,self-tuning histograms : building histograms without looking at data,"a aboulnaga , s chaudhuri",sigmod conference,1999,"COL title VAL self-tuning histograms : building histograms without looking at data COL authors VAL a aboulnaga , s chaudhuri COL venue VAL sigmod conference COL year VAL 1999"
1008,comprehension syntax,"p buneman , l libkin , d suciu , v tannen , l wong",sigmod record,1994,"COL title VAL comprehension syntax COL authors VAL p buneman , l libkin , d suciu , v tannen , l wong COL venue VAL sigmod record COL year VAL 1994"
1009,research issues in active database systems : report from the closing panel at ride-ads '94,j widom,sigmod record,1994,COL title VAL research issues in active database systems : report from the closing panel at ride-ads '94 COL authors VAL j widom COL venue VAL sigmod record COL year VAL 1994
1010,optimization of constrained frequent set queries with 2-variable constraints,"l lakshmanan , r ng , j han , a pang",sigmod conference,1999,"COL title VAL optimization of constrained frequent set queries with 2-variable constraints COL authors VAL l lakshmanan , r ng , j han , a pang COL venue VAL sigmod conference COL year VAL 1999"
1011,the impact of database research on industrial products ( panel summary ),"d barbarс , j blakeley , d fishman , d lomet , m stonebraker",sigmod record,1994,"COL title VAL the impact of database research on industrial products ( panel summary ) COL authors VAL d barbarс , j blakeley , d fishman , d lomet , m stonebraker COL venue VAL sigmod record COL year VAL 1994"
1012,online association rule mining,c hidber,sigmod conference,1999,COL title VAL online association rule mining COL authors VAL c hidber COL venue VAL sigmod conference COL year VAL 1999
1013,the tsql2 final language definition announcement,,sigmod record,1994,COL title VAL the tsql2 final language definition announcement COL authors VAL  COL venue VAL sigmod record COL year VAL 1994
1014,querying network directories,"h jagadish , l lakshmanan , t milo , d srivastava , d vista",sigmod conference,1999,"COL title VAL querying network directories COL authors VAL h jagadish , l lakshmanan , t milo , d srivastava , d vista COL venue VAL sigmod conference COL year VAL 1999"
1015,performance evaluation of a new distributed deadlock detection algorithm,"c yeung , s hung , k lam",sigmod record,1994,"COL title VAL performance evaluation of a new distributed deadlock detection algorithm COL authors VAL c yeung , s hung , k lam COL venue VAL sigmod record COL year VAL 1994"
1016,update propagation protocols for replicated databases,"y breitbart , r komondoor , r rastogi , s seshadri , a silberschatz",sigmod conference,1999,"COL title VAL update propagation protocols for replicated databases COL authors VAL y breitbart , r komondoor , r rastogi , s seshadri , a silberschatz COL venue VAL sigmod conference COL year VAL 1999"
1017,logical logging to extend recovery to new domains,"d lomet , m tuttle",sigmod conference,1999,"COL title VAL logical logging to extend recovery to new domains COL authors VAL d lomet , m tuttle COL venue VAL sigmod conference COL year VAL 1999"
1018,calls for papers / announcements,,sigmod record,1994,COL title VAL calls for papers / announcements COL authors VAL  COL venue VAL sigmod record COL year VAL 1994
1019,jumping on the nii bandwagon,x qian,sigmod record,1994,COL title VAL jumping on the nii bandwagon COL authors VAL x qian COL venue VAL sigmod record COL year VAL 1994
1020,optics : ordering points to identify the clustering structure,"m ankerst , m breunig , h kriegel , j sander",sigmod conference,1999,"COL title VAL optics : ordering points to identify the clustering structure COL authors VAL m ankerst , m breunig , h kriegel , j sander COL venue VAL sigmod conference COL year VAL 1999"
1021,trade press news,,,1994,COL title VAL trade press news COL authors VAL  COL venue VAL  COL year VAL 1994
1022,snakes and sandwiches : optimal clustering strategies for a data warehouse,"h jagadish , l lakshmanan , d srivastava",sigmod conference,1999,"COL title VAL snakes and sandwiches : optimal clustering strategies for a data warehouse COL authors VAL h jagadish , l lakshmanan , d srivastava COL venue VAL sigmod conference COL year VAL 1999"
1023,selectivity estimation in spatial databases,"s acharya , v poosala , s ramaswamy",sigmod conference,1999,"COL title VAL selectivity estimation in spatial databases COL authors VAL s acharya , v poosala , s ramaswamy COL venue VAL sigmod conference COL year VAL 1999"
1024,medical information systems : characterization and challenges,"j ramirez , l smith , l peterson",sigmod record,1994,"COL title VAL medical information systems : characterization and challenges COL authors VAL j ramirez , l smith , l peterson COL venue VAL sigmod record COL year VAL 1994"
1025,in-memory data management for consumer transactions the times-ten approach,t team,sigmod conference,1999,COL title VAL in-memory data management for consumer transactions the times-ten approach COL authors VAL t team COL venue VAL sigmod conference COL year VAL 1999
1026,storage and querying of e-commerce data,"r agrawal , a somani , y xu",vldb,2001,"COL title VAL storage and querying of e-commerce data COL authors VAL r agrawal , a somani , y xu COL venue VAL vldb COL year VAL 2001"
1027,"improving business process quality through exception understanding , prediction , and prevention","d grigori , f casati , u dayal , m shan",vldb,2001,"COL title VAL improving business process quality through exception understanding , prediction , and prevention COL authors VAL d grigori , f casati , u dayal , m shan COL venue VAL vldb COL year VAL 2001"
1028,microsoft site server ( commerce edition ),b ojjeh,sigmod conference,1999,COL title VAL microsoft site server ( commerce edition ) COL authors VAL b ojjeh COL venue VAL sigmod conference COL year VAL 1999
1029,e-commerce database issues and experience,a rajaraman,sigmod conference,1999,COL title VAL e-commerce database issues and experience COL authors VAL a rajaraman COL venue VAL sigmod conference COL year VAL 1999
1030,weaving relations for cache performance,"a ailamaki , d dewitt , m hill , m skounakis",vldb,2001,"COL title VAL weaving relations for cache performance COL authors VAL a ailamaki , d dewitt , m hill , m skounakis COL venue VAL vldb COL year VAL 2001"
1031,versions and workspaces in microsoft repository,"t bergstraesser , p bernstein , s pal , d shutt",sigmod conference,1999,"COL title VAL versions and workspaces in microsoft repository COL authors VAL t bergstraesser , p bernstein , s pal , d shutt COL venue VAL sigmod conference COL year VAL 1999"
1032,similarity search for adaptive ellipsoid queries using spatial transformation,"y sakurai , m yoshikawa , r kataoka , s uemura",vldb,2001,"COL title VAL similarity search for adaptive ellipsoid queries using spatial transformation COL authors VAL y sakurai , m yoshikawa , r kataoka , s uemura COL venue VAL vldb COL year VAL 2001"
1033,self-similarity in the web,"s dill , r kumar , k mccurley , s rajagopalan , d sivakumar , a tomkins",vldb,2001,"COL title VAL self-similarity in the web COL authors VAL s dill , r kumar , k mccurley , s rajagopalan , d sivakumar , a tomkins COL venue VAL vldb COL year VAL 2001"
1034,the need for distributed asynchronous transactions,"l do , p ram , p drew",sigmod conference,1999,"COL title VAL the need for distributed asynchronous transactions COL authors VAL l do , p ram , p drew COL venue VAL sigmod conference COL year VAL 1999"
1035,surfing wavelets on streams : one-pass summaries for approximate aggregate queries,"a gilbert , y kotidis , s muthukrishnan , m strauss",vldb,2001,"COL title VAL surfing wavelets on streams : one-pass summaries for approximate aggregate queries COL authors VAL a gilbert , y kotidis , s muthukrishnan , m strauss COL venue VAL vldb COL year VAL 2001"
1036,improving oltp data quality using data warehouse mechanisms,"m jarke , c quix , g blees , d lehmann , g michalk , s striel",sigmod conference,1999,"COL title VAL improving oltp data quality using data warehouse mechanisms COL authors VAL m jarke , c quix , g blees , d lehmann , g michalk , s striel COL venue VAL sigmod conference COL year VAL 1999"
1037,roadrunner : towards automatic data extraction from large web sites,"v crescenzi , g mecca , p merialdo",vldb,2001,"COL title VAL roadrunner : towards automatic data extraction from large web sites COL authors VAL v crescenzi , g mecca , p merialdo COL venue VAL vldb COL year VAL 2001"
1038,nodose version 2.0,"b adelberg , m denny",sigmod conference,1999,"COL title VAL nodose version 2.0 COL authors VAL b adelberg , m denny COL venue VAL sigmod conference COL year VAL 1999"
1039,visual web information extraction with lixto,"r baumgartner , s flesca , g gottlob",vldb,2001,"COL title VAL visual web information extraction with lixto COL authors VAL r baumgartner , s flesca , g gottlob COL venue VAL vldb COL year VAL 2001"
1040,phoenix : making applications robust,"r barga , d lomet",sigmod conference,1999,"COL title VAL phoenix : making applications robust COL authors VAL r barga , d lomet COL venue VAL sigmod conference COL year VAL 1999"
1041,"powerbookmarks : a system for personalizable web information organization , sharing , and management","w li , q vu , e chang , d agrawal , k hirata , s mukherjea , y wu , c bufi , k chang , y hara , r ito , y kimura , k shimazu , y saito",sigmod conference,1999,"COL title VAL powerbookmarks : a system for personalizable web information organization , sharing , and management COL authors VAL w li , q vu , e chang , d agrawal , k hirata , s mukherjea , y wu , c bufi , k chang , y hara , r ito , y kimura , k shimazu , y saito COL venue VAL sigmod conference COL year VAL 1999"
1042,netcube : a scalable tool for fast data mining and compression,"d margaritis , c faloutsos , s thrun",vldb,2001,"COL title VAL netcube : a scalable tool for fast data mining and compression COL authors VAL d margaritis , c faloutsos , s thrun COL venue VAL vldb COL year VAL 2001"
1043,mining multi-dimensional constrained gradients in data cubes,"g dong , j han , j lam , j pei , k wang",vldb,2001,"COL title VAL mining multi-dimensional constrained gradients in data cubes COL authors VAL g dong , j han , j lam , j pei , k wang COL venue VAL vldb COL year VAL 2001"
1044,serf : odmg-based generic re-structuring facility,"e rundensteiner , k claypool , m li , l chen , x zhang , c natarajan , j jin , s lima , s weiner",sigmod conference,1999,"COL title VAL serf : odmg-based generic re-structuring facility COL authors VAL e rundensteiner , k claypool , m li , l chen , x zhang , c natarajan , j jin , s lima , s weiner COL venue VAL sigmod conference COL year VAL 1999"
1045,tam : a system for dynamic transactional activity management,"t zhou , l liu , c pu",sigmod conference,1999,"COL title VAL tam : a system for dynamic transactional activity management COL authors VAL t zhou , l liu , c pu COL venue VAL sigmod conference COL year VAL 1999"
1046,indexing and querying xml data for regular path expressions,"q li , b moon",vldb,2001,"COL title VAL indexing and querying xml data for regular path expressions COL authors VAL q li , b moon COL venue VAL vldb COL year VAL 2001"
1047,potter 's wheel : an interactive data cleaning system,"v raman , j hellerstein",vldb,2001,"COL title VAL potter 's wheel : an interactive data cleaning system COL authors VAL v raman , j hellerstein COL venue VAL vldb COL year VAL 2001"
1048,the aqua approximate query answering system,"s acharya , p gibbons , v poosala , s ramaswamy",sigmod conference,1999,"COL title VAL the aqua approximate query answering system COL authors VAL s acharya , p gibbons , v poosala , s ramaswamy COL venue VAL sigmod conference COL year VAL 1999"
1049,the ccube constraint object-oriented database system,"a brodsky , v segal , j chen , p exarkhopoulo",sigmod conference,1999,"COL title VAL the ccube constraint object-oriented database system COL authors VAL a brodsky , v segal , j chen , p exarkhopoulo COL venue VAL sigmod conference COL year VAL 1999"
1050,query engines for web-accessible xml data,"l fegaras , r elmasri",vldb,2001,"COL title VAL query engines for web-accessible xml data COL authors VAL l fegaras , r elmasri COL venue VAL vldb COL year VAL 2001"
1051,querying xml views of relational data,"j shanmugasundaram , j kiernan , e shekita , c fan , j funderburk",vldb,2001,"COL title VAL querying xml views of relational data COL authors VAL j shanmugasundaram , j kiernan , e shekita , c fan , j funderburk COL venue VAL vldb COL year VAL 2001"
1052,the cornell jaguar system : adding mobility to predator,"p bonnet , k buza , z chen , v cheng , r chung , t hickey , r kennedy , d mahashin , t mayr , i oprencak , p seshadri , h siu",sigmod conference,1999,"COL title VAL the cornell jaguar system : adding mobility to predator COL authors VAL p bonnet , k buza , z chen , v cheng , r chung , t hickey , r kennedy , d mahashin , t mayr , i oprencak , p seshadri , h siu COL venue VAL sigmod conference COL year VAL 1999"
1053,views in a large scale xml repository,"s cluet , p veltri , d vodislav",vldb,2001,"COL title VAL views in a large scale xml repository COL authors VAL s cluet , p veltri , d vodislav COL venue VAL vldb COL year VAL 2001"
1054,the active multisync controller of the cubetree storage organization,"n roussopoulos , y kotidis , y sismanis",sigmod conference,1999,"COL title VAL the active multisync controller of the cubetree storage organization COL authors VAL n roussopoulos , y kotidis , y sismanis COL venue VAL sigmod conference COL year VAL 1999"
1055,supporting incremental join queries on ranked inputs,"a natsev , y chang , j smith , c li , j vitter",vldb,2001,"COL title VAL supporting incremental join queries on ranked inputs COL authors VAL a natsev , y chang , j smith , c li , j vitter COL venue VAL vldb COL year VAL 2001"
1056,the jungle database search engine,"m bіhlen , l bukauskas , c dyreson",sigmod conference,1999,"COL title VAL the jungle database search engine COL authors VAL m bіhlen , l bukauskas , c dyreson COL venue VAL sigmod conference COL year VAL 1999"
1057,mind your vocabulary : query mapping across heterogeneous information sources,"k chang , h garcia-molina",sigmod conference,1999,"COL title VAL mind your vocabulary : query mapping across heterogeneous information sources COL authors VAL k chang , h garcia-molina COL venue VAL sigmod conference COL year VAL 1999"
1058,developing an indexing scheme for xml document collection using the oracle8i extensibility framework,"s sundara , y hu , t chorma , n agarwal , j srinivasan",vldb,2001,"COL title VAL developing an indexing scheme for xml document collection using the oracle8i extensibility framework COL authors VAL s sundara , y hu , t chorma , n agarwal , j srinivasan COL venue VAL vldb COL year VAL 2001"
1059,cache portal : technology for accelerating database-driven e-commerce web sites,"w li , k candan , w hsiung , o po , d agrawal , q luo , w huang , y akca , c yilmaz",vldb,2001,"COL title VAL cache portal : technology for accelerating database-driven e-commerce web sites COL authors VAL w li , k candan , w hsiung , o po , d agrawal , q luo , w huang , y akca , c yilmaz COL venue VAL vldb COL year VAL 2001"
1060,query processing techniques for arrays,"a marathe , k salem",sigmod conference,1999,"COL title VAL query processing techniques for arrays COL authors VAL a marathe , k salem COL venue VAL sigmod conference COL year VAL 1999"
1061,walrus : a similarity retrieval algorithm for image databases,"a natsev , r rastogi , k shim",sigmod conference,1999,"COL title VAL walrus : a similarity retrieval algorithm for image databases COL authors VAL a natsev , r rastogi , k shim COL venue VAL sigmod conference COL year VAL 1999"
1062,flexible and scalable digital library search,"h blok , m windhouwer , r zwol , m petkovic , p apers , m kersten , w jonker",vldb,2001,"COL title VAL flexible and scalable digital library search COL authors VAL h blok , m windhouwer , r zwol , m petkovic , p apers , m kersten , w jonker COL venue VAL vldb COL year VAL 2001"
1063,functional properties of information filtering,"r sawai , m tsukamoto , y loh , t terada , s nishio",vldb,2001,"COL title VAL functional properties of information filtering COL authors VAL r sawai , m tsukamoto , y loh , t terada , s nishio COL venue VAL vldb COL year VAL 2001"
1064,shrinking the warehouse update window,"w labio , r yerneni , h garcia-molina",sigmod conference,1999,"COL title VAL shrinking the warehouse update window COL authors VAL w labio , r yerneni , h garcia-molina COL venue VAL sigmod conference COL year VAL 1999"
1065,query rewriting for semistructured data,"y papakonstantinou , v vassalos",sigmod conference,1999,"COL title VAL query rewriting for semistructured data COL authors VAL y papakonstantinou , v vassalos COL venue VAL sigmod conference COL year VAL 1999"
1066,a prototype content-based retrieval system that uses virtual images to save space,"l brown , l gruenwald",vldb,2001,"COL title VAL a prototype content-based retrieval system that uses virtual images to save space COL authors VAL l brown , l gruenwald COL venue VAL vldb COL year VAL 2001"
1067,db2 spatial extender - spatial data within the rdbms,d adler,vldb,2001,COL title VAL db2 spatial extender - spatial data within the rdbms COL authors VAL d adler COL venue VAL vldb COL year VAL 2001
1068,storing semistructured data with stored,"a deutsch , m fernandez , d suciu",sigmod conference,1999,"COL title VAL storing semistructured data with stored COL authors VAL a deutsch , m fernandez , d suciu COL venue VAL sigmod conference COL year VAL 1999"
1069,agflow : agent-based cross-enterprise workflow management system,"l zeng , b benatallah , p nguyen , a ngu",vldb,2001,"COL title VAL agflow : agent-based cross-enterprise workflow management system COL authors VAL l zeng , b benatallah , p nguyen , a ngu COL venue VAL vldb COL year VAL 2001"
1070,"`` honey , i shrunk the dbms '' : footprint , mobility , and beyond ( panel )",p seshadri,sigmod conference,1999,"COL title VAL `` honey , i shrunk the dbms '' : footprint , mobility , and beyond ( panel ) COL authors VAL p seshadri COL venue VAL sigmod conference COL year VAL 1999"
1071,actiview : adaptive data presentation using supersql,"y maeda , m toyama",vldb,2001,"COL title VAL actiview : adaptive data presentation using supersql COL authors VAL y maeda , m toyama COL venue VAL vldb COL year VAL 2001"
1072,record-boundary discovery in web documents,"d embley , y jiang , y ng",sigmod conference,1999,"COL title VAL record-boundary discovery in web documents COL authors VAL d embley , y jiang , y ng COL venue VAL sigmod conference COL year VAL 1999"
1073,leo - db2 's learning optimizer,"m stillger , g lohman , v markl , m kandil",vldb,2001,"COL title VAL leo - db2 's learning optimizer COL authors VAL m stillger , g lohman , v markl , m kandil COL venue VAL vldb COL year VAL 2001"
1074,petabyte databases,,,1999,COL title VAL petabyte databases COL authors VAL  COL venue VAL  COL year VAL 1999
1075,the semantic web paving the way to the knowledge society,p sondag,vldb,2001,COL title VAL the semantic web paving the way to the knowledge society COL authors VAL p sondag COL venue VAL vldb COL year VAL 2001
1076,"of crawlers , portals , mice and men : is there more to mining the web ? ( panel )","m garofalakis , s ramaswamy , r rastogi , k shim",sigmod conference,1999,"COL title VAL of crawlers , portals , mice and men : is there more to mining the web ? ( panel ) COL authors VAL m garofalakis , s ramaswamy , r rastogi , k shim COL venue VAL sigmod conference COL year VAL 1999"
1077,managing web data,,,1999,COL title VAL managing web data COL authors VAL  COL venue VAL  COL year VAL 1999
1078,xxl - a library approach to supporting efficient implementations of advanced database queries,"j bercken , b blohsfeld , j dittrich , j krфmer , t schфfer , m schneider , b seeger",vldb,2001,"COL title VAL xxl - a library approach to supporting efficient implementations of advanced database queries COL authors VAL j bercken , b blohsfeld , j dittrich , j krфmer , t schфfer , m schneider , b seeger COL venue VAL vldb COL year VAL 2001"
1079,hypertext databases and data mining,,,1999,COL title VAL hypertext databases and data mining COL authors VAL  COL venue VAL  COL year VAL 1999
1080,user-optimizer communication using abstract plans in sybase ase,"m andrei , p valduriez",vldb,2001,"COL title VAL user-optimizer communication using abstract plans in sybase ase COL authors VAL m andrei , p valduriez COL venue VAL vldb COL year VAL 2001"
1081,implementing the spirit of sql-99,p brown,sigmod conference,1999,COL title VAL implementing the spirit of sql-99 COL authors VAL p brown COL venue VAL sigmod conference COL year VAL 1999
1082,storage and retrieval of xml data using relational databases,,,2001,COL title VAL storage and retrieval of xml data using relational databases COL authors VAL  COL venue VAL  COL year VAL 2001
1083,"o-o , what 's happening to db2 ?","m carey , d chamberlin , s narayanan , b vance , d doole , s rielau , r swagerman , n mattos",sigmod conference,1999,"COL title VAL o-o , what 's happening to db2 ? COL authors VAL m carey , d chamberlin , s narayanan , b vance , d doole , s rielau , r swagerman , n mattos COL venue VAL sigmod conference COL year VAL 1999"
1084,merge replication in microsoft 's sql server 7.0,b hammond,sigmod conference,1999,COL title VAL merge replication in microsoft 's sql server 7.0 COL authors VAL b hammond COL venue VAL sigmod conference COL year VAL 1999
1085,"ambient intelligence with the ubiquitous network , the embedded computer devices and the hidden databases ( abstract )",e sol,vldb,2001,"COL title VAL ambient intelligence with the ubiquitous network , the embedded computer devices and the hidden databases ( abstract ) COL authors VAL e sol COL venue VAL vldb COL year VAL 2001"
1086,indexing medium-dimensionality data in oracle,"k kanth , s ravada , j sharma , j banerjee",sigmod conference,1999,"COL title VAL indexing medium-dimensionality data in oracle COL authors VAL k kanth , s ravada , j sharma , j banerjee COL venue VAL sigmod conference COL year VAL 1999"
1087,managing business processes via workflow technology,,,2001,COL title VAL managing business processes via workflow technology COL authors VAL  COL venue VAL  COL year VAL 2001
1088,change-centric management of versions in an xml warehouse,"a marian , s abiteboul , g cobena , l mignet",vldb,2001,"COL title VAL change-centric management of versions in an xml warehouse COL authors VAL a marian , s abiteboul , g cobena , l mignet COL venue VAL vldb COL year VAL 2001"
1089,a multi-similarity algebra,"s adali , p bonatti , m sapino , v subrahmanian",sigmod conference,1998,"COL title VAL a multi-similarity algebra COL authors VAL s adali , p bonatti , m sapino , v subrahmanian COL venue VAL sigmod conference COL year VAL 1998"
1090,catching the boat with strudel : experiences with a web-site management system,"m fernandez , d florescu , j kang , a levy , d suciu",sigmod conference,1998,"COL title VAL catching the boat with strudel : experiences with a web-site management system COL authors VAL m fernandez , d florescu , j kang , a levy , d suciu COL venue VAL sigmod conference COL year VAL 1998"
1091,estimating the selectivity of xml path expressions for internet scale applications,"a aboulnaga , a alameldeen , j naughton",vldb,2001,"COL title VAL estimating the selectivity of xml path expressions for internet scale applications COL authors VAL a aboulnaga , a alameldeen , j naughton COL venue VAL vldb COL year VAL 2001"
1092,comparing hybrid peer-to-peer systems,"b yang , h garcia-molina",vldb,2001,"COL title VAL comparing hybrid peer-to-peer systems COL authors VAL b yang , h garcia-molina COL venue VAL vldb COL year VAL 2001"
1093,bitmap index design and evaluation,"c chan , y ioannidis",sigmod conference,1998,"COL title VAL bitmap index design and evaluation COL authors VAL c chan , y ioannidis COL venue VAL sigmod conference COL year VAL 1998"
1094,data staging for on-demand broadcast,"d aksoy , m franklin , s zdonik",vldb,2001,"COL title VAL data staging for on-demand broadcast COL authors VAL d aksoy , m franklin , s zdonik COL venue VAL vldb COL year VAL 2001"
1095,autoadmin ` what-if ' index analysis utility,"s chaudhuri , v narasayya",sigmod conference,1998,"COL title VAL autoadmin ` what-if ' index analysis utility COL authors VAL s chaudhuri , v narasayya COL venue VAL sigmod conference COL year VAL 1998"
1096,dynamic update cube for range-sum queries,"s chun , c chung , j lee , s lee",vldb,2001,"COL title VAL dynamic update cube for range-sum queries COL authors VAL s chun , c chung , j lee , s lee COL venue VAL vldb COL year VAL 2001"
1097,are we working on the right problems ? ( panel ),m stonebraker,sigmod conference,1998,COL title VAL are we working on the right problems ? ( panel ) COL authors VAL m stonebraker COL venue VAL sigmod conference COL year VAL 1998
1098,distinct sampling for highly-accurate answers to distinct values queries and event reports,p gibbons,vldb,2001,COL title VAL distinct sampling for highly-accurate answers to distinct values queries and event reports COL authors VAL p gibbons COL venue VAL vldb COL year VAL 2001
1099,electronic commerce : tutorial,"n adam , y yesha",sigmod conference,1998,"COL title VAL electronic commerce : tutorial COL authors VAL n adam , y yesha COL venue VAL sigmod conference COL year VAL 1998"
1100,approximate medians and other quantiles in one pass and with limited memory,"g manku , s rajagopalan , b lindsay",sigmod conference,1998,"COL title VAL approximate medians and other quantiles in one pass and with limited memory COL authors VAL g manku , s rajagopalan , b lindsay COL venue VAL sigmod conference COL year VAL 1998"
1101,approximate string joins in a database ( almost ) for free,"l gravano , p ipeirotis , h jagadish , n koudas , s muthukrishnan , d srivastava",vldb,2001,"COL title VAL approximate string joins in a database ( almost ) for free COL authors VAL l gravano , p ipeirotis , h jagadish , n koudas , s muthukrishnan , d srivastava COL venue VAL vldb COL year VAL 2001"
1102,efficient and transparent application recovery in client-server information systems,"d lomet , g weikum",sigmod conference,1998,"COL title VAL efficient and transparent application recovery in client-server information systems COL authors VAL d lomet , g weikum COL venue VAL sigmod conference COL year VAL 1998"
1103,dynamic pipeline scheduling for improving interactive query performance,"t urhan , m franklin",vldb,2001,"COL title VAL dynamic pipeline scheduling for improving interactive query performance COL authors VAL t urhan , m franklin COL venue VAL vldb COL year VAL 2001"
1104,aggregate maintenance for data warehousing in informix red brick vista,"c bunker , l colby , r cole , w mckenna , g mulagund , d wilhite",vldb,2001,"COL title VAL aggregate maintenance for data warehousing in informix red brick vista COL authors VAL c bunker , l colby , r cole , w mckenna , g mulagund , d wilhite COL venue VAL vldb COL year VAL 2001"
1105,database systems management and oracle8,c doherty,sigmod conference,1998,COL title VAL database systems management and oracle8 COL authors VAL c doherty COL venue VAL sigmod conference COL year VAL 1998
1106,data in your face : push technology in perspective,"m franklin , s zdonik",sigmod conference,1998,"COL title VAL data in your face : push technology in perspective COL authors VAL m franklin , s zdonik COL venue VAL sigmod conference COL year VAL 1998"
1107,cache fusion : extending shared-disk clusters with shared caches,"t lahiri , v srihari , w chan , n macnaughton , s chandrasekaran",vldb,2001,"COL title VAL cache fusion : extending shared-disk clusters with shared caches COL authors VAL t lahiri , v srihari , w chan , n macnaughton , s chandrasekaran COL venue VAL vldb COL year VAL 2001"
1108,"high-dimensional index structures , database support for next decade 's applications ( tutorial )","s berchtold , d keim",sigmod conference,1998,"COL title VAL high-dimensional index structures , database support for next decade 's applications ( tutorial ) COL authors VAL s berchtold , d keim COL venue VAL sigmod conference COL year VAL 1998"
1109,architectures for internal web services deployment,o shmueli,vldb,2001,COL title VAL architectures for internal web services deployment COL authors VAL o shmueli COL venue VAL vldb COL year VAL 2001
1110,a sequential pattern query language for supporting instant data mining for e-services,"r sadri , c zaniolo , a zarkesh , j adibi",vldb,2001,"COL title VAL a sequential pattern query language for supporting instant data mining for e-services COL authors VAL r sadri , c zaniolo , a zarkesh , j adibi COL venue VAL vldb COL year VAL 2001"
1111,enterprise java platform data access,"s white , r cattell , s finkelstein",sigmod conference,1998,"COL title VAL enterprise java platform data access COL authors VAL s white , r cattell , s finkelstein COL venue VAL sigmod conference COL year VAL 1998"
1112,filenet integrated document management database usage and issues,d whelan,sigmod conference,1998,COL title VAL filenet integrated document management database usage and issues COL authors VAL d whelan COL venue VAL sigmod conference COL year VAL 1998
1113,french government activity in the conservation of data and electronic documents,s novaretti,vldb,2001,COL title VAL french government activity in the conservation of data and electronic documents COL authors VAL s novaretti COL venue VAL vldb COL year VAL 2001
1114,discovering web services : an overview,v draluk,vldb,2001,COL title VAL discovering web services : an overview COL authors VAL v draluk COL venue VAL vldb COL year VAL 2001
1115,"developing a high traffic , read-only web site","j nauman , r suorsa",sigmod conference,1998,"COL title VAL developing a high traffic , read-only web site COL authors VAL j nauman , r suorsa COL venue VAL sigmod conference COL year VAL 1998"
1116,"50,000 users on an oracle8 universal server database","t lahiri , a josji , a jasuja , s chatterjee",sigmod conference,1998,"COL title VAL 50,000 users on an oracle8 universal server database COL authors VAL t lahiri , a josji , a jasuja , s chatterjee COL venue VAL sigmod conference COL year VAL 1998"
1117,collaborative analytical processing - dream or reality ? ( panel abstract ),"w o'connell , a witkowski , g graefe",vldb,2001,"COL title VAL collaborative analytical processing - dream or reality ? ( panel abstract ) COL authors VAL w o'connell , a witkowski , g graefe COL venue VAL vldb COL year VAL 2001"
1118,about quark digital media system,k aulakh,sigmod conference,1998,COL title VAL about quark digital media system COL authors VAL k aulakh COL venue VAL sigmod conference COL year VAL 1998
1119,are web services the next revolution in e-commerce ? ( panel ),"s tsur , s abiteboul , r agrawal , u dayal , j klein , g weikum",vldb,2001,"COL title VAL are web services the next revolution in e-commerce ? ( panel ) COL authors VAL s tsur , s abiteboul , r agrawal , u dayal , j klein , g weikum COL venue VAL vldb COL year VAL 2001"
1120,exploratory mining and pruning optimizations of constrained association rules,"r ng , l lakshmanan , j han , a pang",sigmod conference,1998,"COL title VAL exploratory mining and pruning optimizations of constrained association rules COL authors VAL r ng , l lakshmanan , j han , a pang COL venue VAL sigmod conference COL year VAL 1998"
1121,efficient management of multiversion documents by object referencing,"s chien , v tsotras , c zaniolo",vldb,2001,"COL title VAL efficient management of multiversion documents by object referencing COL authors VAL s chien , v tsotras , c zaniolo COL venue VAL vldb COL year VAL 2001"
1122,answering xml queries on heterogeneous data sources,"i manolescu , d florescu , d kossmann",vldb,2001,"COL title VAL answering xml queries on heterogeneous data sources COL authors VAL i manolescu , d florescu , d kossmann COL venue VAL vldb COL year VAL 2001"
1123,xml-based information mediation with mix,"c baru , a gupta , b ludфscher , r marciano , y papakonstantinou , p velikhov , v chu",sigmod conference,1999,"COL title VAL xml-based information mediation with mix COL authors VAL c baru , a gupta , b ludфscher , r marciano , y papakonstantinou , p velikhov , v chu COL venue VAL sigmod conference COL year VAL 1999"
1124,"world wide database - integrating the web , corba , and databases","a bouguettaya , b benatallah , l hendra , j beard , k smith , m ouzzani",sigmod conference,1999,"COL title VAL world wide database - integrating the web , corba , and databases COL authors VAL a bouguettaya , b benatallah , l hendra , j beard , k smith , m ouzzani COL venue VAL sigmod conference COL year VAL 1999"
1125,an extendible hash for multi-precision similarity querying of image databases,"s lin , m жzsu , v oria , r ng",vldb,2001,"COL title VAL an extendible hash for multi-precision similarity querying of image databases COL authors VAL s lin , m жzsu , v oria , r ng COL venue VAL vldb COL year VAL 2001"
1126,fast evaluation techniques for complex similarity queries,"k bіhm , m mlivoncic , h schek , r weber",vldb,2001,"COL title VAL fast evaluation techniques for complex similarity queries COL authors VAL k bіhm , m mlivoncic , h schek , r weber COL venue VAL vldb COL year VAL 2001"
1127,the wasa2 object-oriented workflow management system,"g vossen , m weske",sigmod conference,1999,"COL title VAL the wasa2 object-oriented workflow management system COL authors VAL g vossen , m weske COL venue VAL sigmod conference COL year VAL 1999"
1128,feedbackbypass : a new approach to interactive similarity query processing,"i bartolini , p ciaccia , f waas",vldb,2001,"COL title VAL feedbackbypass : a new approach to interactive similarity query processing COL authors VAL i bartolini , p ciaccia , f waas COL venue VAL vldb COL year VAL 2001"
1129,automatic subspace clustering of high dimensional data for data mining applications,"r agrawal , j gehrke , d gunopulos , p raghavan",sigmod conference,1998,"COL title VAL automatic subspace clustering of high dimensional data for data mining applications COL authors VAL r agrawal , j gehrke , d gunopulos , p raghavan COL venue VAL sigmod conference COL year VAL 1998"
1130,form-based proxy caching for database-backed web sites,"q luo , j naughton",vldb,2001,"COL title VAL form-based proxy caching for database-backed web sites COL authors VAL q luo , j naughton COL venue VAL vldb COL year VAL 2001"
1131,efficiently mining long patterns from databases,r jr.,sigmod conference,1998,COL title VAL efficiently mining long patterns from databases COL authors VAL r jr. COL venue VAL sigmod conference COL year VAL 1998
1132,cache-conscious concurrency control of main-memory indexes on shared-memory multiprocessor systems,"s cha , s hwang , k kim , k kwon",vldb,2001,"COL title VAL cache-conscious concurrency control of main-memory indexes on shared-memory multiprocessor systems COL authors VAL s cha , s hwang , k kim , k kwon COL venue VAL vldb COL year VAL 2001"
1133,cure : an efficient clustering algorithm for large databases,"s guha , r rastogi , k shim",sigmod conference,1998,"COL title VAL cure : an efficient clustering algorithm for large databases COL authors VAL s guha , r rastogi , k shim COL venue VAL sigmod conference COL year VAL 1998"
1134,a database index to large biological sequences,"e hunt , m atkinson , r irving",vldb,2001,"COL title VAL a database index to large biological sequences COL authors VAL e hunt , m atkinson , r irving COL venue VAL vldb COL year VAL 2001"
1135,changing the rules : transformations for rule-based optimizers,"m cherniack , s zdonik",sigmod conference,1998,"COL title VAL changing the rules : transformations for rule-based optimizers COL authors VAL m cherniack , s zdonik COL venue VAL sigmod conference COL year VAL 1998"
1136,an alternative storage organization for rolap aggregate views based on cubetrees,"y kotidis , n roussopoulos",sigmod conference,1998,"COL title VAL an alternative storage organization for rolap aggregate views based on cubetrees COL authors VAL y kotidis , n roussopoulos COL venue VAL sigmod conference COL year VAL 1998"
1137,a data warehousing architecture for enabling service provisioning process,y kotidis,vldb,2001,COL title VAL a data warehousing architecture for enabling service provisioning process COL authors VAL y kotidis COL venue VAL vldb COL year VAL 2001
1138,dimensionality reduction for similarity searching in dynamic databases,"k kanth , d agrawal , a singh",sigmod conference,1998,"COL title VAL dimensionality reduction for similarity searching in dynamic databases COL authors VAL k kanth , d agrawal , a singh COL venue VAL sigmod conference COL year VAL 1998"
1139,an evaluation of generic bulk loading techniques,"j bercken , b seeger",vldb,2001,"COL title VAL an evaluation of generic bulk loading techniques COL authors VAL j bercken , b seeger COL venue VAL vldb COL year VAL 2001"
1140,analyzing energy behavior of spatial access methods for memory-resident data,"n an , a sivasubramaniam , n vijaykrishnan , m kandemir , m irwin , s gurumurthi",vldb,2001,"COL title VAL analyzing energy behavior of spatial access methods for memory-resident data COL authors VAL n an , a sivasubramaniam , n vijaykrishnan , m kandemir , m irwin , s gurumurthi COL venue VAL vldb COL year VAL 2001"
1141,cost based query scrambling for initial delays,"t urhan , m franklin , l amsaleg",sigmod conference,1998,"COL title VAL cost based query scrambling for initial delays COL authors VAL t urhan , m franklin , l amsaleg COL venue VAL sigmod conference COL year VAL 1998"
1142,"declarative data cleaning : language , model , and algorithms","h galhardas , d florescu , d shasha , e simon , c saita",vldb,2001,"COL title VAL declarative data cleaning : language , model , and algorithms COL authors VAL h galhardas , d florescu , d shasha , e simon , c saita COL venue VAL vldb COL year VAL 2001"
1143,efficient mid-query re-optimization of sub-optimal query execution plans,"n kabra , d dewitt",sigmod conference,1998,"COL title VAL efficient mid-query re-optimization of sub-optimal query execution plans COL authors VAL n kabra , d dewitt COL venue VAL sigmod conference COL year VAL 1998"
1144,cost-based optimization of decision support queries using transient views,"s subramanian , s venkataraman",sigmod conference,1998,"COL title VAL cost-based optimization of decision support queries using transient views COL authors VAL s subramanian , s venkataraman COL venue VAL sigmod conference COL year VAL 1998"
1145,efficient index structures for string databases,"t kahveci , a singh",vldb,2001,"COL title VAL efficient index structures for string databases COL authors VAL t kahveci , a singh COL venue VAL vldb COL year VAL 2001"
1146,a fast index for semistructured data,"b cooper , n sample , m franklin , g hjaltason , m shadmon",vldb,2001,"COL title VAL a fast index for semistructured data COL authors VAL b cooper , n sample , m franklin , g hjaltason , m shadmon COL venue VAL vldb COL year VAL 2001"
1147,enhanced hypertext categorization using hyperlinks,"s chakrabarti , b dom , p indyk",sigmod conference,1998,"COL title VAL enhanced hypertext categorization using hyperlinks COL authors VAL s chakrabarti , b dom , p indyk COL venue VAL sigmod conference COL year VAL 1998"
1148,extracting schema from semistructured data,"s nestorov , s abiteboul , r motwani",sigmod conference,1998,"COL title VAL extracting schema from semistructured data COL authors VAL s nestorov , s abiteboul , r motwani COL venue VAL sigmod conference COL year VAL 1998"
1149,c2p : clustering based on closest pairs,"a nanopoulos , y theodoridis , y manolopoulos",vldb,2001,"COL title VAL c2p : clustering based on closest pairs COL authors VAL a nanopoulos , y theodoridis , y manolopoulos COL venue VAL vldb COL year VAL 2001"
1150,caching multidimensional queries using chunks,"p deshpande , k ramasamy , a shukla , j naughton",sigmod conference,1998,"COL title VAL caching multidimensional queries using chunks COL authors VAL p deshpande , k ramasamy , a shukla , j naughton COL venue VAL sigmod conference COL year VAL 1998"
1151,efficient progressive skyline computation,"k tan , p eng , b ooi",vldb,2001,"COL title VAL efficient progressive skyline computation COL authors VAL k tan , p eng , b ooi COL venue VAL vldb COL year VAL 2001"
1152,automated selection of materialized views and indexes in sql databases,"s agrawal , s chaudhuri , v narasayya",vldb,2000,"COL title VAL automated selection of materialized views and indexes in sql databases COL authors VAL s agrawal , s chaudhuri , v narasayya COL venue VAL vldb COL year VAL 2000"
1153,the dedale system for complex spatial queries,"s grumbach , p rigaux , l segoufin",sigmod conference,1998,"COL title VAL the dedale system for complex spatial queries COL authors VAL s grumbach , p rigaux , l segoufin COL venue VAL sigmod conference COL year VAL 1998"
1154,similarity query processing using disk arrays,"a papadopoulos , y manolopoulos",sigmod conference,1998,"COL title VAL similarity query processing using disk arrays COL authors VAL a papadopoulos , y manolopoulos COL venue VAL sigmod conference COL year VAL 1998"
1155,approximating aggregate queries about web pages via random walks,"z bar-yossef , a berg , s chien , j fakcharoenphol , d weitz",vldb,2000,"COL title VAL approximating aggregate queries about web pages via random walks COL authors VAL z bar-yossef , a berg , s chien , j fakcharoenphol , d weitz COL venue VAL vldb COL year VAL 2000"
1156,incremental distance join algorithms for spatial databases,"g hjaltason , h samet",sigmod conference,1998,"COL title VAL incremental distance join algorithms for spatial databases COL authors VAL g hjaltason , h samet COL venue VAL sigmod conference COL year VAL 1998"
1157,computing geographical scopes of web resources,"j ding , l gravano , n shivakumar",vldb,2000,"COL title VAL computing geographical scopes of web resources COL authors VAL j ding , l gravano , n shivakumar COL venue VAL vldb COL year VAL 2000"
1158,a case-based approach to information integration,"m panti , l spalazzi , a giretti",vldb,2000,"COL title VAL a case-based approach to information integration COL authors VAL m panti , l spalazzi , a giretti COL venue VAL vldb COL year VAL 2000"
1159,simultaneous optimization and evaluation of multiple dimensional queries,"y zhao , p deshpande , j naughton , a shukla",sigmod conference,1998,"COL title VAL simultaneous optimization and evaluation of multiple dimensional queries COL authors VAL y zhao , p deshpande , j naughton , a shukla COL venue VAL sigmod conference COL year VAL 1998"
1160,optimal multi-step k-nearest neighbor search,"t seidl , h kriegel",sigmod conference,1998,"COL title VAL optimal multi-step k-nearest neighbor search COL authors VAL t seidl , h kriegel COL venue VAL sigmod conference COL year VAL 1998"
1161,approximate query translation across heterogeneous information sources,"k chang , h garcia-molina",vldb,2000,"COL title VAL approximate query translation across heterogeneous information sources COL authors VAL k chang , h garcia-molina COL venue VAL vldb COL year VAL 2000"
1162,your mediators need data conversion !,"s cluet , c delobel , j simщon , k smaga",sigmod conference,1998,"COL title VAL your mediators need data conversion ! COL authors VAL s cluet , c delobel , j simщon , k smaga COL venue VAL sigmod conference COL year VAL 1998"
1163,design and development of a stream service in a heterogenous client environment,"n pappas , s christodoulakis",vldb,2000,"COL title VAL design and development of a stream service in a heterogenous client environment COL authors VAL n pappas , s christodoulakis COL venue VAL vldb COL year VAL 2000"
1164,agora : living with xml and relational,"i manolescu , d florescu , d kossmann , f xhumari , d olteanu",vldb,2000,"COL title VAL agora : living with xml and relational COL authors VAL i manolescu , d florescu , d kossmann , f xhumari , d olteanu COL venue VAL vldb COL year VAL 2000"
1165,using schematically heterogeneous structures,r miller,sigmod conference,1998,COL title VAL using schematically heterogeneous structures COL authors VAL r miller COL venue VAL sigmod conference COL year VAL 1998
1166,demonstration : enabling scalable online personalization on the web,"k dutta , a datta , d vandermeer , k ramamritham , h thomas",vldb,2000,"COL title VAL demonstration : enabling scalable online personalization on the web COL authors VAL k dutta , a datta , d vandermeer , k ramamritham , h thomas COL venue VAL vldb COL year VAL 2000"
1167,integration of heterogeneous databases without common domains using queries based on textual similarity,w cohen,sigmod conference,1998,COL title VAL integration of heterogeneous databases without common domains using queries based on textual similarity COL authors VAL w cohen COL venue VAL sigmod conference COL year VAL 1998
1168,secure and portable database extensibility,"m godfrey , t mayr , p seshadri , t eicken",sigmod conference,1998,"COL title VAL secure and portable database extensibility COL authors VAL m godfrey , t mayr , p seshadri , t eicken COL venue VAL sigmod conference COL year VAL 1998"
1169,building scalable internet applications with oracle8i server,"j basu , j fernсndez , o peschansky",vldb,2000,"COL title VAL building scalable internet applications with oracle8i server COL authors VAL j basu , j fernсndez , o peschansky COL venue VAL vldb COL year VAL 2000"
1170,a 20/20 vision of the vldb-2020 ?,"s deen , a jhingran , s navathe , e neuhold , g wiederhold",vldb,2000,"COL title VAL a 20/20 vision of the vldb-2020 ? COL authors VAL s deen , a jhingran , s navathe , e neuhold , g wiederhold COL venue VAL vldb COL year VAL 2000"
1171,random sampling for histogram construction : how much is enough ?,"s chaudhuri , r motwani , v narasayya",sigmod conference,1998,"COL title VAL random sampling for histogram construction : how much is enough ? COL authors VAL s chaudhuri , r motwani , v narasayya COL venue VAL sigmod conference COL year VAL 1998"
1172,wavelet-based histograms for selectivity estimation,"y matias , j vitter , m wang",sigmod conference,1998,"COL title VAL wavelet-based histograms for selectivity estimation COL authors VAL y matias , j vitter , m wang COL venue VAL sigmod conference COL year VAL 1998"
1173,an ultra highly available dbms,"s hvasshovd , s bratsberg , и torbjјrnsen",vldb,2000,"COL title VAL an ultra highly available dbms COL authors VAL s hvasshovd , s bratsberg , и torbjјrnsen COL venue VAL vldb COL year VAL 2000"
1174,asera : extranet architecture for b2b solutions,a nori,vldb,2000,COL title VAL asera : extranet architecture for b2b solutions COL authors VAL a nori COL venue VAL vldb COL year VAL 2000
1175,memory management during run generation in external sorting,"p larson , g graefe",sigmod conference,1998,"COL title VAL memory management during run generation in external sorting COL authors VAL p larson , g graefe COL venue VAL sigmod conference COL year VAL 1998"
1176,nodose - a tool for semi-automatically extracting semi-structured data from text documents,b adelberg,sigmod conference,1998,COL title VAL nodose - a tool for semi-automatically extracting semi-structured data from text documents COL authors VAL b adelberg COL venue VAL sigmod conference COL year VAL 1998
1177,evolution of groupware for business applications : a database perspective on lotus domino/notes,"c mohan , r barber , s watts , a somani , m zaharioudakis",vldb,2000,"COL title VAL evolution of groupware for business applications : a database perspective on lotus domino/notes COL authors VAL c mohan , r barber , s watts , a somani , m zaharioudakis COL venue VAL vldb COL year VAL 2000"
1178,biodiversity informatics infrastructure : an information commons for the biodiversity community,"g cotter , b bauldock",vldb,2000,"COL title VAL biodiversity informatics infrastructure : an information commons for the biodiversity community COL authors VAL g cotter , b bauldock COL venue VAL vldb COL year VAL 2000"
1179,new sampling-based summary statistics for improving approximate query answers,"p gibbons , y matias",sigmod conference,1998,"COL title VAL new sampling-based summary statistics for improving approximate query answers COL authors VAL p gibbons , y matias COL venue VAL sigmod conference COL year VAL 1998"
1180,integrating mining with relational database systems : alternatives and implications,"s sarawagi , s thomas , r agrawal",sigmod conference,1998,"COL title VAL integrating mining with relational database systems : alternatives and implications COL authors VAL s sarawagi , s thomas , r agrawal COL venue VAL sigmod conference COL year VAL 1998"
1181,a database platform for bioinformatics,s banerjee,vldb,2000,COL title VAL a database platform for bioinformatics COL authors VAL s banerjee COL venue VAL vldb COL year VAL 2000
1182,on parallel processing of aggregate and scalar functions in object-relational dbms,"m jaedicke , b mitschang",sigmod conference,1998,"COL title VAL on parallel processing of aggregate and scalar functions in object-relational dbms COL authors VAL m jaedicke , b mitschang COL venue VAL sigmod conference COL year VAL 1998"
1183,data mining in the bioinformatics domain,s tsur,vldb,2000,COL title VAL data mining in the bioinformatics domain COL authors VAL s tsur COL venue VAL vldb COL year VAL 2000
1184,control : continuous output and navigation technology with refinement on-line,"r avnur , j hellerstein , b lo , c olston , b raman , v raman , t roth , k wylie",sigmod conference,1998,"COL title VAL control : continuous output and navigation technology with refinement on-line COL authors VAL r avnur , j hellerstein , b lo , c olston , b raman , v raman , t roth , k wylie COL venue VAL sigmod conference COL year VAL 1998"
1185,design and implementation of a genetic-based algorithm for data mining,s choenni,vldb,2000,COL title VAL design and implementation of a genetic-based algorithm for data mining COL authors VAL s choenni COL venue VAL vldb COL year VAL 2000
1186,author index,,vldb,2000,COL title VAL author index COL authors VAL  COL venue VAL vldb COL year VAL 2000
1187,ariadne : a system for constructing mediators for internet sources,"j ambite , n ashish , g barish , c knoblock , s minton , p modi , i muslea , a philpot , s tejada",sigmod conference,1998,"COL title VAL ariadne : a system for constructing mediators for internet sources COL authors VAL j ambite , n ashish , g barish , c knoblock , s minton , p modi , i muslea , a philpot , s tejada COL venue VAL sigmod conference COL year VAL 1998"
1188,efficiently publishing relational data as xml documents,"j shanmugasundaram , e shekita , r barr , m carey , b lindsay , h pirahesh , b reinwald",vldb,2000,"COL title VAL efficiently publishing relational data as xml documents COL authors VAL j shanmugasundaram , e shekita , r barr , m carey , b lindsay , h pirahesh , b reinwald COL venue VAL vldb COL year VAL 2000"
1189,dtl 's dataspot : database exploration as easy as browsing the web,"s dar , g entin , s geva , e palmon",sigmod conference,1998,"COL title VAL dtl 's dataspot : database exploration as easy as browsing the web COL authors VAL s dar , g entin , s geva , e palmon COL venue VAL sigmod conference COL year VAL 1998"
1190,efficient filtering of xml documents for selective dissemination of information,"m altinel , m franklin",vldb,2000,"COL title VAL efficient filtering of xml documents for selective dissemination of information COL authors VAL m altinel , m franklin COL venue VAL vldb COL year VAL 2000"
1191,amdb : an access method debugging tool,"m kornacker , m shah , j hellerstein",sigmod conference,1998,"COL title VAL amdb : an access method debugging tool COL authors VAL m kornacker , m shah , j hellerstein COL venue VAL sigmod conference COL year VAL 1998"
1192,approximate query processing using wavelets,"k chakrabarti , m garofalakis , r rastogi , k shim",vldb,2000,"COL title VAL approximate query processing using wavelets COL authors VAL k chakrabarti , m garofalakis , r rastogi , k shim COL venue VAL vldb COL year VAL 2000"
1193,free parallel data mining,"b li , d shasha",sigmod conference,1998,"COL title VAL free parallel data mining COL authors VAL b li , d shasha COL venue VAL sigmod conference COL year VAL 1998"
1194,dynamic maintenance of wavelet-based histograms,"y matias , j vitter , m wang",vldb,2000,"COL title VAL dynamic maintenance of wavelet-based histograms COL authors VAL y matias , j vitter , m wang COL venue VAL vldb COL year VAL 2000"
1195,delivering high availability for inktomi search engines,e brewer,sigmod conference,1998,COL title VAL delivering high availability for inktomi search engines COL authors VAL e brewer COL venue VAL sigmod conference COL year VAL 1998
1196,datasplash,"c olston , a woodruff , a aiken , m chu , v ercegovac , m lin , m spalding , m stonebraker",sigmod conference,1998,"COL title VAL datasplash COL authors VAL c olston , a woodruff , a aiken , m chu , v ercegovac , m lin , m spalding , m stonebraker COL venue VAL sigmod conference COL year VAL 1998"
1197,"do n't be lazy , be consistent : postgres-r , a new way to implement database replication","b kemme , g alonso",vldb,2000,"COL title VAL do n't be lazy , be consistent : postgres-r , a new way to implement database replication COL authors VAL b kemme , g alonso COL venue VAL vldb COL year VAL 2000"
1198,cq : a personalized update monitoring toolkit,"l liu , c pu , w tang , d buttler , j biggs , t zhou , p benninghoff , w han , f yu",sigmod conference,1998,"COL title VAL cq : a personalized update monitoring toolkit COL authors VAL l liu , c pu , w tang , d buttler , j biggs , t zhou , p benninghoff , w han , f yu COL venue VAL sigmod conference COL year VAL 1998"
1199,efficient numerical error bounding for replicated network services,"h yu , a vahdat",vldb,2000,"COL title VAL efficient numerical error bounding for replicated network services COL authors VAL h yu , a vahdat COL venue VAL vldb COL year VAL 2000"
1200,query unnesting in object-oriented databases,l fegaras,sigmod conference,1998,COL title VAL query unnesting in object-oriented databases COL authors VAL l fegaras COL venue VAL sigmod conference COL year VAL 1998
1201,cheetah : a lightweight transaction server for plug-and-play internet data management,"g pardon , g alonso",vldb,2000,"COL title VAL cheetah : a lightweight transaction server for plug-and-play internet data management COL authors VAL g pardon , g alonso COL venue VAL vldb COL year VAL 2000"
1202,reusing invariants : a new strategy for correlated queries,"j rao , k ross",sigmod conference,1998,"COL title VAL reusing invariants : a new strategy for correlated queries COL authors VAL j rao , k ross COL venue VAL sigmod conference COL year VAL 1998"
1203,caching strategies for data-intensive web sites,"k yagoub , d florescu , v issarny , p valduriez",vldb,2000,"COL title VAL caching strategies for data-intensive web sites COL authors VAL k yagoub , d florescu , v issarny , p valduriez COL venue VAL vldb COL year VAL 2000"
1204,falcon : feedback adaptive loop for content-based retrieval,"l wu , c faloutsos , k sycara , t payne",vldb,2000,"COL title VAL falcon : feedback adaptive loop for content-based retrieval COL authors VAL l wu , c faloutsos , k sycara , t payne COL venue VAL vldb COL year VAL 2000"
1205,the pyramid-technique : towards breaking the curse of dimensionality,"s berchtold , c bіhm , h kriegel",sigmod conference,1998,"COL title VAL the pyramid-technique : towards breaking the curse of dimensionality COL authors VAL s berchtold , c bіhm , h kriegel COL venue VAL sigmod conference COL year VAL 1998"
1206,interaction of query evaluation and buffer management for information retrieval,"b jѓnsson , m franklin , d srivastava",sigmod conference,1998,"COL title VAL interaction of query evaluation and buffer management for information retrieval COL authors VAL b jѓnsson , m franklin , d srivastava COL venue VAL sigmod conference COL year VAL 1998"
1207,hierarchical compact cube for range-max queries,"s lee , t ling , h li",vldb,2000,"COL title VAL hierarchical compact cube for range-max queries COL authors VAL s lee , t ling , h li COL venue VAL vldb COL year VAL 2000"
1208,fast time sequence indexing for arbitrary lp norms,"b yi , c faloutsos",vldb,2000,"COL title VAL fast time sequence indexing for arbitrary lp norms COL authors VAL b yi , c faloutsos COL venue VAL vldb COL year VAL 2000"
1209,capability based mediation in tsimmis,"c li , r yerneni , v vassalos , h garcia-molina , y papakonstantinou , j ullman , m valiveti",sigmod conference,1998,"COL title VAL capability based mediation in tsimmis COL authors VAL c li , r yerneni , v vassalos , h garcia-molina , y papakonstantinou , j ullman , m valiveti COL venue VAL sigmod conference COL year VAL 1998"
1210,a protein patent query system powered by kleisli,"j chen , l wong , l zhang",sigmod conference,1998,"COL title VAL a protein patent query system powered by kleisli COL authors VAL j chen , l wong , l zhang COL venue VAL sigmod conference COL year VAL 1998"
1211,decision tables : scalable classification exploring rdbms capabilities,"h lu , h liu",vldb,2000,"COL title VAL decision tables : scalable classification exploring rdbms capabilities COL authors VAL h lu , h liu COL venue VAL vldb COL year VAL 2000"
1212,a scalable algorithm for answering queries using views,"r pottinger , a levy",vldb,2000,"COL title VAL a scalable algorithm for answering queries using views COL authors VAL r pottinger , a levy COL venue VAL vldb COL year VAL 2000"
1213,parallel mining algorithms for generalized association rules with classification hierarchy,"t shintani , m kitsuregawa",sigmod conference,1998,"COL title VAL parallel mining algorithms for generalized association rules with classification hierarchy COL authors VAL t shintani , m kitsuregawa COL venue VAL sigmod conference COL year VAL 1998"
1214,query flocks : a generalization of association-rule mining,"s tsur , j ullman , s abiteboul , c clifton , r motwani , s nestorov , a rosenthal",sigmod conference,1998,"COL title VAL query flocks : a generalization of association-rule mining COL authors VAL s tsur , j ullman , s abiteboul , c clifton , r motwani , s nestorov , a rosenthal COL venue VAL sigmod conference COL year VAL 1998"
1215,contrast plots and p-sphere trees : space vs. time in nearest neighbour searches,"j goldstein , r ramakrishnan",vldb,2000,"COL title VAL contrast plots and p-sphere trees : space vs. time in nearest neighbour searches COL authors VAL j goldstein , r ramakrishnan COL venue VAL vldb COL year VAL 2000"
1216,the propel distributed services platform,"m carey , s kirsch , m roth , b linden , n adiba , m blow , d florescu , d li , i oprencak , r panwar , r qi , d rieber , j shafer , b sterling , t urhan , b vickery , d wineman , k yee",vldb,2001,"COL title VAL the propel distributed services platform COL authors VAL m carey , s kirsch , m roth , b linden , n adiba , m blow , d florescu , d li , i oprencak , r panwar , r qi , d rieber , j shafer , b sterling , t urhan , b vickery , d wineman , k yee COL venue VAL vldb COL year VAL 2001"
1217,multimediaminer : a system prototype for multimedia data mining,"o zaяane , j han , z li , s chee , j chiang",sigmod conference,1998,"COL title VAL multimediaminer : a system prototype for multimedia data mining COL authors VAL o zaяane , j han , z li , s chee , j chiang COL venue VAL sigmod conference COL year VAL 1998"
1218,supersql : an extended sql for database publishing and presentation,m toyama,sigmod conference,1998,COL title VAL supersql : an extended sql for database publishing and presentation COL authors VAL m toyama COL venue VAL sigmod conference COL year VAL 1998
1219,tavant system architecture for sell-side channel management,"s narayanan , s subramanian",vldb,2001,"COL title VAL tavant system architecture for sell-side channel management COL authors VAL s narayanan , s subramanian COL venue VAL vldb COL year VAL 2001"
1220,navigating large-scale semi-structured data in business portals,"m abrol , n latarche , u mahadevan , j mao , r mukherjee , p raghavan , m tourn , j wang , g zhang",vldb,2001,"COL title VAL navigating large-scale semi-structured data in business portals COL authors VAL m abrol , n latarche , u mahadevan , j mao , r mukherjee , p raghavan , m tourn , j wang , g zhang COL venue VAL vldb COL year VAL 2001"
1221,the multidimensional database system rasdaman,"p baumann , a dehmel , p furtado , r ritsch , n widmann",sigmod conference,1998,"COL title VAL the multidimensional database system rasdaman COL authors VAL p baumann , a dehmel , p furtado , r ritsch , n widmann COL venue VAL sigmod conference COL year VAL 1998"
1222,a comparative study of alternative middle tier caching solutions to support dynamic web content acceleration,"a datta , k dutta , h thomas , d vandermeer , k ramamritham , d fishman",vldb,2001,"COL title VAL a comparative study of alternative middle tier caching solutions to support dynamic web content acceleration COL authors VAL a datta , k dutta , h thomas , d vandermeer , k ramamritham , d fishman COL venue VAL vldb COL year VAL 2001"
1223,xmas : an extensible main-memory storage system for high-performance applications,"j park , y kwon , k kim , s lee , b park , s cha",sigmod conference,1998,"COL title VAL xmas : an extensible main-memory storage system for high-performance applications COL authors VAL j park , y kwon , k kim , s lee , b park , s cha COL venue VAL sigmod conference COL year VAL 1998"
1224,lopix : a system for xml data integration and manipulation,w may,vldb,2001,COL title VAL lopix : a system for xml data integration and manipulation COL authors VAL w may COL venue VAL vldb COL year VAL 2001
1225,providing database-like access to the web using queries based on textual similarity,w cohen,sigmod conference,1998,COL title VAL providing database-like access to the web using queries based on textual similarity COL authors VAL w cohen COL venue VAL sigmod conference COL year VAL 1998
1226,picodbms : validation and experience,"n anciaux , c bobineau , l bouganim , p pucheral , p valduriez",vldb,2001,"COL title VAL picodbms : validation and experience COL authors VAL n anciaux , c bobineau , l bouganim , p pucheral , p valduriez COL venue VAL vldb COL year VAL 2001"
1227,user-oriented smart-cache for the web : what you seek is what you get !,"z lacroix , a sahuguet , r chandrasekar",sigmod conference,1998,"COL title VAL user-oriented smart-cache for the web : what you seek is what you get ! COL authors VAL z lacroix , a sahuguet , r chandrasekar COL venue VAL sigmod conference COL year VAL 1998"
1228,operating system extensions for the teradata parallel vldb,"j catozzi , s rabinovici",vldb,2001,"COL title VAL operating system extensions for the teradata parallel vldb COL authors VAL j catozzi , s rabinovici COL venue VAL vldb COL year VAL 2001"
1229,microsoft index tuning wizard for sql server 7.0,"s chaudhuri , v narasayya",sigmod conference,1998,"COL title VAL microsoft index tuning wizard for sql server 7.0 COL authors VAL s chaudhuri , v narasayya COL venue VAL sigmod conference COL year VAL 1998"
1230,flowback : providing backward recovery for workflow systems,"b kiepuszewski , r mќhlberger , m orlowska",sigmod conference,1998,"COL title VAL flowback : providing backward recovery for workflow systems COL authors VAL b kiepuszewski , r mќhlberger , m orlowska COL venue VAL sigmod conference COL year VAL 1998"
1231,enabling end-users to construct data-intensive web-sites from xml repositories : an example-based approach,"a morishima , s koizumi , h kitagawa , s takano",vldb,2001,"COL title VAL enabling end-users to construct data-intensive web-sites from xml repositories : an example-based approach COL authors VAL a morishima , s koizumi , h kitagawa , s takano COL venue VAL vldb COL year VAL 2001"
1232,supervised wrapper generation with lixto,"r baumgartner , s flesca , g gottlob",vldb,2001,"COL title VAL supervised wrapper generation with lixto COL authors VAL r baumgartner , s flesca , g gottlob COL venue VAL vldb COL year VAL 2001"
1233,a framework for implementing hypothetical queries,"t griffin , r hull",sigmod conference,1997,"COL title VAL a framework for implementing hypothetical queries COL authors VAL t griffin , r hull COL venue VAL sigmod conference COL year VAL 1997"
1234,the worlinfo assistant : spatio-temporal information integration on the web,"j ambite , c knoblock , m kolahdouzan , m muslea , c shahabi , s thakkar",vldb,2001,"COL title VAL the worlinfo assistant : spatio-temporal information integration on the web COL authors VAL j ambite , c knoblock , m kolahdouzan , m muslea , c shahabi , s thakkar COL venue VAL vldb COL year VAL 2001"
1235,dynamic itemset counting and implication rules for market basket data,"s brin , r motwani , j ullman , s tsur",sigmod conference,1997,"COL title VAL dynamic itemset counting and implication rules for market basket data COL authors VAL s brin , r motwani , j ullman , s tsur COL venue VAL sigmod conference COL year VAL 1997"
1236,an array-based algorithm for simultaneous multidimensional aggregates,"y zhao , p deshpande , j naughton",sigmod conference,1997,"COL title VAL an array-based algorithm for simultaneous multidimensional aggregates COL authors VAL y zhao , p deshpande , j naughton COL venue VAL sigmod conference COL year VAL 1997"
1237,sit-in : a real-life spatio-temporal information system,"g sindoni , l tininini , a ambrosetti , c bedeschi , s francisci , o gargano , r molinaro , m paolucci , p patteri , p ticca",vldb,2001,"COL title VAL sit-in : a real-life spatio-temporal information system COL authors VAL g sindoni , l tininini , a ambrosetti , c bedeschi , s francisci , o gargano , r molinaro , m paolucci , p patteri , p ticca COL venue VAL vldb COL year VAL 2001"
1238,balancing push and pull for data broadcast,"s acharya , m franklin , s zdonik",sigmod conference,1997,"COL title VAL balancing push and pull for data broadcast COL authors VAL s acharya , m franklin , s zdonik COL venue VAL sigmod conference COL year VAL 1997"
1239,smooth - a distributed multimedia database system,"h kosch , l bіszіrmщnyi , a bachlechner , c hanin , c hofbauer , m lang , c riedler , r tusch",vldb,2001,"COL title VAL smooth - a distributed multimedia database system COL authors VAL h kosch , l bіszіrmщnyi , a bachlechner , c hanin , c hofbauer , m lang , c riedler , r tusch COL venue VAL vldb COL year VAL 2001"
1240,concurrency and recovery in generalized search trees,"m kornacker , c mohan , j hellerstein",sigmod conference,1997,"COL title VAL concurrency and recovery in generalized search trees COL authors VAL m kornacker , c mohan , j hellerstein COL venue VAL sigmod conference COL year VAL 1997"
1241,webfilter : a high-throughput xml-based publish and subscribe system,"j pereira , f fabret , h jacobsen , f llirbat , d shasha",vldb,2001,"COL title VAL webfilter : a high-throughput xml-based publish and subscribe system COL authors VAL j pereira , f fabret , h jacobsen , f llirbat , d shasha COL venue VAL vldb COL year VAL 2001"
1242,building and customizing data-intensive web sites using weave,"k yagoub , d florescu , v issarny , p valduriez",vldb,2000,"COL title VAL building and customizing data-intensive web sites using weave COL authors VAL k yagoub , d florescu , v issarny , p valduriez COL venue VAL vldb COL year VAL 2000"
1243,cubetree : organization of and bulk updates on the data cube,"n roussopoulos , y kotidis , m roussopoulos",sigmod conference,1997,"COL title VAL cubetree : organization of and bulk updates on the data cube COL authors VAL n roussopoulos , y kotidis , m roussopoulos COL venue VAL sigmod conference COL year VAL 1997"
1244,vxmlr : a visual xml-relational database system,"a zhou , h lu , s zheng , y liang , l zhang , w ji , z tian",vldb,2001,"COL title VAL vxmlr : a visual xml-relational database system COL authors VAL a zhou , h lu , s zheng , y liang , l zhang , w ji , z tian COL venue VAL vldb COL year VAL 2001"
1245,the idea web lab,"s ceri , p fraternali , s paraboschi",sigmod conference,1998,"COL title VAL the idea web lab COL authors VAL s ceri , p fraternali , s paraboschi COL venue VAL sigmod conference COL year VAL 1998"
1246,warlock : a data allocation tool for parallel warehouses,"t stіhr , e rahm",vldb,2001,"COL title VAL warlock : a data allocation tool for parallel warehouses COL authors VAL t stіhr , e rahm COL venue VAL vldb COL year VAL 2001"
1247,fast parallel similarity search in multimedia databases,"s berchtold , c bіhm , b braunmќller , d keim , h kriegel",sigmod conference,1997,"COL title VAL fast parallel similarity search in multimedia databases COL authors VAL s berchtold , c bіhm , b braunmќller , d keim , h kriegel COL venue VAL sigmod conference COL year VAL 1997"
1248,mv3r-tree : a spatio-temporal access method for timestamp and interval queries,"y tao , d papadias",vldb,2001,"COL title VAL mv3r-tree : a spatio-temporal access method for timestamp and interval queries COL authors VAL y tao , d papadias COL venue VAL vldb COL year VAL 2001"
1249,"ubiquitous , self-tuning , scalable servers",p spiro,sigmod conference,1998,"COL title VAL ubiquitous , self-tuning , scalable servers COL authors VAL p spiro COL venue VAL sigmod conference COL year VAL 1998"
1250,indexing the distance : an efficient method to knn processing,"c yu , b ooi , k tan , h jagadish",vldb,2001,"COL title VAL indexing the distance : an efficient method to knn processing COL authors VAL c yu , b ooi , k tan , h jagadish COL venue VAL vldb COL year VAL 2001"
1251,managing large systems with db2 udb,c eaton,sigmod conference,1998,COL title VAL managing large systems with db2 udb COL authors VAL c eaton COL venue VAL sigmod conference COL year VAL 1998
1252,walking through a very large virtual environment in real-time,"l shou , j chionh , z huang , y ruan , k tan",vldb,2001,"COL title VAL walking through a very large virtual environment in real-time COL authors VAL l shou , j chionh , z huang , y ruan , k tan COL venue VAL vldb COL year VAL 2001"
1253,sql open heterogeneous data access,"b reinwald , h pirahesh",sigmod conference,1998,"COL title VAL sql open heterogeneous data access COL authors VAL b reinwald , h pirahesh COL venue VAL sigmod conference COL year VAL 1998"
1254,update propagation strategies for improving the quality of data on the web,"a labrinidis , n roussopoulos",vldb,2001,"COL title VAL update propagation strategies for improving the quality of data on the web COL authors VAL a labrinidis , n roussopoulos COL venue VAL vldb COL year VAL 2001"
1255,microsoft universal data access platform,"j blakeley , m pizzo",sigmod conference,1998,"COL title VAL microsoft universal data access platform COL authors VAL j blakeley , m pizzo COL venue VAL sigmod conference COL year VAL 1998"
1256,java and relational databases : sqlj ( tutorial ),,,1998,COL title VAL java and relational databases : sqlj ( tutorial ) COL authors VAL  COL venue VAL  COL year VAL 1998
1257,intelligent rollups in multidimensional olap data,"g sathe , s sarawagi",vldb,2001,"COL title VAL intelligent rollups in multidimensional olap data COL authors VAL g sathe , s sarawagi COL venue VAL vldb COL year VAL 2001"
1258,sap r/3 : a database application system ( tutorial ),,,1998,COL title VAL sap r/3 : a database application system ( tutorial ) COL authors VAL  COL venue VAL  COL year VAL 1998
1259,lineage tracing for general data warehouse transformations,"y cui , j widom",vldb,2001,"COL title VAL lineage tracing for general data warehouse transformations COL authors VAL y cui , j widom COL venue VAL vldb COL year VAL 2001"
1260,online scaling in a highly available database,"s bratsberg , r humborstad",vldb,2001,"COL title VAL online scaling in a highly available database COL authors VAL s bratsberg , r humborstad COL venue VAL vldb COL year VAL 2001"
1261,panel on next generation database systems wo n't work without semantics !,j mylopoulos,sigmod conference,1998,COL title VAL panel on next generation database systems wo n't work without semantics ! COL authors VAL j mylopoulos COL venue VAL sigmod conference COL year VAL 1998
1262,"replication , consistency , and practicality : are these mutually exclusive ?","t anderson , y breitbart , h korth , a wool",sigmod conference,1998,"COL title VAL replication , consistency , and practicality : are these mutually exclusive ? COL authors VAL t anderson , y breitbart , h korth , a wool COL venue VAL sigmod conference COL year VAL 1998"
1263,transaction timestamping in ( temporal ) databases,"c jensen , d lomet",vldb,2001,"COL title VAL transaction timestamping in ( temporal ) databases COL authors VAL c jensen , d lomet COL venue VAL vldb COL year VAL 2001"
1264,the araneus web-base management system,"g mecca , p atzeni , a masci , p merialdo , g sindoni",sigmod conference,1998,"COL title VAL the araneus web-base management system COL authors VAL g mecca , p atzeni , a masci , p merialdo , g sindoni COL venue VAL sigmod conference COL year VAL 1998"
1265,the long-term preservation of authentic electronic records,l duranti,vldb,2001,COL title VAL the long-term preservation of authentic electronic records COL authors VAL l duranti COL venue VAL vldb COL year VAL 2001
1266,storage service providers : a solution for storage management ? ( panel ),"b жzden , e gabber , b hillyer , w ng , e shriver , d dewitt , b gordon , j gray , j wilkes",vldb,2001,"COL title VAL storage service providers : a solution for storage management ? ( panel ) COL authors VAL b жzden , e gabber , b hillyer , w ng , e shriver , d dewitt , b gordon , j gray , j wilkes COL venue VAL vldb COL year VAL 2001"
1267,microsoft.com : a high-scale data management and transaction processing solution,s kennamer,sigmod conference,1998,COL title VAL microsoft.com : a high-scale data management and transaction processing solution COL authors VAL s kennamer COL venue VAL sigmod conference COL year VAL 1998
1268,on processing xml in ldap,"p marrѓn , g lausen",vldb,2001,"COL title VAL on processing xml in ldap COL authors VAL p marrѓn , g lausen COL venue VAL vldb COL year VAL 2001"
1269,olympic records for data at the 1998 nagano games,e lassettre,sigmod conference,1998,COL title VAL olympic records for data at the 1998 nagano games COL authors VAL e lassettre COL venue VAL sigmod conference COL year VAL 1998
1270,hyperqueries : dynamic distributed query processing on the internet,"a kemper , c wiesner",vldb,2001,"COL title VAL hyperqueries : dynamic distributed query processing on the internet COL authors VAL a kemper , c wiesner COL venue VAL vldb COL year VAL 2001"
1271,real business processing meets the web,j chong,sigmod conference,1998,COL title VAL real business processing meets the web COL authors VAL j chong COL venue VAL sigmod conference COL year VAL 1998
1272,warehousing workflow data : challenges and opportunities,"a bonifati , f casati , u dayal , m shan",vldb,2001,"COL title VAL warehousing workflow data : challenges and opportunities COL authors VAL a bonifati , f casati , u dayal , m shan COL venue VAL vldb COL year VAL 2001"
1273,oracle rdb 's record caching model,"r anderson , g arun , r frank",sigmod conference,1998,"COL title VAL oracle rdb 's record caching model COL authors VAL r anderson , g arun , r frank COL venue VAL sigmod conference COL year VAL 1998"
1274,a data mining application : customes retention at the port of singapore authority ( psa ),"k ng , h liu , h kwah",sigmod conference,1998,"COL title VAL a data mining application : customes retention at the port of singapore authority ( psa ) COL authors VAL k ng , h liu , h kwah COL venue VAL sigmod conference COL year VAL 1998"
1275,scientific olap for the biotech domain,n huyn,vldb,2001,COL title VAL scientific olap for the biotech domain COL authors VAL n huyn COL venue VAL vldb COL year VAL 2001
1276,transactional publish / subscribe : the proactive multicast of database changes,a chan,sigmod conference,1998,COL title VAL transactional publish / subscribe : the proactive multicast of database changes COL authors VAL a chan COL venue VAL sigmod conference COL year VAL 1998
1277,ontology-based support for digital government,"a bouguettaya , a elmagarmid , b medjahed , m ouzzani",vldb,2001,"COL title VAL ontology-based support for digital government COL authors VAL a bouguettaya , a elmagarmid , b medjahed , m ouzzani COL venue VAL vldb COL year VAL 2001"
1278,italian electronic identity card - principle and architecture,m gentili,vldb,2001,COL title VAL italian electronic identity card - principle and architecture COL authors VAL m gentili COL venue VAL vldb COL year VAL 2001
1279,the pointcast network,"s ramakrishnan , v dayal",sigmod conference,1998,"COL title VAL the pointcast network COL authors VAL s ramakrishnan , v dayal COL venue VAL sigmod conference COL year VAL 1998"
1280,"biodiversity informatics : the challenge of rapid development , large databases , and complex data ( keynote )",,,2000,"COL title VAL biodiversity informatics : the challenge of rapid development , large databases , and complex data ( keynote ) COL authors VAL  COL venue VAL  COL year VAL 2000"
1281,infosleuth : semantic integration of information in open and dynamic environments ( experience paper ),"r jr. , w bohrer , r brice , a cichocki , j fowler , a helal , v kashyap , t ksiezyk , g martin , m nodine , m rashid , m rusinkiewicz , r shea , c unnikrishnan , a unruh , d woelk",sigmod conference,1997,"COL title VAL infosleuth : semantic integration of information in open and dynamic environments ( experience paper ) COL authors VAL r jr. , w bohrer , r brice , a cichocki , j fowler , a helal , v kashyap , t ksiezyk , g martin , m nodine , m rashid , m rusinkiewicz , r shea , c unnikrishnan , a unruh , d woelk COL venue VAL sigmod conference COL year VAL 1997"
1282,integration of data mining with database technology,"a netz , s chaudhuri , j bernhardt , u fayyad",vldb,2000,"COL title VAL integration of data mining with database technology COL authors VAL a netz , s chaudhuri , j bernhardt , u fayyad COL venue VAL vldb COL year VAL 2000"
1283,online aggregation,"j hellerstein , p haas , h wang",sigmod conference,1997,"COL title VAL online aggregation COL authors VAL j hellerstein , p haas , h wang COL venue VAL sigmod conference COL year VAL 1997"
1284,\ on saying \ '' \ `` enough already ! \ '' \ '' in sql \ '' '',"m carey , d kossmann",sigmod conference,1997,"COL title VAL \ on saying \ '' \ `` enough already ! \ '' \ '' in sql \ '' '' COL authors VAL m carey , d kossmann COL venue VAL sigmod conference COL year VAL 1997"
1285,generalised hash teams for join and group-by,"a kemper , d kossmann , c wiesner",vldb,1999,"COL title VAL generalised hash teams for join and group-by COL authors VAL a kemper , d kossmann , c wiesner COL venue VAL vldb COL year VAL 1999"
1286,"toto , we 're not in kansas anymore : on transitioning from research to the real ( invited industrial talk )",m carey,vldb,2000,"COL title VAL toto , we 're not in kansas anymore : on transitioning from research to the real ( invited industrial talk ) COL authors VAL m carey COL venue VAL vldb COL year VAL 2000"
1287,starts : stanford proposal for internet meta-searching ( experience paper ),"l gravano , k chang , h garcia-molina , a paepcke",sigmod conference,1997,"COL title VAL starts : stanford proposal for internet meta-searching ( experience paper ) COL authors VAL l gravano , k chang , h garcia-molina , a paepcke COL venue VAL sigmod conference COL year VAL 1997"
1288,scalable parallel data mining for association rules,"e han , g karypis , v kumar",sigmod conference,1997,"COL title VAL scalable parallel data mining for association rules COL authors VAL e han , g karypis , v kumar COL venue VAL sigmod conference COL year VAL 1997"
1289,media360 workflow-implementing a workflow engine inside a database,c blecken,vldb,2000,COL title VAL media360 workflow-implementing a workflow engine inside a database COL authors VAL c blecken COL venue VAL vldb COL year VAL 2000
1290,high-performance sorting on networks of workstations,"a arpaci-dusseau , r arpaci-dusseau , d culler , j hellerstein , d patterson",sigmod conference,1997,"COL title VAL high-performance sorting on networks of workstations COL authors VAL a arpaci-dusseau , r arpaci-dusseau , d culler , j hellerstein , d patterson COL venue VAL sigmod conference COL year VAL 1997"
1291,process automation as the foundation for e-business,"f casati , m shan",vldb,2000,"COL title VAL process automation as the foundation for e-business COL authors VAL f casati , m shan COL venue VAL vldb COL year VAL 2000"
1292,research directions in biodiversity informatics,j schnase,vldb,2000,COL title VAL research directions in biodiversity informatics COL authors VAL j schnase COL venue VAL vldb COL year VAL 2000
1293,size separation spatial join,"n koudas , k sevcik",sigmod conference,1997,"COL title VAL size separation spatial join COL authors VAL n koudas , k sevcik COL venue VAL sigmod conference COL year VAL 1997"
1294,partitioned garbage collection of large object store,"u maheshwari , b liskov",sigmod conference,1997,"COL title VAL partitioned garbage collection of large object store COL authors VAL u maheshwari , b liskov COL venue VAL sigmod conference COL year VAL 1997"
1295,work and information practices in the sciences of biodiversity,g bowker,vldb,2000,COL title VAL work and information practices in the sciences of biodiversity COL authors VAL g bowker COL venue VAL vldb COL year VAL 2000
1296,highly concurrent cache consistency for indices in client-server database systems,"m zaharioudakis , m carey",sigmod conference,1997,"COL title VAL highly concurrent cache consistency for indices in client-server database systems COL authors VAL m zaharioudakis , m carey COL venue VAL sigmod conference COL year VAL 1997"
1297,the zero latency enterprise,d liles,vldb,2000,COL title VAL the zero latency enterprise COL authors VAL d liles COL venue VAL vldb COL year VAL 2000
1298,improved query performance with variant indexes,"p o'neil , d quass",sigmod conference,1997,"COL title VAL improved query performance with variant indexes COL authors VAL p o'neil , d quass COL venue VAL sigmod conference COL year VAL 1997"
1299,"panel : future directions of database research - the vldb broadening strategy , part 2",m brodie,vldb,2000,"COL title VAL panel : future directions of database research - the vldb broadening strategy , part 2 COL authors VAL m brodie COL venue VAL vldb COL year VAL 2000"
1300,linking business to deliver value : a data management challenge,a deshpande,vldb,2000,COL title VAL linking business to deliver value : a data management challenge COL authors VAL a deshpande COL venue VAL vldb COL year VAL 2000
1301,maintenance of data cubes and summary tables in a warehouse,"i mumick , d quass , b mumick",sigmod conference,1997,"COL title VAL maintenance of data cubes and summary tables in a warehouse COL authors VAL i mumick , d quass , b mumick COL venue VAL sigmod conference COL year VAL 1997"
1302,range queries in olap data cubes,"c ho , r agrawal , n megiddo , r srikant",sigmod conference,1997,"COL title VAL range queries in olap data cubes COL authors VAL c ho , r agrawal , n megiddo , r srikant COL venue VAL sigmod conference COL year VAL 1997"
1303,"high-performance and scalability through application tier,in-memory data management",,vldb,2000,"COL title VAL high-performance and scalability through application tier,in-memory data management COL authors VAL  COL venue VAL vldb COL year VAL 2000"
1304,"social , educational , and governmental change enabled through information technology","k ramamritham , y atfi , c batini , m eitan , v gregg , d phatak",vldb,2000,"COL title VAL social , educational , and governmental change enabled through information technology COL authors VAL k ramamritham , y atfi , c batini , m eitan , v gregg , d phatak COL venue VAL vldb COL year VAL 2000"
1305,database performance in the real world - tpc-d and sap r/3 ( experience paper ),"j doppelhammer , t hіppler , a kemper , d kossmann",sigmod conference,1997,"COL title VAL database performance in the real world - tpc-d and sap r/3 ( experience paper ) COL authors VAL j doppelhammer , t hіppler , a kemper , d kossmann COL venue VAL sigmod conference COL year VAL 1997"
1306,database buffer size investigation for oltp workloads ( experience paper ),"t tsuei , a packer , k ko",sigmod conference,1997,"COL title VAL database buffer size investigation for oltp workloads ( experience paper ) COL authors VAL t tsuei , a packer , k ko COL venue VAL sigmod conference COL year VAL 1997"
1307,xperanto : middleware for publishing object-relational data as xml documents,"m carey , j kiernan , j shanmugasundaram , e shekita , s subramanian",vldb,2000,"COL title VAL xperanto : middleware for publishing object-relational data as xml documents COL authors VAL m carey , j kiernan , j shanmugasundaram , e shekita , s subramanian COL venue VAL vldb COL year VAL 2000"
1308,the strip rule system for efficiently maintaining derived data,"b adelberg , h garcia-molina , j widom",sigmod conference,1997,"COL title VAL the strip rule system for efficiently maintaining derived data COL authors VAL b adelberg , h garcia-molina , j widom COL venue VAL sigmod conference COL year VAL 1997"
1309,"panel : future directions of database research - the vldb broadening strategy , part 1",h schek,vldb,2000,"COL title VAL panel : future directions of database research - the vldb broadening strategy , part 1 COL authors VAL h schek COL venue VAL vldb COL year VAL 2000"
1310,panel : is generic metadata management feasible ?,"p bernstein , l haas , m jarke , e rahm , g wiederhold",vldb,2000,"COL title VAL panel : is generic metadata management feasible ? COL authors VAL p bernstein , l haas , m jarke , e rahm , g wiederhold COL venue VAL vldb COL year VAL 2000"
1311,the bucky object-relational benchmark ( experience paper ),"m carey , d dewitt , j naughton , m asgarian , p brown , j gehrke , d shah",sigmod conference,1997,"COL title VAL the bucky object-relational benchmark ( experience paper ) COL authors VAL m carey , d dewitt , j naughton , m asgarian , p brown , j gehrke , d shah COL venue VAL sigmod conference COL year VAL 1997"
1312,publish/subscribe on the web at extreme speed,"j pereira , f fabret , f llirbat , r preotiuc-pietro , k ross , d shasha",vldb,2000,"COL title VAL publish/subscribe on the web at extreme speed COL authors VAL j pereira , f fabret , f llirbat , r preotiuc-pietro , k ross , d shasha COL venue VAL vldb COL year VAL 2000"
1313,association rules over interval data,"r miller , y yang",sigmod conference,1997,"COL title VAL association rules over interval data COL authors VAL r miller , y yang COL venue VAL sigmod conference COL year VAL 1997"
1314,a unified framework for enforcing multiple access control policies,"s jajodia , p samarati , v subrahmanian , e bertino",sigmod conference,1997,"COL title VAL a unified framework for enforcing multiple access control policies COL authors VAL s jajodia , p samarati , v subrahmanian , e bertino COL venue VAL sigmod conference COL year VAL 1997"
1315,insite : a tool for interpreting users ? interaction with a web space,"c shahabi , a faisal , f kashani , j faruque",vldb,2000,"COL title VAL insite : a tool for interpreting users ? interaction with a web space COL authors VAL c shahabi , a faisal , f kashani , j faruque COL venue VAL vldb COL year VAL 2000"
1316,model-based information integration in a neuroscience mediator system,"b ludфscher , a gupta , m martone",vldb,2000,"COL title VAL model-based information integration in a neuroscience mediator system COL authors VAL b ludфscher , a gupta , m martone COL venue VAL vldb COL year VAL 2000"
1317,databases on the web : technologies for federation architectures and case studies ( tutorial ),r kramer,sigmod conference,1997,COL title VAL databases on the web : technologies for federation architectures and case studies ( tutorial ) COL authors VAL r kramer COL venue VAL sigmod conference COL year VAL 1997
1318,push technology personalization through event correlation,"a adi , d botzer , o etzion , t yatzkar-haham",vldb,2000,"COL title VAL push technology personalization through event correlation COL authors VAL a adi , d botzer , o etzion , t yatzkar-haham COL venue VAL vldb COL year VAL 2000"
1319,delaunay : a database visualization system,"i cruz , m averbuch , w lucas , m radzyminski , k zhang",sigmod conference,1997,"COL title VAL delaunay : a database visualization system COL authors VAL i cruz , m averbuch , w lucas , m radzyminski , k zhang COL venue VAL sigmod conference COL year VAL 1997"
1320,memex : a browsing assistant for collaborative archiving and mining of surf trails,"s chakrabarti , s srivastava , m subramanyam , m tiwari",vldb,2000,"COL title VAL memex : a browsing assistant for collaborative archiving and mining of surf trails COL authors VAL s chakrabarti , s srivastava , m subramanyam , m tiwari COL venue VAL vldb COL year VAL 2000"
1321,devise : integrated querying and visual exploration of large datasets ( demo abstract ),"m livny , r ramakrishnan , k beyer , g chen , d donjerkovic , s lawande , j myllymaki , r wenger",sigmod conference,1997,"COL title VAL devise : integrated querying and visual exploration of large datasets ( demo abstract ) COL authors VAL m livny , r ramakrishnan , k beyer , g chen , d donjerkovic , s lawande , j myllymaki , r wenger COL venue VAL sigmod conference COL year VAL 1997"
1322,information integration : the momis project demonstration,"d beneventano , s bergamaschi , s castano , a corni , r guidetti , g malvezzi , m melchiori , m vincini",vldb,2000,"COL title VAL information integration : the momis project demonstration COL authors VAL d beneventano , s bergamaschi , s castano , a corni , r guidetti , g malvezzi , m melchiori , m vincini COL venue VAL vldb COL year VAL 2000"
1323,geominer : a system prototype for spatial data mining,"j han , k koperski , n stefanovic",sigmod conference,1997,"COL title VAL geominer : a system prototype for spatial data mining COL authors VAL j han , k koperski , n stefanovic COL venue VAL sigmod conference COL year VAL 1997"
1324,similarity-based queries for time series data,"d rafiei , a mendelzon",sigmod conference,1997,"COL title VAL similarity-based queries for time series data COL authors VAL d rafiei , a mendelzon COL venue VAL sigmod conference COL year VAL 1997"
1325,telcordia 's database reconciliation and data quality analysis tool,"f caruso , m cochinwala , u ganapathy , g lalk , p missier",vldb,2000,"COL title VAL telcordia 's database reconciliation and data quality analysis tool COL authors VAL f caruso , m cochinwala , u ganapathy , g lalk , p missier COL venue VAL vldb COL year VAL 2000"
1326,meaningful change detection in structured data,"s chawathe , h garcia-molina",sigmod conference,1997,"COL title VAL meaningful change detection in structured data COL authors VAL s chawathe , h garcia-molina COL venue VAL sigmod conference COL year VAL 1997"
1327,rainbow : distributed database system for classroom education and experimental research,"a helal , h li",vldb,2000,"COL title VAL rainbow : distributed database system for classroom education and experimental research COL authors VAL a helal , h li COL venue VAL vldb COL year VAL 2000"
1328,focused crawling using context graphs,"m diligenti , f coetzee , s lawrence , c giles , m gori",vldb,2000,"COL title VAL focused crawling using context graphs COL authors VAL m diligenti , f coetzee , s lawrence , c giles , m gori COL venue VAL vldb COL year VAL 2000"
1329,beyond market baskets : generalizing association rules to correlations,"s brin , r motwani , c silverstein",sigmod conference,1997,"COL title VAL beyond market baskets : generalizing association rules to correlations COL authors VAL s brin , r motwani , c silverstein COL venue VAL sigmod conference COL year VAL 1997"
1330,semantic access : semantic interface for querying databases,"n rishe , j yuan , r athauda , s chen , x lu , x ma , a vaschillo , a shaposhnikov , d vasilevsky",vldb,2000,"COL title VAL semantic access : semantic interface for querying databases COL authors VAL n rishe , j yuan , r athauda , s chen , x lu , x ma , a vaschillo , a shaposhnikov , d vasilevsky COL venue VAL vldb COL year VAL 2000"
1331,efficiently supporting ad hoc queries in large datasets of time sequences,"f korn , h jagadish , c faloutsos",sigmod conference,1997,"COL title VAL efficiently supporting ad hoc queries in large datasets of time sequences COL authors VAL f korn , h jagadish , c faloutsos COL venue VAL sigmod conference COL year VAL 1997"
1332,devise : integrated querying and visualization of large datasets,"m livny , r ramakrishnan , k beyer , g chen , d donjerkovic , s lawande , j myllymaki , r wenger",sigmod conference,1997,"COL title VAL devise : integrated querying and visualization of large datasets COL authors VAL m livny , r ramakrishnan , k beyer , g chen , d donjerkovic , s lawande , j myllymaki , r wenger COL venue VAL sigmod conference COL year VAL 1997"
1333,the treescape system : reuse of pre-computed aggregates over irregular olap hierarchies,"t pedersen , c jensen , c dyreson",vldb,2000,"COL title VAL the treescape system : reuse of pre-computed aggregates over irregular olap hierarchies COL authors VAL t pedersen , c jensen , c dyreson COL venue VAL vldb COL year VAL 2000"
1334,olap + + : powerful and easy-to-use federations of olap and object databases,"j gu , t pedersen , a shoshani",vldb,2000,"COL title VAL olap + + : powerful and easy-to-use federations of olap and object databases COL authors VAL j gu , t pedersen , a shoshani COL venue VAL vldb COL year VAL 2000"
1335,"building a scaleable geo-spatial dbms : technology , implementation , and evaluation","j patel , j yu , n kabra , k tufte , b nag , j burger , n hall , k ramasamy , r lueder , c ellmann , j kupsch , s guo , d dewitt , j naughton",sigmod conference,1997,"COL title VAL building a scaleable geo-spatial dbms : technology , implementation , and evaluation COL authors VAL j patel , j yu , n kabra , k tufte , b nag , j burger , n hall , k ramasamy , r lueder , c ellmann , j kupsch , s guo , d dewitt , j naughton COL venue VAL sigmod conference COL year VAL 1997"
1336,a toolkit for negotiation support interfaces to multi-dimensional data,"m gebhardt , m jarke , s jacobs",sigmod conference,1997,"COL title VAL a toolkit for negotiation support interfaces to multi-dimensional data COL authors VAL m gebhardt , m jarke , s jacobs COL venue VAL sigmod conference COL year VAL 1997"
1337,performance issues in incremental warehouse maintenance,"w labio , j yang , y cui , h garcia-molina , j widom",vldb,2000,"COL title VAL performance issues in incremental warehouse maintenance COL authors VAL w labio , j yang , y cui , h garcia-molina , j widom COL venue VAL vldb COL year VAL 2000"
1338,the challenge of process data warehousing,"m jarke , t list , j kіller",vldb,2000,"COL title VAL the challenge of process data warehousing COL authors VAL m jarke , t list , j kіller COL venue VAL vldb COL year VAL 2000"
1339,distance-based indexing for high-dimensional metric spaces,"t bozkaya , z жzsoyoglu",sigmod conference,1997,"COL title VAL distance-based indexing for high-dimensional metric spaces COL authors VAL t bozkaya , z жzsoyoglu COL venue VAL sigmod conference COL year VAL 1997"
1340,what is the nearest neighbor in high dimensional spaces ?,"a hinneburg , c aggarwal , d keim",vldb,2000,"COL title VAL what is the nearest neighbor in high dimensional spaces ? COL authors VAL a hinneburg , c aggarwal , d keim COL venue VAL vldb COL year VAL 2000"
1341,efficient view maintenance at data warehouses,"d agrawal , a abbadi , a singh , t yurek",sigmod conference,1997,"COL title VAL efficient view maintenance at data warehouses COL authors VAL d agrawal , a abbadi , a singh , t yurek COL venue VAL sigmod conference COL year VAL 1997"
1342,the a-tree : an index structure for high-dimensional spaces using relative approximation,"y sakurai , m yoshikawa , s uemura , h kojima",vldb,2000,"COL title VAL the a-tree : an index structure for high-dimensional spaces using relative approximation COL authors VAL y sakurai , m yoshikawa , s uemura , h kojima COL venue VAL vldb COL year VAL 2000"
1343,eliminating costly redundant computations from sql trigger executions,"f llirbat , f fabret , e simon",sigmod conference,1997,"COL title VAL eliminating costly redundant computations from sql trigger executions COL authors VAL f llirbat , f fabret , e simon COL venue VAL sigmod conference COL year VAL 1997"
1344,the bt-tree : a branched and temporal access method,"l jiang , b salzberg , d lomet , m garcэa",vldb,2000,"COL title VAL the bt-tree : a branched and temporal access method COL authors VAL l jiang , b salzberg , d lomet , m garcэa COL venue VAL vldb COL year VAL 2000"
1345,zoo : a desktop emperiment management environment,"y ioannidis , m livny , a ailamaki , a narayanan , a therber",sigmod conference,1997,"COL title VAL zoo : a desktop emperiment management environment COL authors VAL y ioannidis , m livny , a ailamaki , a narayanan , a therber COL venue VAL sigmod conference COL year VAL 1997"
1346,temporal integrity constraints with indeterminacy,"w cowley , d plexousakis",vldb,2000,"COL title VAL temporal integrity constraints with indeterminacy COL authors VAL w cowley , d plexousakis COL venue VAL vldb COL year VAL 2000"
1347,the mentor workbench for enterprise-wide workflow management,"d wodtke , j weiпenfels , g weikum , a dittrich , p muth",sigmod conference,1997,"COL title VAL the mentor workbench for enterprise-wide workflow management COL authors VAL d wodtke , j weiпenfels , g weikum , a dittrich , p muth COL venue VAL sigmod conference COL year VAL 1997"
1348,optimizing multi-feature queries for image databases,"u gќntzer , w balke , w kieпling",vldb,2000,"COL title VAL optimizing multi-feature queries for image databases COL authors VAL u gќntzer , w balke , w kieпling COL venue VAL vldb COL year VAL 2000"
1349,sentinel : an object-oriented dbms with event-based rules,s chakravarthy,sigmod conference,1997,COL title VAL sentinel : an object-oriented dbms with event-based rules COL authors VAL s chakravarthy COL venue VAL sigmod conference COL year VAL 1997
1350,managing intervals efficiently in object-relational databases,"h kriegel , m pіtke , t seidl",vldb,2000,"COL title VAL managing intervals efficiently in object-relational databases COL authors VAL h kriegel , m pіtke , t seidl COL venue VAL vldb COL year VAL 2000"
1351,predator : an or-dbms with enhanced data types,"p seshadri , m paskin",sigmod conference,1997,"COL title VAL predator : an or-dbms with enhanced data types COL authors VAL p seshadri , m paskin COL venue VAL sigmod conference COL year VAL 1997"
1352,data access for the masses through ole db,j blakeley,sigmod conference,1996,COL title VAL data access for the masses through ole db COL authors VAL j blakeley COL venue VAL sigmod conference COL year VAL 1996
1353,novel approaches in query processing for moving object trajectories,"d pfoser , c jensen , y theodoridis",vldb,2000,"COL title VAL novel approaches in query processing for moving object trajectories COL authors VAL d pfoser , c jensen , y theodoridis COL venue VAL vldb COL year VAL 2000"
1354,fault-tolerant architectures for continuous media servers,"b жzden , r rastogi , p shenoy , a silberschatz",sigmod conference,1996,"COL title VAL fault-tolerant architectures for continuous media servers COL authors VAL b жzden , r rastogi , p shenoy , a silberschatz COL venue VAL sigmod conference COL year VAL 1996"
1355,identifying representative trends in massive time series data sets using sketches,"p indyk , n koudas , s muthukrishnan",vldb,2000,"COL title VAL identifying representative trends in massive time series data sets using sketches COL authors VAL p indyk , n koudas , s muthukrishnan COL venue VAL vldb COL year VAL 2000"
1356,a content-based multimedia server for massively parallel architectures,"w o'connell , i ieong , d schrader , c watson , g au , a biliris , s choo , p colin , g linderman , e panagos , j wang , t walters",sigmod conference,1996,"COL title VAL a content-based multimedia server for massively parallel architectures COL authors VAL w o'connell , i ieong , d schrader , c watson , g au , a biliris , s choo , p colin , g linderman , e panagos , j wang , t walters COL venue VAL sigmod conference COL year VAL 1996"
1357,"set containment joins : the good , the bad and the ugly","k ramasamy , j patel , j naughton , r kaushik",vldb,2000,"COL title VAL set containment joins : the good , the bad and the ugly COL authors VAL k ramasamy , j patel , j naughton , r kaushik COL venue VAL vldb COL year VAL 2000"
1358,fundamental techniques for order optimization,"d simmen , e shekita , t malkemus",sigmod conference,1996,"COL title VAL fundamental techniques for order optimization COL authors VAL d simmen , e shekita , t malkemus COL venue VAL sigmod conference COL year VAL 1996"
1359,what happens during a join ? dissecting cpu and memory optimization effects,"s manegold , p boncz , m kersten",vldb,2000,"COL title VAL what happens during a join ? dissecting cpu and memory optimization effects COL authors VAL s manegold , p boncz , m kersten COL venue VAL vldb COL year VAL 2000"
1360,the distributed information search component ( disco ) and the world wide web,"a tomasic , r amouroux , p bonnet , o kapitskaia , h naacke , l raschid",sigmod conference,1997,"COL title VAL the distributed information search component ( disco ) and the world wide web COL authors VAL a tomasic , r amouroux , p bonnet , o kapitskaia , h naacke , l raschid COL venue VAL sigmod conference COL year VAL 1997"
1361,optimizing queries on compressed bitmaps,"s amer-yahia , t johnson",vldb,2000,"COL title VAL optimizing queries on compressed bitmaps COL authors VAL s amer-yahia , t johnson COL venue VAL vldb COL year VAL 2000"
1362,toward learning based web query processing,"y diao , h lu , s chen , z tian",vldb,2000,"COL title VAL toward learning based web query processing COL authors VAL y diao , h lu , s chen , z tian COL venue VAL vldb COL year VAL 2000"
1363,the infosleuth project,"r jr. , w bohrer , r brice , a cichocki , j fowler , a helal , v kashyap , t ksiezyk , g martin , m nodine , m rashid , m rusinkiewicz , r shea , c unnikrishnan , a unruh , d woelk",sigmod conference,1997,"COL title VAL the infosleuth project COL authors VAL r jr. , w bohrer , r brice , a cichocki , j fowler , a helal , v kashyap , t ksiezyk , g martin , m nodine , m rashid , m rusinkiewicz , r shea , c unnikrishnan , a unruh , d woelk COL venue VAL sigmod conference COL year VAL 1997"
1364,user-adaptive exploration of multidimensional data,s sarawagi,vldb,2000,COL title VAL user-adaptive exploration of multidimensional data COL authors VAL s sarawagi COL venue VAL vldb COL year VAL 2000
1365,infomaster : an information integration system,"m genesereth , a keller , o duschka",sigmod conference,1997,"COL title VAL infomaster : an information integration system COL authors VAL m genesereth , a keller , o duschka COL venue VAL sigmod conference COL year VAL 1997"
1366,oracle8i index-organized table and its application to new domains,"j srinivasan , s das , c freiwald , e chong , m jagannath , a yalamanchi , r krishnan , a tran , s defazio , j banerjee",vldb,2000,"COL title VAL oracle8i index-organized table and its application to new domains COL authors VAL j srinivasan , s das , c freiwald , e chong , m jagannath , a yalamanchi , r krishnan , a tran , s defazio , j banerjee COL venue VAL vldb COL year VAL 2000"
1367,languages for multi-database interoperability,"f gingras , l lakshmanan , i subramanian , d papoulis , n shiri",sigmod conference,1997,"COL title VAL languages for multi-database interoperability COL authors VAL f gingras , l lakshmanan , i subramanian , d papoulis , n shiri COL venue VAL sigmod conference COL year VAL 1997"
1368,s3 : similarity search in cad database systems,"s berchtold , h kriegel",sigmod conference,1997,"COL title VAL s3 : similarity search in cad database systems COL authors VAL s berchtold , h kriegel COL venue VAL sigmod conference COL year VAL 1997"
1369,multi-dimensional database allocation for parallel data warehouses,"t stіhr , h mфrtens , e rahm",vldb,2000,"COL title VAL multi-dimensional database allocation for parallel data warehouses COL authors VAL t stіhr , h mфrtens , e rahm COL venue VAL vldb COL year VAL 2000"
1370,structural matching and discovery in document databases,"j wang , d shasha , g chang , l relihan , k zhang , g patel",sigmod conference,1997,"COL title VAL structural matching and discovery in document databases COL authors VAL j wang , d shasha , g chang , l relihan , k zhang , g patel COL venue VAL sigmod conference COL year VAL 1997"
1371,integrating the ub-tree into a database system kernel,"f ramsak , v markl , r fenk , m zirkel , k elhardt , r bayer",vldb,2000,"COL title VAL integrating the ub-tree into a database system kernel COL authors VAL f ramsak , v markl , r fenk , m zirkel , k elhardt , r bayer COL venue VAL vldb COL year VAL 2000"
1372,practical applications of triggers and constraints : success and lingering issues ( 10-year award ),"s ceri , r cochrane , j widom",vldb,2000,"COL title VAL practical applications of triggers and constraints : success and lingering issues ( 10-year award ) COL authors VAL s ceri , r cochrane , j widom COL venue VAL vldb COL year VAL 2000"
1373,the whips prototype for data warehouse creation and maintenance,"w labio , y zhuge , j wiener , h gupta , h garcia-molina , j widom",sigmod conference,1997,"COL title VAL the whips prototype for data warehouse creation and maintenance COL authors VAL w labio , y zhuge , j wiener , h gupta , h garcia-molina , j widom COL venue VAL sigmod conference COL year VAL 1997"
1374,temporal queries in olap,"a mendelzon , a vaisman",vldb,2000,"COL title VAL temporal queries in olap COL authors VAL a mendelzon , a vaisman COL venue VAL vldb COL year VAL 2000"
1375,strudel : a web-site management system,"m fernandez , d florescu , j kang , a levy , d suciu",sigmod conference,1997,"COL title VAL strudel : a web-site management system COL authors VAL m fernandez , d florescu , j kang , a levy , d suciu COL venue VAL sigmod conference COL year VAL 1997"
1376,the evolution of the web and implications for an incremental crawler,"j cho , h garcia-molina",vldb,2000,"COL title VAL the evolution of the web and implications for an incremental crawler COL authors VAL j cho , h garcia-molina COL venue VAL vldb COL year VAL 2000"
1377,query optimization at the crossroads ( panel ),s chaudhuri,sigmod conference,1997,COL title VAL query optimization at the crossroads ( panel ) COL authors VAL s chaudhuri COL venue VAL sigmod conference COL year VAL 1997
1378,hypothetical queries in an olap environment,"a balmin , t papadimitriou , y papakonstantinou",vldb,2000,"COL title VAL hypothetical queries in an olap environment COL authors VAL a balmin , t papadimitriou , y papakonstantinou COL venue VAL vldb COL year VAL 2000"
1379,picture programming project,"n goyal , c hoch , r krishnamurthy , b meckler , m suckow , m zloof",sigmod conference,1997,"COL title VAL picture programming project COL authors VAL n goyal , c hoch , r krishnamurthy , b meckler , m suckow , m zloof COL venue VAL sigmod conference COL year VAL 1997"
1380,"object-relational database systems : principles , products , and challenges ( tutorial )",,,1997,"COL title VAL object-relational database systems : principles , products , and challenges ( tutorial ) COL authors VAL  COL venue VAL  COL year VAL 1997"
1381,using sql to build new aggregates and extenders for object - relational systems,"h wang , c zaniolo",vldb,2000,"COL title VAL using sql to build new aggregates and extenders for object - relational systems COL authors VAL h wang , c zaniolo COL venue VAL vldb COL year VAL 2000"
1382,data warehousing and olap for decision support ( tutorial ),,,1997,COL title VAL data warehousing and olap for decision support ( tutorial ) COL authors VAL  COL venue VAL  COL year VAL 1997
1383,icicles : self-tuning samples for approximate query answering,"v ganti , m lee , r ramakrishnan",vldb,2000,"COL title VAL icicles : self-tuning samples for approximate query answering COL authors VAL v ganti , m lee , r ramakrishnan COL venue VAL vldb COL year VAL 2000"
1384,offering a precision-performance tradeoff for aggregation queries over replicated data,"c olston , j widom",vldb,2000,"COL title VAL offering a precision-performance tradeoff for aggregation queries over replicated data COL authors VAL c olston , j widom COL venue VAL vldb COL year VAL 2000"
1385,mdm : a multiple-data-model tool for the management of heterogeneous database schemes,"p atzeni , r torlone",sigmod conference,1997,"COL title VAL mdm : a multiple-data-model tool for the management of heterogeneous database schemes COL authors VAL p atzeni , r torlone COL venue VAL sigmod conference COL year VAL 1997"
1386,template-based wrappers in the tsimmis system,"j hammer , h garcia-molina , s nestorov , r yerneni , m breunig , v vassalos",sigmod conference,1997,"COL title VAL template-based wrappers in the tsimmis system COL authors VAL j hammer , h garcia-molina , s nestorov , r yerneni , m breunig , v vassalos COL venue VAL sigmod conference COL year VAL 1997"
1387,manipulating interpolated data is easier than you thought,"s grumbach , p rigaux , l segoufin",vldb,2000,"COL title VAL manipulating interpolated data is easier than you thought COL authors VAL s grumbach , p rigaux , l segoufin COL venue VAL vldb COL year VAL 2000"
1388,schema mapping as query discovery,"r miller , l haas , m hernсndez",vldb,2000,"COL title VAL schema mapping as query discovery COL authors VAL r miller , l haas , m hernсndez COL venue VAL vldb COL year VAL 2000"
1389,semcog : an object-based image retrieval system and its visual query interface,"w li , k candan , k hirata , y hara",sigmod conference,1997,"COL title VAL semcog : an object-based image retrieval system and its visual query interface COL authors VAL w li , k candan , k hirata , y hara COL venue VAL sigmod conference COL year VAL 1997"
1390,the context interchange mediator prototype,"s bressan , c goh , k fynn , m jakobisiak , k hussein , h kon , t lee , s madnick , t pena , j qu , a shum , m siegel",sigmod conference,1997,"COL title VAL the context interchange mediator prototype COL authors VAL s bressan , c goh , k fynn , m jakobisiak , k hussein , h kon , t lee , s madnick , t pena , j qu , a shum , m siegel COL venue VAL sigmod conference COL year VAL 1997"
1391,local dimensionality reduction : a new approach to indexing high dimensional spaces,"k chakrabarti , s mehrotra",vldb,2000,"COL title VAL local dimensionality reduction : a new approach to indexing high dimensional spaces COL authors VAL k chakrabarti , s mehrotra COL venue VAL vldb COL year VAL 2000"
1392,on-line warehouse view maintenance,"d quass , j widom",sigmod conference,1997,"COL title VAL on-line warehouse view maintenance COL authors VAL d quass , j widom COL venue VAL sigmod conference COL year VAL 1997"
1393,the 3w model and algebra for unified data mining,"t johnson , l lakshmanan , r ng",vldb,2000,"COL title VAL the 3w model and algebra for unified data mining COL authors VAL t johnson , l lakshmanan , r ng COL venue VAL vldb COL year VAL 2000"
1394,mining frequent itemsets using support constraints,"k wang , y he , j han",vldb,2000,"COL title VAL mining frequent itemsets using support constraints COL authors VAL k wang , y he , j han COL venue VAL vldb COL year VAL 2000"
1395,supporting multiple view maintenance policies,"l colby , a kawaguchi , d lieuwen , i mumick , k ross",sigmod conference,1997,"COL title VAL supporting multiple view maintenance policies COL authors VAL l colby , a kawaguchi , d lieuwen , i mumick , k ross COL venue VAL sigmod conference COL year VAL 1997"
1396,rethinking database system architecture : towards a self-tuning risc-style database system,"s chaudhuri , g weikum",vldb,2000,"COL title VAL rethinking database system architecture : towards a self-tuning risc-style database system COL authors VAL s chaudhuri , g weikum COL venue VAL vldb COL year VAL 2000"
1397,the sr-tree : an index structure for high-dimensional nearest neighbor queries,"n katayama , s satoh",sigmod conference,1997,"COL title VAL the sr-tree : an index structure for high-dimensional nearest neighbor queries COL authors VAL n katayama , s satoh COL venue VAL sigmod conference COL year VAL 1997"
1398,wave-indices : indexing evolving databases,"n shivakumar , h garcia-molina",sigmod conference,1997,"COL title VAL wave-indices : indexing evolving databases COL authors VAL n shivakumar , h garcia-molina COL venue VAL sigmod conference COL year VAL 1997"
1399,picodmbs : scaling down database techniques for the smartcard,"c bobineau , l bouganim , p pucheral , p valduriez",vldb,2000,"COL title VAL picodmbs : scaling down database techniques for the smartcard COL authors VAL c bobineau , l bouganim , p pucheral , p valduriez COL venue VAL vldb COL year VAL 2000"
1400,concurrency in the data warehouse,r taylor,vldb,2000,COL title VAL concurrency in the data warehouse COL authors VAL r taylor COL venue VAL vldb COL year VAL 2000
1401,revisiting commit processing in distributed database systems,"r gupta , j haritsa , k ramamritham",sigmod conference,1997,"COL title VAL revisiting commit processing in distributed database systems COL authors VAL r gupta , j haritsa , k ramamritham COL venue VAL sigmod conference COL year VAL 1997"
1402,"ordering information , conference organizers , program committees , additional reviewers , additional demonstrations reviewers , sponsors , vldb endowment , preface , foreword",,,2000,"COL title VAL ordering information , conference organizers , program committees , additional reviewers , additional demonstrations reviewers , sponsors , vldb endowment , preface , foreword COL authors VAL  COL venue VAL  COL year VAL 2000"
1403,"lessons from wall street : case studies in configuration , tuning , and distribution ( tutorial )",,,1997,"COL title VAL lessons from wall street : case studies in configuration , tuning , and distribution ( tutorial ) COL authors VAL  COL venue VAL  COL year VAL 1997"
1404,temporal aggregation in active database rules,"i motakis , c zaniolo",sigmod conference,1997,"COL title VAL temporal aggregation in active database rules COL authors VAL i motakis , c zaniolo COL venue VAL sigmod conference COL year VAL 1997"
1405,controlling data warehouses with knowledge networks,"e schaefer , j becker , a boehmer , m jarke",vldb,2000,"COL title VAL controlling data warehouses with knowledge networks COL authors VAL e schaefer , j becker , a boehmer , m jarke COL venue VAL vldb COL year VAL 2000"
1406,e.piphany epicenter technology overview,s ramaswamy,vldb,2000,COL title VAL e.piphany epicenter technology overview COL authors VAL s ramaswamy COL venue VAL vldb COL year VAL 2000
1407,secure transaction processing in firm real-time database systems,"b george , j haritsa",sigmod conference,1997,"COL title VAL secure transaction processing in firm real-time database systems COL authors VAL b george , j haritsa COL venue VAL sigmod conference COL year VAL 1997"
1408,on efficiently implementing schemasql on an sql database system,"l lakshmanan , f sadri , s subramanian",vldb,1999,"COL title VAL on efficiently implementing schemasql on an sql database system COL authors VAL l lakshmanan , f sadri , s subramanian COL venue VAL vldb COL year VAL 1999"
1409,the dangers of replication and a solution,"j gray , p helland , p o'neil , d shasha",sigmod conference,1996,"COL title VAL the dangers of replication and a solution COL authors VAL j gray , p helland , p o'neil , d shasha COL venue VAL sigmod conference COL year VAL 1996"
1410,performance tradeoffs for client-server query processing,"m franklin , b jѓnsson , d kossmann",sigmod conference,1996,"COL title VAL performance tradeoffs for client-server query processing COL authors VAL m franklin , b jѓnsson , d kossmann COL venue VAL sigmod conference COL year VAL 1996"
1411,"physical data independence , constraints , and optimization with universal plans","a deutsch , l popa , v tannen",vldb,1999,"COL title VAL physical data independence , constraints , and optimization with universal plans COL authors VAL a deutsch , l popa , v tannen COL venue VAL vldb COL year VAL 1999"
1412,user-defined table operators : enhancing extensibility for ordbms,"m jaedicke , b mitschang",vldb,1999,"COL title VAL user-defined table operators : enhancing extensibility for ordbms COL authors VAL m jaedicke , b mitschang COL venue VAL vldb COL year VAL 1999"
1413,random i/o scheduling in online tertiary storage systems,"b hillyer , a silberschatz",sigmod conference,1996,"COL title VAL random i/o scheduling in online tertiary storage systems COL authors VAL b hillyer , a silberschatz COL venue VAL sigmod conference COL year VAL 1996"
1414,hot mirroring : a study to hide parity upgrade penalty and degradations during rebuilds for raid5,"k mogi , m kitsuregawa",sigmod conference,1996,"COL title VAL hot mirroring : a study to hide parity upgrade penalty and degradations during rebuilds for raid5 COL authors VAL k mogi , m kitsuregawa COL venue VAL sigmod conference COL year VAL 1996"
1415,unrolling cycles to decide trigger termination,"s lee , t ling",vldb,1999,"COL title VAL unrolling cycles to decide trigger termination COL authors VAL s lee , t ling COL venue VAL vldb COL year VAL 1999"
1416,on-line reorganization of sparsely-populated b + trees,"c zou , b salzberg",sigmod conference,1996,"COL title VAL on-line reorganization of sparsely-populated b + trees COL authors VAL c zou , b salzberg COL venue VAL sigmod conference COL year VAL 1996"
1417,similarity search in high dimensions via hashing,"a gionis , p indyk , r motwani",vldb,1999,"COL title VAL similarity search in high dimensions via hashing COL authors VAL a gionis , p indyk , r motwani COL venue VAL vldb COL year VAL 1999"
1418,optimal grid-clustering : towards breaking the curse of dimensionality in high-dimensional clustering,"a hinneburg , d keim",vldb,1999,"COL title VAL optimal grid-clustering : towards breaking the curse of dimensionality in high-dimensional clustering COL authors VAL a hinneburg , d keim COL venue VAL vldb COL year VAL 1999"
1419,birch : an efficient data clustering method for very large databases,"t zhang , r ramakrishnan , m livny",sigmod conference,1996,"COL title VAL birch : an efficient data clustering method for very large databases COL authors VAL t zhang , r ramakrishnan , m livny COL venue VAL sigmod conference COL year VAL 1996"
1420,"o-o , what have they done to db2 ?","m carey , d chamberlin , s narayanan , b vance , d doole , s rielau , r swagerman , n mattos",vldb,1999,"COL title VAL o-o , what have they done to db2 ? COL authors VAL m carey , d chamberlin , s narayanan , b vance , d doole , s rielau , r swagerman , n mattos COL venue VAL vldb COL year VAL 1999"
1421,query caching and optimization in distributed mediator systems,"s adali , k candan , y papakonstantinou , v subrahmanian",sigmod conference,1996,"COL title VAL query caching and optimization in distributed mediator systems COL authors VAL s adali , k candan , y papakonstantinou , v subrahmanian COL venue VAL sigmod conference COL year VAL 1996"
1422,two techniques for on-line index modification in shared nothing parallel databases,"k achyutuni , e omiecinski , s navathe",sigmod conference,1996,"COL title VAL two techniques for on-line index modification in shared nothing parallel databases COL authors VAL k achyutuni , e omiecinski , s navathe COL venue VAL sigmod conference COL year VAL 1996"
1423,what can hierarchies do for data warehouses ?,"h jagadish , l lakshmanan , d srivastava",vldb,1999,"COL title VAL what can hierarchies do for data warehouses ? COL authors VAL h jagadish , l lakshmanan , d srivastava COL venue VAL vldb COL year VAL 1999"
1424,relational databases for querying xml documents : limitations and opportunities,"j shanmugasundaram , k tufte , c zhang , g he , d dewitt , j naughton",vldb,1999,"COL title VAL relational databases for querying xml documents : limitations and opportunities COL authors VAL j shanmugasundaram , k tufte , c zhang , g he , d dewitt , j naughton COL venue VAL vldb COL year VAL 1999"
1425,rapid bushy join-order optimization with cartesian products,"b vance , d maier",sigmod conference,1996,"COL title VAL rapid bushy join-order optimization with cartesian products COL authors VAL b vance , d maier COL venue VAL sigmod conference COL year VAL 1996"
1426,performance measurements of compressed bitmap indices,t johnson,vldb,1999,COL title VAL performance measurements of compressed bitmap indices COL authors VAL t johnson COL venue VAL vldb COL year VAL 1999
1427,objectivity industrial exhibit,o objectivity,vldb,1998,COL title VAL objectivity industrial exhibit COL authors VAL o objectivity COL venue VAL vldb COL year VAL 1998
1428,idea : interactive data exploration and analysis,"p selfridge , d srivastava , l wilson",sigmod conference,1996,"COL title VAL idea : interactive data exploration and analysis COL authors VAL p selfridge , d srivastava , l wilson COL venue VAL sigmod conference COL year VAL 1996"
1429,optimizing queries over multimedia repositories,"s chaudhuri , l gravano",sigmod conference,1996,"COL title VAL optimizing queries over multimedia repositories COL authors VAL s chaudhuri , l gravano COL venue VAL sigmod conference COL year VAL 1996"
1430,loading a cache with query results,"l haas , d kossmann , i ursu",vldb,1999,"COL title VAL loading a cache with query results COL authors VAL l haas , d kossmann , i ursu COL venue VAL vldb COL year VAL 1999"
1431,query optimization for xml,"j mchugh , j widom",vldb,1999,"COL title VAL query optimization for xml COL authors VAL j mchugh , j widom COL venue VAL vldb COL year VAL 1999"
1432,sql query optimization : reordering for a general class of queries,"p goel , b iyer",sigmod conference,1996,"COL title VAL sql query optimization : reordering for a general class of queries COL authors VAL p goel , b iyer COL venue VAL sigmod conference COL year VAL 1996"
1433,probabilistic optimization of top n queries,"d donjerkovic , r ramakrishnan",vldb,1999,"COL title VAL probabilistic optimization of top n queries COL authors VAL d donjerkovic , r ramakrishnan COL venue VAL vldb COL year VAL 1999"
1434,bess : storage support for interactive visualization systems,"a biliris , t funkhouser , w o'connell , e panagos",sigmod conference,1996,"COL title VAL bess : storage support for interactive visualization systems COL authors VAL a biliris , t funkhouser , w o'connell , e panagos COL venue VAL sigmod conference COL year VAL 1996"
1435,multi-dimensional substring selectivity estimation,"h jagadish , o kapitskaia , r ng , d srivastava",vldb,1999,"COL title VAL multi-dimensional substring selectivity estimation COL authors VAL h jagadish , o kapitskaia , r ng , d srivastava COL venue VAL vldb COL year VAL 1999"
1436,capbased-ams : a capability-based and event-driven activity management system,"p hung , h yeung , k karlapalem",sigmod conference,1996,"COL title VAL capbased-ams : a capability-based and event-driven activity management system COL authors VAL p hung , h yeung , k karlapalem COL venue VAL sigmod conference COL year VAL 1996"
1437,quality-driven integration of heterogenous information systems,"f naumann , u leser , j freytag",vldb,1999,"COL title VAL quality-driven integration of heterogenous information systems COL authors VAL f naumann , u leser , j freytag COL venue VAL vldb COL year VAL 1999"
1438,"data mining using two-dimensional optimized accociation rules : scheme , algorithms , and visualization","t fukuda , y morimoto , s morishita , t tokuyama",sigmod conference,1996,"COL title VAL data mining using two-dimensional optimized accociation rules : scheme , algorithms , and visualization COL authors VAL t fukuda , y morimoto , s morishita , t tokuyama COL venue VAL sigmod conference COL year VAL 1996"
1439,mining quantitative association rules in large relational tables,"r srikant , r agrawal",sigmod conference,1996,"COL title VAL mining quantitative association rules in large relational tables COL authors VAL r srikant , r agrawal COL venue VAL sigmod conference COL year VAL 1996"
1440,integrating heterogenous overlapping databases through object-oriented transformations,"v josifovski , t risch",vldb,1999,"COL title VAL integrating heterogenous overlapping databases through object-oriented transformations COL authors VAL v josifovski , t risch COL venue VAL vldb COL year VAL 1999"
1441,issues in network management in the next millennium,"m brodie , s chaudhuri",vldb,1999,"COL title VAL issues in network management in the next millennium COL authors VAL m brodie , s chaudhuri COL venue VAL vldb COL year VAL 1999"
1442,databases and visualization,d keim,sigmod conference,1996,COL title VAL databases and visualization COL authors VAL d keim COL venue VAL sigmod conference COL year VAL 1996
1443,networked data management design points,j hamilton,vldb,1999,COL title VAL networked data management design points COL authors VAL j hamilton COL venue VAL vldb COL year VAL 1999
1444,data mining techniques,j han,sigmod conference,1996,COL title VAL data mining techniques COL authors VAL j han COL venue VAL sigmod conference COL year VAL 1996
1445,dbsim : a simulation tool for predicting database performance,"m lefler , m stokrp , c wong",sigmod conference,1996,"COL title VAL dbsim : a simulation tool for predicting database performance COL authors VAL m lefler , m stokrp , c wong COL venue VAL sigmod conference COL year VAL 1996"
1446,in cyber space no one can hear you scream,c pound,vldb,1999,COL title VAL in cyber space no one can hear you scream COL authors VAL c pound COL venue VAL vldb COL year VAL 1999
1447,dbminer : interactive mining of multiple-level knowledge in relational databases,"j han , y fu , w wang , j chiang , o zaяane , k koperski",sigmod conference,1996,"COL title VAL dbminer : interactive mining of multiple-level knowledge in relational databases COL authors VAL j han , y fu , w wang , j chiang , o zaяane , k koperski COL venue VAL sigmod conference COL year VAL 1996"
1448,spirit : sequential pattern mining with regular expression constraints,"m garofalakis , r rastogi , k shim",vldb,1999,"COL title VAL spirit : sequential pattern mining with regular expression constraints COL authors VAL m garofalakis , r rastogi , k shim COL venue VAL vldb COL year VAL 1999"
1449,a framework for supporting data integration using the materialized and virtual approaches,"r hull , g zhou",sigmod conference,1996,"COL title VAL a framework for supporting data integration using the materialized and virtual approaches COL authors VAL r hull , g zhou COL venue VAL sigmod conference COL year VAL 1996"
1450,microsoft english query 7.5 : automatic extraction of semantics from relational databases and olap cubes,a blum,vldb,1999,COL title VAL microsoft english query 7.5 : automatic extraction of semantics from relational databases and olap cubes COL authors VAL a blum COL venue VAL vldb COL year VAL 1999
1451,change detection in hierarchically structured information,"s chawathe , a rajaraman , h garcia-molina , j widom",sigmod conference,1996,"COL title VAL change detection in hierarchically structured information COL authors VAL s chawathe , a rajaraman , h garcia-molina , j widom COL venue VAL sigmod conference COL year VAL 1996"
1452,"the new locking , logging , and recovery architecture of microsoft sql server 7.0",d campbell,vldb,1999,"COL title VAL the new locking , logging , and recovery architecture of microsoft sql server 7.0 COL authors VAL d campbell COL venue VAL vldb COL year VAL 1999"
1453,the value of merge-join and hash-join in sql server,g graefe,vldb,1999,COL title VAL the value of merge-join and hash-join in sql server COL authors VAL g graefe COL venue VAL vldb COL year VAL 1999
1454,a query language and optimization techniques for unstructured data,"p buneman , s davidson , g hillebrand , d suciu",sigmod conference,1996,"COL title VAL a query language and optimization techniques for unstructured data COL authors VAL p buneman , s davidson , g hillebrand , d suciu COL venue VAL sigmod conference COL year VAL 1996"
1455,voodb : a generic discrete-event random simulation model to evaluate the performances of oodbs,"j darmont , m schneider",vldb,1999,"COL title VAL voodb : a generic discrete-event random simulation model to evaluate the performances of oodbs COL authors VAL j darmont , m schneider COL venue VAL vldb COL year VAL 1999"
1456,accessing relational databases from the world wide web,"t nguyen , v srinivasan",sigmod conference,1996,"COL title VAL accessing relational databases from the world wide web COL authors VAL t nguyen , v srinivasan COL venue VAL sigmod conference COL year VAL 1996"
1457,goal-oriented buffer management revisited,"k brown , m carey , m livny",sigmod conference,1996,"COL title VAL goal-oriented buffer management revisited COL authors VAL k brown , m carey , m livny COL venue VAL sigmod conference COL year VAL 1996"
1458,building light-weight wrappers for legacy web data-sources using w4f,"a sahuguet , f azavant",vldb,1999,"COL title VAL building light-weight wrappers for legacy web data-sources using w4f COL authors VAL a sahuguet , f azavant COL venue VAL vldb COL year VAL 1999"
1459,aqua : a fast decision support systems using approximate query answers,"s acharya , p gibbons , v poosala",vldb,1999,"COL title VAL aqua : a fast decision support systems using approximate query answers COL authors VAL s acharya , p gibbons , v poosala COL venue VAL vldb COL year VAL 1999"
1460,evaluating queries with generalized path expressions,"v christophides , s cluet , g moerkotte",sigmod conference,1996,"COL title VAL evaluating queries with generalized path expressions COL authors VAL v christophides , s cluet , g moerkotte COL venue VAL sigmod conference COL year VAL 1996"
1461,repeating history beyond aries,c mohan,vldb,1999,COL title VAL repeating history beyond aries COL authors VAL c mohan COL venue VAL vldb COL year VAL 1999
1462,cost-based optimization for magic : algebra and implementation,"p seshadri , j hellerstein , h pirahesh , t leung , r ramakrishnan , d srivastava , p stuckey , s sudarshan",sigmod conference,1996,"COL title VAL cost-based optimization for magic : algebra and implementation COL authors VAL p seshadri , j hellerstein , h pirahesh , t leung , r ramakrishnan , d srivastava , p stuckey , s sudarshan COL venue VAL sigmod conference COL year VAL 1996"
1463,online feedback for nested aggregate queries with multi-threading,"k tan , c goh , b ooi",vldb,1999,"COL title VAL online feedback for nested aggregate queries with multi-threading COL authors VAL k tan , c goh , b ooi COL venue VAL vldb COL year VAL 1999"
1464,algorithms for deferred view maintenance,"l colby , t griffin , l libkin , i mumick , h trickey",sigmod conference,1996,"COL title VAL algorithms for deferred view maintenance COL authors VAL l colby , t griffin , l libkin , i mumick , h trickey COL venue VAL sigmod conference COL year VAL 1996"
1465,the persistent cache : improving oid indexing in temporal object-oriented database systems,k nјrvхg,vldb,1999,COL title VAL the persistent cache : improving oid indexing in temporal object-oriented database systems COL authors VAL k nјrvхg COL venue VAL vldb COL year VAL 1999
1466,"a query language for multidimensional arrays : design , implementation , and optimization techniques","l libkin , r machlin , l wong",sigmod conference,1996,"COL title VAL a query language for multidimensional arrays : design , implementation , and optimization techniques COL authors VAL l libkin , r machlin , l wong COL venue VAL sigmod conference COL year VAL 1996"
1467,mining deviants in a time series database,"h jagadish , n koudas , s muthukrishnan",vldb,1999,"COL title VAL mining deviants in a time series database COL authors VAL h jagadish , n koudas , s muthukrishnan COL venue VAL vldb COL year VAL 1999"
1468,a super scalar sort algorithm for risc processors,r agarwal,sigmod conference,1996,COL title VAL a super scalar sort algorithm for risc processors COL authors VAL r agarwal COL venue VAL sigmod conference COL year VAL 1996
1469,histogram-based approximation of set-valued query-answers,"y ioannidis , v poosala",vldb,1999,"COL title VAL histogram-based approximation of set-valued query-answers COL authors VAL y ioannidis , v poosala COL venue VAL vldb COL year VAL 1999"
1470,bifocal sampling for skew-resistant join size estimation,"s ganguly , p gibbons , y matias , a silberschatz",sigmod conference,1996,"COL title VAL bifocal sampling for skew-resistant join size estimation COL authors VAL s ganguly , p gibbons , y matias , a silberschatz COL venue VAL sigmod conference COL year VAL 1996"
1471,semantic compression and pattern extraction with fascicles,"h jagadish , j madar , r ng",vldb,1999,"COL title VAL semantic compression and pattern extraction with fascicles COL authors VAL h jagadish , j madar , r ng COL venue VAL vldb COL year VAL 1999"
1472,estimating alphanumeric selectivity in the presence of wildcards,"p krishnan , j vitter , b iyer",sigmod conference,1996,"COL title VAL estimating alphanumeric selectivity in the presence of wildcards COL authors VAL p krishnan , j vitter , b iyer COL venue VAL sigmod conference COL year VAL 1996"
1473,adaptive parallel aggregation algorithms,"a shatdal , j naughton",sigmod conference,1995,"COL title VAL adaptive parallel aggregation algorithms COL authors VAL a shatdal , j naughton COL venue VAL sigmod conference COL year VAL 1995"
1474,extending practical pre-aggregation in on-line analytical processing,"t pedersen , c jensen , c dyreson",vldb,1999,"COL title VAL extending practical pre-aggregation in on-line analytical processing COL authors VAL t pedersen , c jensen , c dyreson COL venue VAL vldb COL year VAL 1999"
1475,aggregation algorithms for very large compressed data warehouses,"j li , d rotem , j srivastava",vldb,1999,"COL title VAL aggregation algorithms for very large compressed data warehouses COL authors VAL j li , d rotem , j srivastava COL venue VAL vldb COL year VAL 1999"
1476,a general solution of the n-dimensional b-tree problem,m freeston,sigmod conference,1995,COL title VAL a general solution of the n-dimensional b-tree problem COL authors VAL m freeston COL venue VAL sigmod conference COL year VAL 1995
1477,extracting large-scale knowledge bases from the web,"r kumar , p raghavan , s rajagopalan , a tomkins",vldb,1999,"COL title VAL extracting large-scale knowledge bases from the web COL authors VAL r kumar , p raghavan , s rajagopalan , a tomkins COL venue VAL vldb COL year VAL 1999"
1478,efficient optimistic concurrency control using loosely synchronized clocks,"a adya , r gruber , b liskov , u maheshwari",sigmod conference,1995,"COL title VAL efficient optimistic concurrency control using loosely synchronized clocks COL authors VAL a adya , r gruber , b liskov , u maheshwari COL venue VAL sigmod conference COL year VAL 1995"
1479,"data-driven , one-to-one web site generation for data-intensive applications","s ceri , p fraternali , s paraboschi",vldb,1999,"COL title VAL data-driven , one-to-one web site generation for data-intensive applications COL authors VAL s ceri , p fraternali , s paraboschi COL venue VAL vldb COL year VAL 1999"
1480,a critique of ansi sql isolation levels,"h berenson , p bernstein , j gray , j melton , e o'neil , p o'neil",sigmod conference,1995,"COL title VAL a critique of ansi sql isolation levels COL authors VAL h berenson , p bernstein , j gray , j melton , e o'neil , p o'neil COL venue VAL sigmod conference COL year VAL 1995"
1481,the garlic project,"m roth , m arya , l haas , m carey , w cody , r fagin , p schwarz , j ii , e wimmers",sigmod conference,1996,"COL title VAL the garlic project COL authors VAL m roth , m arya , l haas , m carey , w cody , r fagin , p schwarz , j ii , e wimmers COL venue VAL sigmod conference COL year VAL 1996"
1482,curio : a novel solution for efficient storage and indexing in data warehouses,"a datta , k ramamritham , h thomas",vldb,1999,"COL title VAL curio : a novel solution for efficient storage and indexing in data warehouses COL authors VAL a datta , k ramamritham , h thomas COL venue VAL vldb COL year VAL 1999"
1483,datawarehousing has more colours than just black & white,"t zurek , m sinnwell",vldb,1999,"COL title VAL datawarehousing has more colours than just black & white COL authors VAL t zurek , m sinnwell COL venue VAL vldb COL year VAL 1999"
1484,the multiview project : object-oriented view technology and applications,"e rundensteiner , h kuno , y ra , v crestana-taube , m jones , p marrѓn",sigmod conference,1996,"COL title VAL the multiview project : object-oriented view technology and applications COL authors VAL e rundensteiner , h kuno , y ra , v crestana-taube , m jones , p marrѓn COL venue VAL sigmod conference COL year VAL 1996"
1485,sonar : system for optimized numeric associationrules,"t fukuda , y morimoto , s morishita , t tokuyama",sigmod conference,1996,"COL title VAL sonar : system for optimized numeric associationrules COL authors VAL t fukuda , y morimoto , s morishita , t tokuyama COL venue VAL sigmod conference COL year VAL 1996"
1486,high-performance extensible indexing,m kornacker,vldb,1999,COL title VAL high-performance extensible indexing COL authors VAL m kornacker COL venue VAL vldb COL year VAL 1999
1487,metu interoperable database system,"a dogac , u halici , e kilic , g жzhan , f ozcan , s nural , c dengi , s mancuhan , i arpinar , p koksal , c evrendilek",sigmod conference,1996,"COL title VAL metu interoperable database system COL authors VAL a dogac , u halici , e kilic , g жzhan , f ozcan , s nural , c dengi , s mancuhan , i arpinar , p koksal , c evrendilek COL venue VAL sigmod conference COL year VAL 1996"
1488,hierarchical prefix cubes for range-sum queries,"c chan , y ioannidis",vldb,1999,"COL title VAL hierarchical prefix cubes for range-sum queries COL authors VAL c chan , y ioannidis COL venue VAL vldb COL year VAL 1999"
1489,prospector : a content-based multimedia server for massively parallel architectures,"s choo , w o'connell , g linderman , h chen , k ganapathi , a biliris , e panagos , d schrader",sigmod conference,1996,"COL title VAL prospector : a content-based multimedia server for massively parallel architectures COL authors VAL s choo , w o'connell , g linderman , h chen , k ganapathi , a biliris , e panagos , d schrader COL venue VAL sigmod conference COL year VAL 1996"
1490,combining histograms and parametric curve fitting for feedback-driven query result-size estimation,"a kіnig , g weikum",vldb,1999,"COL title VAL combining histograms and parametric curve fitting for feedback-driven query result-size estimation COL authors VAL a kіnig , g weikum COL venue VAL vldb COL year VAL 1999"
1491,lore : a lightweight object repository for semistructured data,"d quass , j widom , r goldman , k haas , q luo , j mchugh , s nestorov , a rajaraman , h rivero , s abiteboul , j ullman , j wiener",sigmod conference,1996,"COL title VAL lore : a lightweight object repository for semistructured data COL authors VAL d quass , j widom , r goldman , k haas , q luo , j mchugh , s nestorov , a rajaraman , h rivero , s abiteboul , j ullman , j wiener COL venue VAL sigmod conference COL year VAL 1996"
1492,evaluating top-k selection queries,"s chaudhuri , l gravano",vldb,1999,"COL title VAL evaluating top-k selection queries COL authors VAL s chaudhuri , l gravano COL venue VAL vldb COL year VAL 1999"
1493,hyperstorm - administering structured documents using object-oriented database technology,"k bіhm , k aberer",sigmod conference,1996,"COL title VAL hyperstorm - administering structured documents using object-oriented database technology COL authors VAL k bіhm , k aberer COL venue VAL sigmod conference COL year VAL 1996"
1494,distributed hypertext resource discovery through examples,"s chakrabarti , m berg , b dom",vldb,1999,"COL title VAL distributed hypertext resource discovery through examples COL authors VAL s chakrabarti , m berg , b dom COL venue VAL vldb COL year VAL 1999"
1495,thinksheet : a tool for tailoring complex documents,"p piatko , r yangarber , d lin , d shasha",sigmod conference,1996,"COL title VAL thinksheet : a tool for tailoring complex documents COL authors VAL p piatko , r yangarber , d lin , d shasha COL venue VAL sigmod conference COL year VAL 1996"
1496,building hierarchical classifiers using class proximity,"k wang , s zhou , s liew",vldb,1999,"COL title VAL building hierarchical classifiers using class proximity COL authors VAL k wang , s zhou , s liew COL venue VAL vldb COL year VAL 1999"
1497,"active storage hierarchy , database systems and applications - socratic exegesis","f cariёo , w o'connell , j burgess , j saltz",vldb,1999,"COL title VAL active storage hierarchy , database systems and applications - socratic exegesis COL authors VAL f cariёo , w o'connell , j burgess , j saltz COL venue VAL vldb COL year VAL 1999"
1498,state of the art in workflow management research and products,,,1996,COL title VAL state of the art in workflow management research and products COL authors VAL  COL venue VAL  COL year VAL 1996
1499,repository system engineering,,,1996,COL title VAL repository system engineering COL authors VAL  COL venue VAL  COL year VAL 1996
1500,cost models do matter : providing cost information for diverse data sources in a federated system,"m roth , f ozcan , l haas",vldb,1999,"COL title VAL cost models do matter : providing cost information for diverse data sources in a federated system COL authors VAL m roth , f ozcan , l haas COL venue VAL vldb COL year VAL 1999"
1501,generating call-level interfaces for advanced database application programming,"u nink , t hфrder , n ritter",vldb,1999,"COL title VAL generating call-level interfaces for advanced database application programming COL authors VAL u nink , t hфrder , n ritter COL venue VAL vldb COL year VAL 1999"
1502,the ins and outs ( and everthing in between ) of data warehousing,,,1996,COL title VAL the ins and outs ( and everthing in between ) of data warehousing COL authors VAL  COL venue VAL  COL year VAL 1996
1503,high level indexing of user-defined types,"w chen , j chow , y fuh , j grandbois , m jou , n mattos , b tran , y wang",vldb,1999,"COL title VAL high level indexing of user-defined types COL authors VAL w chen , j chow , y fuh , j grandbois , m jou , n mattos , b tran , y wang COL venue VAL vldb COL year VAL 1999"
1504,is gui programming a database research problem ?,"n goyal , c hoch , r krishnamurthy , b meckler , m suckow",sigmod conference,1996,"COL title VAL is gui programming a database research problem ? COL authors VAL n goyal , c hoch , r krishnamurthy , b meckler , m suckow COL venue VAL sigmod conference COL year VAL 1996"
1505,materialized view maintenance and integrity constraint checking : trading space for time,"k ross , d srivastava , s sudarshan",sigmod conference,1996,"COL title VAL materialized view maintenance and integrity constraint checking : trading space for time COL authors VAL k ross , d srivastava , s sudarshan COL venue VAL sigmod conference COL year VAL 1996"
1506,finding intensional knowledge of distance-based outliers,"e knorr , r ng",vldb,1999,"COL title VAL finding intensional knowledge of distance-based outliers COL authors VAL e knorr , r ng COL venue VAL vldb COL year VAL 1999"
1507,a novel index supporting high volume data warehouse insertion,"c jermaine , a datta , e omiecinski",vldb,1999,"COL title VAL a novel index supporting high volume data warehouse insertion COL authors VAL c jermaine , a datta , e omiecinski COL venue VAL vldb COL year VAL 1999"
1508,maintaining database consistency in presence of value dependencies in multidatabase systems,"c morpain , m cart , j ferriщ , j pons",sigmod conference,1996,"COL title VAL maintaining database consistency in presence of value dependencies in multidatabase systems COL authors VAL c morpain , m cart , j ferriщ , j pons COL venue VAL sigmod conference COL year VAL 1996"
1509,rule languages and internal algebras for rule-based optimizers,"m cherniack , s zdonik",sigmod conference,1996,"COL title VAL rule languages and internal algebras for rule-based optimizers COL authors VAL m cherniack , s zdonik COL venue VAL sigmod conference COL year VAL 1996"
1510,dynamic load balancing for parallel association rule mining on heterogenous pc cluster systems,"m tamura , m kitsuregawa",vldb,1999,"COL title VAL dynamic load balancing for parallel association rule mining on heterogenous pc cluster systems COL authors VAL m tamura , m kitsuregawa COL venue VAL vldb COL year VAL 1999"
1511,a scalable and highly available networked database architecture,"r bamford , r ahad , a pruscino",vldb,1999,"COL title VAL a scalable and highly available networked database architecture COL authors VAL r bamford , r ahad , a pruscino COL venue VAL vldb COL year VAL 1999"
1512,query execution techniques for caching expensive methods,"j hellerstein , j naughton",sigmod conference,1996,"COL title VAL query execution techniques for caching expensive methods COL authors VAL j hellerstein , j naughton COL venue VAL sigmod conference COL year VAL 1996"
1513,"semi-automatic , self-adaptive control of garbage collection rates in object databases","j cook , a klauser , a wolf , b zorn",sigmod conference,1996,"COL title VAL semi-automatic , self-adaptive control of garbage collection rates in object databases COL authors VAL j cook , a klauser , a wolf , b zorn COL venue VAL sigmod conference COL year VAL 1996"
1514,context-based prefetch for implementing objects on relations,"p bernstein , s pal , d shutt",vldb,1999,"COL title VAL context-based prefetch for implementing objects on relations COL authors VAL p bernstein , s pal , d shutt COL venue VAL vldb COL year VAL 1999"
1515,towards effective and efficient free space management,"m mcauliffe , m carey , m solomon",sigmod conference,1996,"COL title VAL towards effective and efficient free space management COL authors VAL m mcauliffe , m carey , m solomon COL venue VAL sigmod conference COL year VAL 1996"
1516,ghost : fine granularity buffering of indexes,"c goh , b ooi , d sim , k tan",vldb,1999,"COL title VAL ghost : fine granularity buffering of indexes COL authors VAL c goh , b ooi , d sim , k tan COL venue VAL vldb COL year VAL 1999"
1517,dbmss on a modern processor : where does time go ?,"a ailamaki , d dewitt , m hill , d wood",vldb,1999,"COL title VAL dbmss on a modern processor : where does time go ? COL authors VAL a ailamaki , d dewitt , m hill , d wood COL venue VAL vldb COL year VAL 1999"
1518,static detection of security flaws in object-oriented databases,k tajima,sigmod conference,1996,COL title VAL static detection of security flaws in object-oriented databases COL authors VAL k tajima COL venue VAL sigmod conference COL year VAL 1996
1519,capturing and querying multiple aspects of semistructured data,"c dyreson , m bіhlen , c jensen",vldb,1999,"COL title VAL capturing and querying multiple aspects of semistructured data COL authors VAL c dyreson , m bіhlen , c jensen COL venue VAL vldb COL year VAL 1999"
1520,multi-dimensional resource scheduling for parallel queries,"m garofalakis , y ioannidis",sigmod conference,1996,"COL title VAL multi-dimensional resource scheduling for parallel queries COL authors VAL m garofalakis , y ioannidis COL venue VAL sigmod conference COL year VAL 1996"
1521,safe and efficient sharing of persistent objects in thor,"b liskov , a adya , m castro , m day , s ghemawat , r gruber , u maheshwari , a myers , l shrira",sigmod conference,1996,"COL title VAL safe and efficient sharing of persistent objects in thor COL authors VAL b liskov , a adya , m castro , m day , s ghemawat , r gruber , u maheshwari , a myers , l shrira COL venue VAL sigmod conference COL year VAL 1996"
1522,cache conscious indexing for decision-support in main memory,"j rao , k ross",vldb,1999,"COL title VAL cache conscious indexing for decision-support in main memory COL authors VAL j rao , k ross COL venue VAL vldb COL year VAL 1999"
1523,comparing hierarchical data in external memory,s chawathe,vldb,1999,COL title VAL comparing hierarchical data in external memory COL authors VAL s chawathe COL venue VAL vldb COL year VAL 1999
1524,an open storage system for abstract objects,"s blott , l relly , h schek",sigmod conference,1996,"COL title VAL an open storage system for abstract objects COL authors VAL s blott , l relly , h schek COL venue VAL sigmod conference COL year VAL 1996"
1525,improved histograms for selectivity estimation of range predicates,"v poosala , y ioannidis , p haas , e shekita",sigmod conference,1996,"COL title VAL improved histograms for selectivity estimation of range predicates COL authors VAL v poosala , y ioannidis , p haas , e shekita COL venue VAL sigmod conference COL year VAL 1996"
1526,explaining differences in multidimensional aggregates,s sarawagi,vldb,1999,COL title VAL explaining differences in multidimensional aggregates COL authors VAL s sarawagi COL venue VAL vldb COL year VAL 1999
1527,very large databases in a commercial application environment,k hess,vldb,1996,COL title VAL very large databases in a commercial application environment COL authors VAL k hess COL venue VAL vldb COL year VAL 1996
1528,database architecture optimized for the new bottleneck : memory access,"p boncz , s manegold , m kersten",vldb,1999,"COL title VAL database architecture optimized for the new bottleneck : memory access COL authors VAL p boncz , s manegold , m kersten COL venue VAL vldb COL year VAL 1999"
1529,structures for manipulating proposed updates in object-oriented databases,"m doherty , r hull , m rupawalla",sigmod conference,1996,"COL title VAL structures for manipulating proposed updates in object-oriented databases COL authors VAL m doherty , r hull , m rupawalla COL venue VAL sigmod conference COL year VAL 1996"
1530,spatial hash-joins,"m lo , c ravishankar",sigmod conference,1996,"COL title VAL spatial hash-joins COL authors VAL m lo , c ravishankar COL venue VAL sigmod conference COL year VAL 1996"
1531,active views for electronic commerce,"s abiteboul , b amann , s cluet , a eyal , l mignet , t milo",vldb,1999,"COL title VAL active views for electronic commerce COL authors VAL s abiteboul , b amann , s cluet , a eyal , l mignet , t milo COL venue VAL vldb COL year VAL 1999"
1532,partition based spatial-merge join,"j patel , d dewitt",sigmod conference,1996,"COL title VAL partition based spatial-merge join COL authors VAL j patel , d dewitt COL venue VAL sigmod conference COL year VAL 1996"
1533,an adaptive hybrid server architecture for client caching odbmss,"k voruganti , m жzsu , r unrau",vldb,1999,"COL title VAL an adaptive hybrid server architecture for client caching odbmss COL authors VAL k voruganti , m жzsu , r unrau COL venue VAL vldb COL year VAL 1999"
1534,implementing data cubes efficiently,"v harinarayan , a rajaraman , j ullman",sigmod conference,1996,"COL title VAL implementing data cubes efficiently COL authors VAL v harinarayan , a rajaraman , j ullman COL venue VAL sigmod conference COL year VAL 1996"
1535,exploiting versions for handling updates in broadcast disks,"e pitoura , p chrysanthis",vldb,1999,"COL title VAL exploiting versions for handling updates in broadcast disks COL authors VAL e pitoura , p chrysanthis COL venue VAL vldb COL year VAL 1999"
1536,fast algorithms for maintaining replica consistency in lazy master replicated databases,"e pacitti , p minet , e simon",vldb,1999,"COL title VAL fast algorithms for maintaining replica consistency in lazy master replicated databases COL authors VAL e pacitti , p minet , e simon COL venue VAL vldb COL year VAL 1999"
1537,providing better support for a class of decision support queries,"s rao , a badia , d gucht",sigmod conference,1996,"COL title VAL providing better support for a class of decision support queries COL authors VAL s rao , a badia , d gucht COL venue VAL sigmod conference COL year VAL 1996"
1538,datablitz : a high performance main-memory storage manager,"j baulier , p bohannon , s gogate , s joshi , c gupta , a khivesera , h korth , p mcilroy , j miller , p narayan , m nemeth , r rastogi , a silberschatz , s sudarshan",vldb,1998,"COL title VAL datablitz : a high performance main-memory storage manager COL authors VAL j baulier , p bohannon , s gogate , s joshi , c gupta , a khivesera , h korth , p mcilroy , j miller , p narayan , m nemeth , r rastogi , a silberschatz , s sudarshan COL venue VAL vldb COL year VAL 1998"
1539,adapting materialized views after redefinitions,"a gupta , i mumick , k ross",sigmod conference,1995,"COL title VAL adapting materialized views after redefinitions COL authors VAL a gupta , i mumick , k ross COL venue VAL sigmod conference COL year VAL 1995"
1540,bridging heterogeneity : research and practice of database middleware technology,"f rezende , g sauter",vldb,1998,"COL title VAL bridging heterogeneity : research and practice of database middleware technology COL authors VAL f rezende , g sauter COL venue VAL vldb COL year VAL 1998"
1541,broadcast disks : data management for asymmetric communications environments,"s acharya , r alonso , m franklin , s zdonik",sigmod conference,1995,"COL title VAL broadcast disks : data management for asymmetric communications environments COL authors VAL s acharya , r alonso , m franklin , s zdonik COL venue VAL sigmod conference COL year VAL 1995"
1542,heterogeneous database query optimization in db2 universal datajoiner,"s venkataraman , t zhang",vldb,1998,"COL title VAL heterogeneous database query optimization in db2 universal datajoiner COL authors VAL s venkataraman , t zhang COL venue VAL vldb COL year VAL 1998"
1543,an effective hash based algorithm for mining association rules,"j park , m chen , p yu",sigmod conference,1995,"COL title VAL an effective hash based algorithm for mining association rules COL authors VAL j park , m chen , p yu COL venue VAL sigmod conference COL year VAL 1995"
1544,a database system for real-time event aggregation in telecommunication,"j baulier , s blott , h korth , a silberschatz",vldb,1998,"COL title VAL a database system for real-time event aggregation in telecommunication COL authors VAL j baulier , s blott , h korth , a silberschatz COL venue VAL vldb COL year VAL 1998"
1545,"fastmap : a fast algorithm for indexing , data-mining and visualization of traditional and multimedia datasets","c faloutsos , k lin",sigmod conference,1995,"COL title VAL fastmap : a fast algorithm for indexing , data-mining and visualization of traditional and multimedia datasets COL authors VAL c faloutsos , k lin COL venue VAL sigmod conference COL year VAL 1995"
1546,dynamic resource brokering for multi-user query execution,"d davison , g graefe",sigmod conference,1995,"COL title VAL dynamic resource brokering for multi-user query execution COL authors VAL d davison , g graefe COL venue VAL sigmod conference COL year VAL 1995"
1547,architecture of oracle parallel server,"r bamford , d butler , b klots , n macnaughton",vldb,1998,"COL title VAL architecture of oracle parallel server COL authors VAL r bamford , d butler , b klots , n macnaughton COL venue VAL vldb COL year VAL 1998"
1548,checkpointing in oracle,"a joshi , w bridge , j loaiza , t lahiri",vldb,1998,"COL title VAL checkpointing in oracle COL authors VAL a joshi , w bridge , j loaiza , t lahiri COL venue VAL vldb COL year VAL 1998"
1549,applying update streams in a soft real-time database system,"b adelberg , h garcia-molina , b kao",sigmod conference,1995,"COL title VAL applying update streams in a soft real-time database system COL authors VAL b adelberg , h garcia-molina , b kao COL venue VAL sigmod conference COL year VAL 1995"
1550,balancing histogram optimality and practicality for query result size estimation,"y ioannidis , v poosala",sigmod conference,1995,"COL title VAL balancing histogram optimality and practicality for query result size estimation COL authors VAL y ioannidis , v poosala COL venue VAL sigmod conference COL year VAL 1995"
1551,from data independence to knowledge independence : an on-going story,l vieille,vldb,1998,COL title VAL from data independence to knowledge independence : an on-going story COL authors VAL l vieille COL venue VAL vldb COL year VAL 1998
1552,dtl 's dataspot : database exploration using plain language,"s dar , g entin , s geva , e palmon",vldb,1998,"COL title VAL dtl 's dataspot : database exploration using plain language COL authors VAL s dar , g entin , s geva , e palmon COL venue VAL vldb COL year VAL 1998"
1553,enhancing database correctness : a statistical approach,"w hou , z zhang",sigmod conference,1995,"COL title VAL enhancing database correctness : a statistical approach COL authors VAL w hou , z zhang COL venue VAL sigmod conference COL year VAL 1995"
1554,resource scheduling for composite multimedia objects,"m garofalakis , y ioannidis , b жzden",vldb,1998,"COL title VAL resource scheduling for composite multimedia objects COL authors VAL m garofalakis , y ioannidis , b жzden COL venue VAL vldb COL year VAL 1998"
1555,copy detection mechanisms for digital documents,"s brin , j davis , h garcia-molina",sigmod conference,1995,"COL title VAL copy detection mechanisms for digital documents COL authors VAL s brin , j davis , h garcia-molina COL venue VAL sigmod conference COL year VAL 1995"
1556,performance measurements of tertiary storage devices,"t johnson , e miller",vldb,1998,"COL title VAL performance measurements of tertiary storage devices COL authors VAL t johnson , e miller COL venue VAL vldb COL year VAL 1998"
1557,a database interface for file updates,"s abiteboul , s cluet , t milo",sigmod conference,1995,"COL title VAL a database interface for file updates COL authors VAL s abiteboul , s cluet , t milo COL venue VAL sigmod conference COL year VAL 1995"
1558,incremental maintenance for materialized views over semistructured data,"s abiteboul , j mchugh , m rys , v vassalos , j wiener",vldb,1998,"COL title VAL incremental maintenance for materialized views over semistructured data COL authors VAL s abiteboul , j mchugh , m rys , v vassalos , j wiener COL venue VAL vldb COL year VAL 1998"
1559,fault tolerant design of multimedia servers,"s berson , l golubchik , r muntz",sigmod conference,1995,"COL title VAL fault tolerant design of multimedia servers COL authors VAL s berson , l golubchik , r muntz COL venue VAL sigmod conference COL year VAL 1995"
1560,proximity search in databases,"r goldman , n shivakumar , s venkatasubramanian , h garcia-molina",vldb,1998,"COL title VAL proximity search in databases COL authors VAL r goldman , n shivakumar , s venkatasubramanian , h garcia-molina COL venue VAL vldb COL year VAL 1998"
1561,efficient maintenance of materialized mediated views,"j lu , g moerkotte , j schќ , v subrahmanian",sigmod conference,1995,"COL title VAL efficient maintenance of materialized mediated views COL authors VAL j lu , g moerkotte , j schќ , v subrahmanian COL venue VAL sigmod conference COL year VAL 1995"
1562,carnot and infosleuth : database technology and the world wide web,"d woelk , w bohrer , n jacobs , k ong , c tomlinson , c unnikrishnan",sigmod conference,1995,"COL title VAL carnot and infosleuth : database technology and the world wide web COL authors VAL d woelk , w bohrer , n jacobs , k ong , c tomlinson , c unnikrishnan COL venue VAL sigmod conference COL year VAL 1995"
1563,technology and the future of commerce and finance ( abstract ),d shaw,vldb,1998,COL title VAL technology and the future of commerce and finance ( abstract ) COL authors VAL d shaw COL venue VAL vldb COL year VAL 1998
1564,active storage for large-scale data mining and multimedia,"e riedel , g gibson , c faloutsos",vldb,1998,"COL title VAL active storage for large-scale data mining and multimedia COL authors VAL e riedel , g gibson , c faloutsos COL venue VAL vldb COL year VAL 1998"
1565,high availability of commercial applications,k ivinskis,sigmod conference,1995,COL title VAL high availability of commercial applications COL authors VAL k ivinskis COL venue VAL sigmod conference COL year VAL 1995
1566,enterprise transaction processing on windows nt,g hope,sigmod conference,1995,COL title VAL enterprise transaction processing on windows nt COL authors VAL g hope COL venue VAL sigmod conference COL year VAL 1995
1567,a single pass computing engine for interactive analysis of vldbs,t mihalisin,vldb,1998,COL title VAL a single pass computing engine for interactive analysis of vldbs COL authors VAL t mihalisin COL venue VAL vldb COL year VAL 1998
1568,dms : a parallel data mining server,f george,vldb,1998,COL title VAL dms : a parallel data mining server COL authors VAL f george COL venue VAL vldb COL year VAL 1998
1569,directv and oracle rdb : the challenges of vldb transaction processing,w gettys,sigmod conference,1995,COL title VAL directv and oracle rdb : the challenges of vldb transaction processing COL authors VAL w gettys COL venue VAL sigmod conference COL year VAL 1995
1570,"enterprise objects framework , a second generation object-relational enabler",c kleissner,sigmod conference,1995,"COL title VAL enterprise objects framework , a second generation object-relational enabler COL authors VAL c kleissner COL venue VAL sigmod conference COL year VAL 1995"
1571,low-cost compensation-based query processing,"и grјvlen , s hvasshovd , и torbjјrnsen",vldb,1998,"COL title VAL low-cost compensation-based query processing COL authors VAL и grјvlen , s hvasshovd , и torbjјrnsen COL venue VAL vldb COL year VAL 1998"
1572,an overview of db2 parallel edition,"c baru , g fecteau , a goyal , h hsiao , a jhingran , s padmanabhan , w wilson",sigmod conference,1995,"COL title VAL an overview of db2 parallel edition COL authors VAL c baru , g fecteau , a goyal , h hsiao , a jhingran , s padmanabhan , w wilson COL venue VAL sigmod conference COL year VAL 1995"
1573,a quantitative analysis and performance study for similarity-search methods in high-dimensional spaces,"r weber , h schek , s blott",vldb,1998,"COL title VAL a quantitative analysis and performance study for similarity-search methods in high-dimensional spaces COL authors VAL r weber , h schek , s blott COL venue VAL vldb COL year VAL 1998"
1574,data extraction and transformation for the data warehouse,c squire,sigmod conference,1995,COL title VAL data extraction and transformation for the data warehouse COL authors VAL c squire COL venue VAL sigmod conference COL year VAL 1995
1575,reducing the braking distance of an sql query engine,"m carey , d kossmann",vldb,1998,"COL title VAL reducing the braking distance of an sql query engine COL authors VAL m carey , d kossmann COL venue VAL vldb COL year VAL 1998"
1576,cover your assets,m olson,sigmod conference,1995,COL title VAL cover your assets COL authors VAL m olson COL venue VAL sigmod conference COL year VAL 1995
1577,querying continuous time sequences,"l lin , t risch",vldb,1998,"COL title VAL querying continuous time sequences COL authors VAL l lin , t risch COL venue VAL vldb COL year VAL 1998"
1578,recovery protocols for shared memory database systems,"l molesky , k ramamritham",sigmod conference,1995,"COL title VAL recovery protocols for shared memory database systems COL authors VAL l molesky , k ramamritham COL venue VAL sigmod conference COL year VAL 1995"
1579,edgar f. codd : a tribute and personal memoir,c date,sigmod record,2003,COL title VAL edgar f. codd : a tribute and personal memoir COL authors VAL c date COL venue VAL sigmod record COL year VAL 2003
1580,nd-sql : a multi-dimensional language for interoperability and olap,"f gingras , l lakshmanan",vldb,1998,"COL title VAL nd-sql : a multi-dimensional language for interoperability and olap COL authors VAL f gingras , l lakshmanan COL venue VAL vldb COL year VAL 1998"
1581,the lyric language : querying constraint objects,"a brodsky , y kornatzky",sigmod conference,1995,"COL title VAL the lyric language : querying constraint objects COL authors VAL a brodsky , y kornatzky COL venue VAL sigmod conference COL year VAL 1995"
1582,the heterogeneity problem and middleware technology : experiences with and performance of database gateways,"f rezende , k hergula",vldb,1998,"COL title VAL the heterogeneity problem and middleware technology : experiences with and performance of database gateways COL authors VAL f rezende , k hergula COL venue VAL vldb COL year VAL 1998"
1583,evaluating functional joins along nested reference sets in object-relational and object-oriented databases,"r braumandl , j clauпen , a kemper",vldb,1998,"COL title VAL evaluating functional joins along nested reference sets in object-relational and object-oriented databases COL authors VAL r braumandl , j clauпen , a kemper COL venue VAL vldb COL year VAL 1998"
1584,datamine - interactive rule discovery system,"t imielinski , a virmani",sigmod conference,1995,"COL title VAL datamine - interactive rule discovery system COL authors VAL t imielinski , a virmani COL venue VAL sigmod conference COL year VAL 1995"
1585,using schema matching to simplify heterogeneous data translation,"t milo , s zohar",vldb,1998,"COL title VAL using schema matching to simplify heterogeneous data translation COL authors VAL t milo , s zohar COL venue VAL vldb COL year VAL 1998"
1586,efendi : federated database system of cadlab,"e radeke , r bіttger , b burkert , y engel , g kachel , s kolmschlag , d nolte",sigmod conference,1995,"COL title VAL efendi : federated database system of cadlab COL authors VAL e radeke , r bіttger , b burkert , y engel , g kachel , s kolmschlag , d nolte COL venue VAL sigmod conference COL year VAL 1995"
1587,nearest neighbor queries,"n roussopoulos , s kelley , f vincent",sigmod conference,1995,"COL title VAL nearest neighbor queries COL authors VAL n roussopoulos , s kelley , f vincent COL venue VAL sigmod conference COL year VAL 1995"
1588,on optimal node splitting for r-trees,"y garcэa , m lopez , s leutenegger",vldb,1998,"COL title VAL on optimal node splitting for r-trees COL authors VAL y garcэa , m lopez , s leutenegger COL venue VAL vldb COL year VAL 1998"
1589,r-tree based indexing of now-relative bitemporal data,"r bliujute , c jensen , s saltenis , g slivinskas",vldb,1998,"COL title VAL r-tree based indexing of now-relative bitemporal data COL authors VAL r bliujute , c jensen , s saltenis , g slivinskas COL venue VAL vldb COL year VAL 1998"
1590,topological relations in the world of minimum bounding rectangles : a study with r-trees,"d papadias , y theodoridis , t sellis , m egenhofer",sigmod conference,1995,"COL title VAL topological relations in the world of minimum bounding rectangles : a study with r-trees COL authors VAL d papadias , y theodoridis , t sellis , m egenhofer COL venue VAL sigmod conference COL year VAL 1995"
1591,towards an effective calculus for object query languages,"l fegaras , d maier",sigmod conference,1995,"COL title VAL towards an effective calculus for object query languages COL authors VAL l fegaras , d maier COL venue VAL sigmod conference COL year VAL 1995"
1592,optimal histograms with quality guarantees,"h jagadish , n koudas , s muthukrishnan , v poosala , k sevcik , t suel",vldb,1998,"COL title VAL optimal histograms with quality guarantees COL authors VAL h jagadish , n koudas , s muthukrishnan , v poosala , k sevcik , t suel COL venue VAL vldb COL year VAL 1998"
1593,ofl : a functional execution model for object query languages,"g gardarin , f machuca , p pucheral",sigmod conference,1995,"COL title VAL ofl : a functional execution model for object query languages COL authors VAL g gardarin , f machuca , p pucheral COL venue VAL sigmod conference COL year VAL 1995"
1594,incremental clustering for mining in a data warehousing environment,"m ester , h kriegel , j sander , m wimmer , x xu",vldb,1998,"COL title VAL incremental clustering for mining in a data warehousing environment COL authors VAL m ester , h kriegel , j sander , m wimmer , x xu COL venue VAL vldb COL year VAL 1998"
1595,inferring function semantics to optimize queries,"m cherniack , s zdonik",vldb,1998,"COL title VAL inferring function semantics to optimize queries COL authors VAL m cherniack , s zdonik COL venue VAL vldb COL year VAL 1998"
1596,oodb indexing by class-division,"s ramaswamy , p kanellakis",sigmod conference,1995,"COL title VAL oodb indexing by class-division COL authors VAL s ramaswamy , p kanellakis COL venue VAL sigmod conference COL year VAL 1995"
1597,the handwritten trie : indexing electronic ink,"w aref , d barbarс , p vallabhaneni",sigmod conference,1995,"COL title VAL the handwritten trie : indexing electronic ink COL authors VAL w aref , d barbarс , p vallabhaneni COL venue VAL sigmod conference COL year VAL 1995"
1598,"topaz : a cost-based , rule-driven , multi-phase parallelizer","c nippl , b mitschang",vldb,1998,"COL title VAL topaz : a cost-based , rule-driven , multi-phase parallelizer COL authors VAL c nippl , b mitschang COL venue VAL vldb COL year VAL 1998"
1599,improving adaptable similarity query processing by using approximations,"m ankerst , b braunmќller , h kriegel , t seidl",vldb,1998,"COL title VAL improving adaptable similarity query processing by using approximations COL authors VAL m ankerst , b braunmќller , h kriegel , t seidl COL venue VAL vldb COL year VAL 1998"
1600,parallel evaluation of multi-join queries,"a wilschut , j flokstra , p apers",sigmod conference,1995,"COL title VAL parallel evaluation of multi-join queries COL authors VAL a wilschut , j flokstra , p apers COL venue VAL sigmod conference COL year VAL 1995"
1601,mindreader : querying databases through multiple examples,"y ishikawa , r subramanya , c faloutsos",vldb,1998,"COL title VAL mindreader : querying databases through multiple examples COL authors VAL y ishikawa , r subramanya , c faloutsos COL venue VAL vldb COL year VAL 1998"
1602,the merge/purge problem for large databases,"m hernсndez , s stolfo",sigmod conference,1995,"COL title VAL the merge/purge problem for large databases COL authors VAL m hernсndez , s stolfo COL venue VAL sigmod conference COL year VAL 1995"
1603,semantic assumptions and query evaluation in temporal databases,"c bettini , x wang , e bertino , s jajodia",sigmod conference,1995,"COL title VAL semantic assumptions and query evaluation in temporal databases COL authors VAL c bettini , x wang , e bertino , s jajodia COL venue VAL sigmod conference COL year VAL 1995"
1604,"what do those weird xml types want , anyway ?",s derose,vldb,1999,"COL title VAL what do those weird xml types want , anyway ? COL authors VAL s derose COL venue VAL vldb COL year VAL 1999"
1605,online dynamic reordering for interactive data processing,"v raman , b raman , j hellerstein",vldb,1999,"COL title VAL online dynamic reordering for interactive data processing COL authors VAL v raman , b raman , j hellerstein COL venue VAL vldb COL year VAL 1999"
1606,implementing crash recovery in quickstore : a performance study,"s white , d dewitt",sigmod conference,1995,"COL title VAL implementing crash recovery in quickstore : a performance study COL authors VAL s white , d dewitt COL venue VAL sigmod conference COL year VAL 1995"
1607,hyper-programming in java,"e zirintsis , g kirby , r morrison",vldb,1999,"COL title VAL hyper-programming in java COL authors VAL e zirintsis , g kirby , r morrison COL venue VAL vldb COL year VAL 1999"
1608,reducing multidatabase query response time by tree balancing,"w du , m shan , u dayal",sigmod conference,1995,"COL title VAL reducing multidatabase query response time by tree balancing COL authors VAL w du , m shan , u dayal COL venue VAL sigmod conference COL year VAL 1995"
1609,"industrial panel on data warehousing technologies : experiences , challenges , and directions",u dayal,vldb,1999,"COL title VAL industrial panel on data warehousing technologies : experiences , challenges , and directions COL authors VAL u dayal COL venue VAL vldb COL year VAL 1999"
1610,temporal conditions and integrity constraints in active database systems,"a sistla , o wolfson",sigmod conference,1995,"COL title VAL temporal conditions and integrity constraints in active database systems COL authors VAL a sistla , o wolfson COL venue VAL sigmod conference COL year VAL 1995"
1611,"pm3 : an orthogonal persistent systems programming language - design , implementation , performance","a hosking , j chen",vldb,1999,"COL title VAL pm3 : an orthogonal persistent systems programming language - design , implementation , performance COL authors VAL a hosking , j chen COL venue VAL vldb COL year VAL 1999"
1612,view maintenance in a warehousing environment,"y zhuge , h garcia-molina , j hammer , j widom",sigmod conference,1995,"COL title VAL view maintenance in a warehousing environment COL authors VAL y zhuge , h garcia-molina , j hammer , j widom COL venue VAL sigmod conference COL year VAL 1995"
1613,implementation of sql3 structured types with inheritance and value substitutability,"y fuh , s deпloch , w chen , n mattos , b tran , b lindsay , l demichel , s rielau , d mannhaupt",vldb,1999,"COL title VAL implementation of sql3 structured types with inheritance and value substitutability COL authors VAL y fuh , s deпloch , w chen , n mattos , b tran , b lindsay , l demichel , s rielau , d mannhaupt COL venue VAL vldb COL year VAL 1999"
1614,hypergraph based reorderings of outer join queries with complex predicates,"g bhargava , p goel , b iyer",sigmod conference,1995,"COL title VAL hypergraph based reorderings of outer join queries with complex predicates COL authors VAL g bhargava , p goel , b iyer COL venue VAL sigmod conference COL year VAL 1995"
1615,the spiffi scalable video-on-demand system,"c freedman , d dewitt",sigmod conference,1995,"COL title VAL the spiffi scalable video-on-demand system COL authors VAL c freedman , d dewitt COL venue VAL sigmod conference COL year VAL 1995"
1616,implementation of two semantic query optimization techniques in db2 universal database,"q cheng , j gryz , f koo , t leung , l liu , x qian , k schiefer",vldb,1999,"COL title VAL implementation of two semantic query optimization techniques in db2 universal database COL authors VAL q cheng , j gryz , f koo , t leung , l liu , x qian , k schiefer COL venue VAL vldb COL year VAL 1999"
1617,optimization of run-time management of data intensive web-sites,"d florescu , a levy , d suciu , k yagoub",vldb,1999,"COL title VAL optimization of run-time management of data intensive web-sites COL authors VAL d florescu , a levy , d suciu , k yagoub COL venue VAL vldb COL year VAL 1999"
1618,incremental maintenance of views with duplicates,"t griffin , l libkin",sigmod conference,1995,"COL title VAL incremental maintenance of views with duplicates COL authors VAL t griffin , l libkin COL venue VAL sigmod conference COL year VAL 1995"
1619,join queries with external text sources : execution and optimization techniques,"s chaudhuri , u dayal , t yan",sigmod conference,1995,"COL title VAL join queries with external text sources : execution and optimization techniques COL authors VAL s chaudhuri , u dayal , t yan COL venue VAL sigmod conference COL year VAL 1995"
1620,determining text databases to search in the internet,"w meng , k liu , c yu , x wang , y chang , n rishe",vldb,1998,"COL title VAL determining text databases to search in the internet COL authors VAL w meng , k liu , c yu , x wang , y chang , n rishe COL venue VAL vldb COL year VAL 1998"
1621,an online video placement policy based on bandwith to space ratio ( bsr ),"a dan , d sitaram",sigmod conference,1995,"COL title VAL an online video placement policy based on bandwith to space ratio ( bsr ) COL authors VAL a dan , d sitaram COL venue VAL sigmod conference COL year VAL 1995"
1622,atomicity versus anonymity : distributed transactions for electronic commerce,j tygar,vldb,1998,COL title VAL atomicity versus anonymity : distributed transactions for electronic commerce COL authors VAL j tygar COL venue VAL vldb COL year VAL 1998
1623,diag-join : an opportunistic join algorithm for 1 : n relationships,"s helmer , t westmann , g moerkotte",vldb,1998,"COL title VAL diag-join : an opportunistic join algorithm for 1 : n relationships COL authors VAL s helmer , t westmann , g moerkotte COL venue VAL vldb COL year VAL 1998"
1624,upsizing from file server to clent server architectures,t team,sigmod conference,1995,COL title VAL upsizing from file server to clent server architectures COL authors VAL t team COL venue VAL sigmod conference COL year VAL 1995
1625,"object-oriented , rapid application development in a pc database environment",f team,sigmod conference,1995,"COL title VAL object-oriented , rapid application development in a pc database environment COL authors VAL f team COL venue VAL sigmod conference COL year VAL 1995"
1626,hash joins and hash teams in microsoft sql server,"g graefe , r bunker , s cooper",vldb,1998,"COL title VAL hash joins and hash teams in microsoft sql server COL authors VAL g graefe , r bunker , s cooper COL venue VAL vldb COL year VAL 1998"
1627,the data that you wo n't find in databases : tutorial panel on data exchange formats,"p buneman , d maier",sigmod conference,1995,"COL title VAL the data that you wo n't find in databases : tutorial panel on data exchange formats COL authors VAL p buneman , d maier COL venue VAL sigmod conference COL year VAL 1995"
1628,spatio-temporal retrieval with rasdaman,"p baumann , a dehmel , p furtado , r ritsch , n widmann",vldb,1999,"COL title VAL spatio-temporal retrieval with rasdaman COL authors VAL p baumann , a dehmel , p furtado , r ritsch , n widmann COL venue VAL vldb COL year VAL 1999"
1629,using the calanda time series management system,"w dreyer , a dittrich , d schmidt",sigmod conference,1995,"COL title VAL using the calanda time series management system COL authors VAL w dreyer , a dittrich , d schmidt COL venue VAL sigmod conference COL year VAL 1995"
1630,xml repository and active views demonstration,"s abiteboul , v aguilera , s ailleret , b amann , s cluet , b hills , f hubert , j mamou , a marian , l mignet , t milo , c santos , b tessier , a vercoustre",vldb,1999,"COL title VAL xml repository and active views demonstration COL authors VAL s abiteboul , v aguilera , s ailleret , b amann , s cluet , b hills , f hubert , j mamou , a marian , l mignet , t milo , c santos , b tessier , a vercoustre COL venue VAL vldb COL year VAL 1999"
1631,the lotus notes storage system,k moore,sigmod conference,1995,COL title VAL the lotus notes storage system COL authors VAL k moore COL venue VAL sigmod conference COL year VAL 1995
1632,the mirror mmdbms architecture,"a vries , m doorn , h blanken , p apers",vldb,1999,"COL title VAL the mirror mmdbms architecture COL authors VAL a vries , m doorn , h blanken , p apers COL venue VAL vldb COL year VAL 1999"
1633,keynote address,,,1995,COL title VAL keynote address COL authors VAL  COL venue VAL  COL year VAL 1995
1634,miro web : integrating multiple data sources through semistructured data types,"l bouganim , t chan-sine-ying , t dang-ngoc , j darroux , g gardarin , f sha",vldb,1999,"COL title VAL miro web : integrating multiple data sources through semistructured data types COL authors VAL l bouganim , t chan-sine-ying , t dang-ngoc , j darroux , g gardarin , f sha COL venue VAL vldb COL year VAL 1999"
1635,parallel database systems 101,j gray,sigmod conference,1995,COL title VAL parallel database systems 101 COL authors VAL j gray COL venue VAL sigmod conference COL year VAL 1995
1636,clustering categorical data : an approach based on dynamical systems,"d gibson , j kleinberg , p raghavan",vldb,1998,"COL title VAL clustering categorical data : an approach based on dynamical systems COL authors VAL d gibson , j kleinberg , p raghavan COL venue VAL vldb COL year VAL 1998"
1637,keynote address,,,1995,COL title VAL keynote address COL authors VAL  COL venue VAL  COL year VAL 1995
1638,things every update replication customer should know,r golding,sigmod conference,1995,COL title VAL things every update replication customer should know COL authors VAL r golding COL venue VAL sigmod conference COL year VAL 1995
1639,fast high-dimensional data search in incomplete databases,"b ooi , c goh , k tan",vldb,1998,"COL title VAL fast high-dimensional data search in incomplete databases COL authors VAL b ooi , c goh , k tan COL venue VAL vldb COL year VAL 1998"
1640,algorithms for mining association rules for binary segmentations of huge categorical databases,"y morimoto , t fukuda , h matsuzawa , t tokuyama , k yoda",vldb,1998,"COL title VAL algorithms for mining association rules for binary segmentations of huge categorical databases COL authors VAL y morimoto , t fukuda , h matsuzawa , t tokuyama , k yoda COL venue VAL vldb COL year VAL 1998"
1641,versant replication : supporting fault-tolerant object databases,"y shyy , h au-yeung , c chou",sigmod conference,1995,"COL title VAL versant replication : supporting fault-tolerant object databases COL authors VAL y shyy , h au-yeung , c chou COL venue VAL sigmod conference COL year VAL 1995"
1642,research and products : are they relevant to each other ? ( panel ),h edelstein,sigmod conference,1995,COL title VAL research and products : are they relevant to each other ? ( panel ) COL authors VAL h edelstein COL venue VAL sigmod conference COL year VAL 1995
1643,algorithms for mining distance-based outliers in large datasets,"e knorr , r ng",vldb,1998,"COL title VAL algorithms for mining distance-based outliers in large datasets COL authors VAL e knorr , r ng COL venue VAL vldb COL year VAL 1998"
1644,real world requirements for decision support - implications for rdbms,s bansal,sigmod conference,1995,COL title VAL real world requirements for decision support - implications for rdbms COL authors VAL s bansal COL venue VAL sigmod conference COL year VAL 1995
1645,design and analysis of parametric query optimization algorithms,s ganguly,vldb,1998,COL title VAL design and analysis of parametric query optimization algorithms COL authors VAL s ganguly COL venue VAL vldb COL year VAL 1998
1646,filtering with approximate predicates,"n shivakumar , h garcia-molina , c chekuri",vldb,1998,"COL title VAL filtering with approximate predicates COL authors VAL n shivakumar , h garcia-molina , c chekuri COL venue VAL vldb COL year VAL 1998"
1647,`` one size fits all '' database architectures do not work for dds,c french,sigmod conference,1995,COL title VAL `` one size fits all '' database architectures do not work for dds COL authors VAL c french COL venue VAL sigmod conference COL year VAL 1995
1648,binding propagation in disjunctive databases,s greco,vldb,1998,COL title VAL binding propagation in disjunctive databases COL authors VAL s greco COL venue VAL vldb COL year VAL 1998
1649,leveraging the information asset,j perna,sigmod conference,1995,COL title VAL leveraging the information asset COL authors VAL j perna COL venue VAL sigmod conference COL year VAL 1995
1650,use of a component architecture in integrating relational and non-relational storage systems,r atkinson,sigmod conference,1995,COL title VAL use of a component architecture in integrating relational and non-relational storage systems COL authors VAL r atkinson COL venue VAL sigmod conference COL year VAL 1995
1651,computing iceberg queries efficiently,"m fang , n shivakumar , h garcia-molina , r motwani , j ullman",vldb,1998,"COL title VAL computing iceberg queries efficiently COL authors VAL m fang , n shivakumar , h garcia-molina , r motwani , j ullman COL venue VAL vldb COL year VAL 1998"
1652,bulk-loading techniques for object databases and an application to relational data,"s amer-yahia , s cluet , c delobel",vldb,1998,"COL title VAL bulk-loading techniques for object databases and an application to relational data COL authors VAL s amer-yahia , s cluet , c delobel COL venue VAL vldb COL year VAL 1998"
1653,informix online xps,r gerber,sigmod conference,1995,COL title VAL informix online xps COL authors VAL r gerber COL venue VAL sigmod conference COL year VAL 1995
1654,order-of-magnitude advantage of tpc-c though massive parallelism,c levine,sigmod conference,1995,COL title VAL order-of-magnitude advantage of tpc-c though massive parallelism COL authors VAL c levine COL venue VAL sigmod conference COL year VAL 1995
1655,algorithms for querying by spatial structure,"d papadias , n mamoulis , v delis",vldb,1998,"COL title VAL algorithms for querying by spatial structure COL authors VAL d papadias , n mamoulis , v delis COL venue VAL vldb COL year VAL 1998"
1656,a raster approximation for processing of spatial joins,"g zimbrao , j souza",vldb,1998,"COL title VAL a raster approximation for processing of spatial joins COL authors VAL g zimbrao , j souza COL venue VAL vldb COL year VAL 1998"
1657,objects and sql : strange relations ? panel,d deutsch,sigmod conference,1995,COL title VAL objects and sql : strange relations ? panel COL authors VAL d deutsch COL venue VAL sigmod conference COL year VAL 1995
1658,bank of america case study : the information currency advantage,"f cariёo , m jahnke",vldb,1998,"COL title VAL bank of america case study : the information currency advantage COL authors VAL f cariёo , m jahnke COL venue VAL vldb COL year VAL 1998"
1659,indexing multimedia databases ( tutorial ),,,1995,COL title VAL indexing multimedia databases ( tutorial ) COL authors VAL  COL venue VAL  COL year VAL 1995
1660,an asynchronous avoidance-based cache consistency algorithm for client caching dbmss,"m жzsu , k voruganti , r unrau",vldb,1998,"COL title VAL an asynchronous avoidance-based cache consistency algorithm for client caching dbmss COL authors VAL m жzsu , k voruganti , r unrau COL venue VAL vldb COL year VAL 1998"
1661,an overview of the emerging third-generation sql standard ( tutorial ),,,1995,COL title VAL an overview of the emerging third-generation sql standard ( tutorial ) COL authors VAL  COL venue VAL  COL year VAL 1995
1662,"workflow automation : applications , technology , and research ( tutorial )",,,1995,"COL title VAL workflow automation : applications , technology , and research ( tutorial ) COL authors VAL  COL venue VAL  COL year VAL 1995"
1663,"design , implementation , and performance of the lham log-structured history data access method","p muth , p o'neil , a pick , g weikum",vldb,1998,"COL title VAL design , implementation , and performance of the lham log-structured history data access method COL authors VAL p muth , p o'neil , a pick , g weikum COL venue VAL vldb COL year VAL 1998"
1664,integration approaches for cim,,,1995,COL title VAL integration approaches for cim COL authors VAL  COL venue VAL  COL year VAL 1995
1665,expiring data in a warehouse,"h garcia-molina , w labio , j yang",vldb,1998,"COL title VAL expiring data in a warehouse COL authors VAL h garcia-molina , w labio , j yang COL venue VAL vldb COL year VAL 1998"
1666,storage technology : raid and beyond,,,1995,COL title VAL storage technology : raid and beyond COL authors VAL  COL venue VAL  COL year VAL 1995
1667,buffering and read-ahead strategies for external mergesort,"w zhang , p larson",vldb,1998,"COL title VAL buffering and read-ahead strategies for external mergesort COL authors VAL w zhang , p larson COL venue VAL vldb COL year VAL 1998"
1668,an efficient cost-driven index selection tool for microsoft sql server,"s chaudhuri , v narasayya",vldb,1997,"COL title VAL an efficient cost-driven index selection tool for microsoft sql server COL authors VAL s chaudhuri , v narasayya COL venue VAL vldb COL year VAL 1997"
1669,the samos active dbms prototype,"s gatziu , a geppert , k dittrich",sigmod conference,1995,"COL title VAL the samos active dbms prototype COL authors VAL s gatziu , a geppert , k dittrich COL venue VAL sigmod conference COL year VAL 1995"
1670,design and implementation of advanced knowledge processing in the kdms krisys ( demonstration description ),"j thomas , s deпloch , n mattos",sigmod conference,1995,"COL title VAL design and implementation of advanced knowledge processing in the kdms krisys ( demonstration description ) COL authors VAL j thomas , s deпloch , n mattos COL venue VAL sigmod conference COL year VAL 1995"
1671,algorithms for materialized view design in data warehousing environment,"j yang , k karlapalem , q li",vldb,1997,"COL title VAL algorithms for materialized view design in data warehousing environment COL authors VAL j yang , k karlapalem , q li COL venue VAL vldb COL year VAL 1997"
1672,data warehouse configuration,"d theodoratos , t sellis",vldb,1997,"COL title VAL data warehouse configuration COL authors VAL d theodoratos , t sellis COL venue VAL vldb COL year VAL 1997"
1673,infoharness : a system for search and retrieval of heterogeneous information,"l shklar , a sheth , v kashyap , s thatte",sigmod conference,1995,"COL title VAL infoharness : a system for search and retrieval of heterogeneous information COL authors VAL l shklar , a sheth , v kashyap , s thatte COL venue VAL sigmod conference COL year VAL 1995"
1674,fast computation of sparse datacubes,"k ross , d srivastava",vldb,1997,"COL title VAL fast computation of sparse datacubes COL authors VAL k ross , d srivastava COL venue VAL vldb COL year VAL 1997"
1675,qbi : query by icons,"a massari , s pavani , l saladini , p chrysanthis",sigmod conference,1995,"COL title VAL qbi : query by icons COL authors VAL a massari , s pavani , l saladini , p chrysanthis COL venue VAL sigmod conference COL year VAL 1995"
1676,1-safe algorithms for symmetric site configurations,"r humborstad , m sabaratnam , s hvasshovd , и torbjјrnsen",vldb,1997,"COL title VAL 1-safe algorithms for symmetric site configurations COL authors VAL r humborstad , m sabaratnam , s hvasshovd , и torbjјrnsen COL venue VAL vldb COL year VAL 1997"
1677,the reach active oodbms,"a buchmann , a deutsch , j zimmermann , m higa",sigmod conference,1995,"COL title VAL the reach active oodbms COL authors VAL a buchmann , a deutsch , j zimmermann , m higa COL venue VAL sigmod conference COL year VAL 1995"
1678,"do n't scrap it , wrap it ! a wrapper architecture for legacy data sources","m roth , p schwarz",vldb,1997,"COL title VAL do n't scrap it , wrap it ! a wrapper architecture for legacy data sources COL authors VAL m roth , p schwarz COL venue VAL vldb COL year VAL 1997"
1679,the query by image content ( qbic ) system,"j ashley , m flickner , j hafner , d lee , w niblack , d petkovic",sigmod conference,1995,"COL title VAL the query by image content ( qbic ) system COL authors VAL j ashley , m flickner , j hafner , d lee , w niblack , d petkovic COL venue VAL sigmod conference COL year VAL 1995"
1680,the naos system,"c collet , t coupaye",sigmod conference,1995,"COL title VAL the naos system COL authors VAL c collet , t coupaye COL venue VAL sigmod conference COL year VAL 1995"
1681,describing and using query capabilities of heterogeneous sources,"v vassalos , y papakonstantinou",vldb,1997,"COL title VAL describing and using query capabilities of heterogeneous sources COL authors VAL v vassalos , y papakonstantinou COL venue VAL vldb COL year VAL 1997"
1682,efficient construction of regression trees with range and region splitting,"y morimoto , h ishii , s morishita",vldb,1997,"COL title VAL efficient construction of regression trees with range and region splitting COL authors VAL y morimoto , h ishii , s morishita COL venue VAL vldb COL year VAL 1997"
1683,the algres testbed of chimera : an active object-oriented database system,"s ceri , p fraternali , s paraboschi , g psaila",sigmod conference,1995,"COL title VAL the algres testbed of chimera : an active object-oriented database system COL authors VAL s ceri , p fraternali , s paraboschi , g psaila COL venue VAL sigmod conference COL year VAL 1995"
1684,concurrent garbage collection in o2,"m skubiszewski , p valduriez",vldb,1997,"COL title VAL concurrent garbage collection in o2 COL authors VAL m skubiszewski , p valduriez COL venue VAL vldb COL year VAL 1997"
1685,ptool : a light weight persistent object manager,"r grossman , d hanley , x qin",sigmod conference,1995,"COL title VAL ptool : a light weight persistent object manager COL authors VAL r grossman , d hanley , x qin COL venue VAL sigmod conference COL year VAL 1995"
1686,a one-pass algorithm for accurately estimating quantiles for disk-resident data,"k alsabti , s ranka , v singh",vldb,1997,"COL title VAL a one-pass algorithm for accurately estimating quantiles for disk-resident data COL authors VAL k alsabti , s ranka , v singh COL venue VAL vldb COL year VAL 1997"
1687,finding data in the neighborhood,"a eickler , a kemper , d kossmann",vldb,1997,"COL title VAL finding data in the neighborhood COL authors VAL a eickler , a kemper , d kossmann COL venue VAL vldb COL year VAL 1997"
1688,"pattern matching and pattern discovery in scientific , program , and document databases","j wang , k zhang , d shasha",sigmod conference,1995,"COL title VAL pattern matching and pattern discovery in scientific , program , and document databases COL authors VAL j wang , k zhang , d shasha COL venue VAL sigmod conference COL year VAL 1995"
1689,adaptive data broadcast in hybrid networks,"k stathatos , n roussopoulos , j baras",vldb,1997,"COL title VAL adaptive data broadcast in hybrid networks COL authors VAL k stathatos , n roussopoulos , j baras COL venue VAL vldb COL year VAL 1997"
1690,shore : combining the best features of oodbms and file systems,s team,sigmod conference,1995,COL title VAL shore : combining the best features of oodbms and file systems COL authors VAL s team COL venue VAL sigmod conference COL year VAL 1995
1691,a generic approach to bulk loading multidimensional index structures,"j bercken , b seeger , p widmayer",vldb,1997,"COL title VAL a generic approach to bulk loading multidimensional index structures COL authors VAL j bercken , b seeger , p widmayer COL venue VAL vldb COL year VAL 1997"
1692,paradise : a database system for gis applications,p team,sigmod conference,1995,COL title VAL paradise : a database system for gis applications COL authors VAL p team COL venue VAL sigmod conference COL year VAL 1995
1693,evaluation of main memory join algorithms for joins with set comparison join predicates,"s helmer , g moerkotte",vldb,1997,"COL title VAL evaluation of main memory join algorithms for joins with set comparison join predicates COL authors VAL s helmer , g moerkotte COL venue VAL vldb COL year VAL 1997"
1694,semint : a system prototype for semantic integration in heterogeneous databases,"w li , c clifton",sigmod conference,1995,"COL title VAL semint : a system prototype for semantic integration in heterogeneous databases COL authors VAL w li , c clifton COL venue VAL sigmod conference COL year VAL 1995"
1695,dynamic memory adjustment for external mergesort,"w zhang , p larson",vldb,1997,"COL title VAL dynamic memory adjustment for external mergesort COL authors VAL w zhang , p larson COL venue VAL vldb COL year VAL 1997"
1696,"information translation , mediation , and mosaic-based browsing in the tsimmis system","j hammer , h garcia-molina , k ireland , y papakonstantinou , j ullman , j widom",sigmod conference,1995,"COL title VAL information translation , mediation , and mosaic-based browsing in the tsimmis system COL authors VAL j hammer , h garcia-molina , k ireland , y papakonstantinou , j ullman , j widom COL venue VAL sigmod conference COL year VAL 1995"
1697,garbage collection in object oriented databases using transactional cyclic reference counting,"s ashwin , p roy , s seshadri , a silberschatz , s sudarshan",vldb,1997,"COL title VAL garbage collection in object oriented databases using transactional cyclic reference counting COL authors VAL s ashwin , p roy , s seshadri , a silberschatz , s sudarshan COL venue VAL vldb COL year VAL 1997"
1698,visdb : a system for visualizing large databases,"d keim , h kriegel",sigmod conference,1995,"COL title VAL visdb : a system for visualizing large databases COL authors VAL d keim , h kriegel COL venue VAL sigmod conference COL year VAL 1995"
1699,data modeling of time-based media,"s gibbs , c breiteneder , d tsichritzis",sigmod conference,1994,"COL title VAL data modeling of time-based media COL authors VAL s gibbs , c breiteneder , d tsichritzis COL venue VAL sigmod conference COL year VAL 1994"
1700,fast incremental maintenance of approximate histograms,"p gibbons , y matias , v poosala",vldb,1997,"COL title VAL fast incremental maintenance of approximate histograms COL authors VAL p gibbons , y matias , v poosala COL venue VAL vldb COL year VAL 1997"
1701,groupwise processing of relational queries,"d chatziantoniou , k ross",vldb,1997,"COL title VAL groupwise processing of relational queries COL authors VAL d chatziantoniou , k ross COL venue VAL vldb COL year VAL 1997"
1702,combinatorial pattern discovery for scientific data : some preliminary results,"j wang , g chirn , t marr , b shapiro , d shasha , k zhang",sigmod conference,1994,"COL title VAL combinatorial pattern discovery for scientific data : some preliminary results COL authors VAL j wang , g chirn , t marr , b shapiro , d shasha , k zhang COL venue VAL sigmod conference COL year VAL 1994"
1703,a region splitting strategy for physical database design of multidimensional file organizations,"j lee , y lee , k whang , i song",vldb,1997,"COL title VAL a region splitting strategy for physical database design of multidimensional file organizations COL authors VAL j lee , y lee , k whang , i song COL venue VAL vldb COL year VAL 1997"
1704,aries/csa : a method for database recovery in client-server architectures,"c mohan , i narang",sigmod conference,1994,"COL title VAL aries/csa : a method for database recovery in client-server architectures COL authors VAL c mohan , i narang COL venue VAL sigmod conference COL year VAL 1994"
1705,ensuring relaxed atomicity for flexible transactions in multidatabase systems,"a zhang , m nodine , b bhargava , o bukhres",sigmod conference,1994,"COL title VAL ensuring relaxed atomicity for flexible transactions in multidatabase systems COL authors VAL a zhang , m nodine , b bhargava , o bukhres COL venue VAL sigmod conference COL year VAL 1994"
1706,dataguides : enabling query formulation and optimization in semistructured databases,"r goldman , j widom",vldb,1997,"COL title VAL dataguides : enabling query formulation and optimization in semistructured databases COL authors VAL r goldman , j widom COL venue VAL vldb COL year VAL 1997"
1707,energy efficient indexing on air,"t imielinski , s viswanathan , b badrinath",sigmod conference,1994,"COL title VAL energy efficient indexing on air COL authors VAL t imielinski , s viswanathan , b badrinath COL venue VAL sigmod conference COL year VAL 1994"
1708,geo/environmental and medical data management in the rasdaman system,"p baumann , p furtado , r ritsch , n widmann",vldb,1997,"COL title VAL geo/environmental and medical data management in the rasdaman system COL authors VAL p baumann , p furtado , r ritsch , n widmann COL venue VAL vldb COL year VAL 1997"
1709,asset : a system for supporting extended transactions,"a biliris , s dar , n gehani , h jagadish , k ramamritham",sigmod conference,1994,"COL title VAL asset : a system for supporting extended transactions COL authors VAL a biliris , s dar , n gehani , h jagadish , k ramamritham COL venue VAL sigmod conference COL year VAL 1994"
1710,gte superpages : using ir techniques for searching complex objects,"s whitehead , h sinha , m murphy",vldb,1997,"COL title VAL gte superpages : using ir techniques for searching complex objects COL authors VAL s whitehead , h sinha , m murphy COL venue VAL vldb COL year VAL 1997"
1711,effective memory use in a media server,"e chang , h garcia-molina",vldb,1997,"COL title VAL effective memory use in a media server COL authors VAL e chang , h garcia-molina COL venue VAL vldb COL year VAL 1997"
1712,the ecrc multi database system,"w jonker , h schќtz",sigmod conference,1995,"COL title VAL the ecrc multi database system COL authors VAL w jonker , h schќtz COL venue VAL sigmod conference COL year VAL 1995"
1713,data replication for mobile computers,"y huang , a sistla , o wolfson",sigmod conference,1994,"COL title VAL data replication for mobile computers COL authors VAL y huang , a sistla , o wolfson COL venue VAL sigmod conference COL year VAL 1994"
1714,efficient user-adaptable similarity search in large multimedia databases,"t seidl , h kriegel",vldb,1997,"COL title VAL efficient user-adaptable similarity search in large multimedia databases COL authors VAL t seidl , h kriegel COL venue VAL vldb COL year VAL 1997"
1715,fine-grained sharing in a page server oodbms,"m carey , m franklin , m zaharioudakis",sigmod conference,1994,"COL title VAL fine-grained sharing in a page server oodbms COL authors VAL m carey , m franklin , m zaharioudakis COL venue VAL sigmod conference COL year VAL 1994"
1716,critical database technologies for high energy physics,"d malon , e may",vldb,1997,"COL title VAL critical database technologies for high energy physics COL authors VAL d malon , e may COL venue VAL vldb COL year VAL 1997"
1717,fast subsequence matching in time-series databases,"c faloutsos , m ranganathan , y manolopoulos",sigmod conference,1994,"COL title VAL fast subsequence matching in time-series databases COL authors VAL c faloutsos , m ranganathan , y manolopoulos COL venue VAL sigmod conference COL year VAL 1994"
1718,caprera : an activity framework for transaction processing on wide-area networks,"s kumar , e kwang , d agrawal",vldb,1997,"COL title VAL caprera : an activity framework for transaction processing on wide-area networks COL authors VAL s kumar , e kwang , d agrawal COL venue VAL vldb COL year VAL 1997"
1719,distributing a search tree among a growing number of processors,"b krіll , p widmayer",sigmod conference,1994,"COL title VAL distributing a search tree among a growing number of processors COL authors VAL b krіll , p widmayer COL venue VAL sigmod conference COL year VAL 1994"
1720,data manager for evolvable real-time command and control systems,"e hughes , r ginis , b thuraisingham , p krupp , j maurer",vldb,1997,"COL title VAL data manager for evolvable real-time command and control systems COL authors VAL e hughes , r ginis , b thuraisingham , p krupp , j maurer COL venue VAL vldb COL year VAL 1997"
1721,distributed processing over stand-alone systems and applications,"g alonso , c hagen , h schek , m tresch",vldb,1997,"COL title VAL distributed processing over stand-alone systems and applications COL authors VAL g alonso , c hagen , h schek , m tresch COL venue VAL vldb COL year VAL 1997"
1722,from structured documents to novel query facilities,"v christophides , s abiteboul , s cluet , m scholl",sigmod conference,1994,"COL title VAL from structured documents to novel query facilities COL authors VAL v christophides , s abiteboul , s cluet , m scholl COL venue VAL sigmod conference COL year VAL 1994"
1723,alphasort : a risc machine sort,"c nyberg , t barclay , z cvetanovic , j gray , d lomet",sigmod conference,1994,"COL title VAL alphasort : a risc machine sort COL authors VAL c nyberg , t barclay , z cvetanovic , j gray , d lomet COL venue VAL sigmod conference COL year VAL 1994"
1724,the microsoft repository,"p bernstein , b harry , p sanders , d shutt , j zander",vldb,1997,"COL title VAL the microsoft repository COL authors VAL p bernstein , b harry , p sanders , d shutt , j zander COL venue VAL vldb COL year VAL 1997"
1725,distributed file organization with scalable cost/performance,"r vingralek , y breitbart , g weikum",sigmod conference,1994,"COL title VAL distributed file organization with scalable cost/performance COL authors VAL r vingralek , y breitbart , g weikum COL venue VAL sigmod conference COL year VAL 1994"
1726,multidimensional access methods : trees have grown everywhere,"t sellis , n roussopoulos , c faloutsos",vldb,1997,"COL title VAL multidimensional access methods : trees have grown everywhere COL authors VAL t sellis , n roussopoulos , c faloutsos COL venue VAL vldb COL year VAL 1997"
1727,adaptive selectivity estimation using query feedback,"c chen , n roussopoulos",sigmod conference,1994,"COL title VAL adaptive selectivity estimation using query feedback COL authors VAL c chen , n roussopoulos COL venue VAL sigmod conference COL year VAL 1994"
1728,efficient testing of high performance transaction processing systems,"d wildfogel , r yerneni",vldb,1997,"COL title VAL efficient testing of high performance transaction processing systems COL authors VAL d wildfogel , r yerneni COL venue VAL vldb COL year VAL 1997"
1729,innovation in database management : computer science vs. engineering,k jacobs,vldb,1997,COL title VAL innovation in database management : computer science vs. engineering COL authors VAL k jacobs COL venue VAL vldb COL year VAL 1997
1730,estimating page fetches for index scans with finite lru buffers,"a swami , k schiefer",sigmod conference,1994,"COL title VAL estimating page fetches for index scans with finite lru buffers COL authors VAL a swami , k schiefer COL venue VAL sigmod conference COL year VAL 1994"
1731,public : a decision tree classifier that integrates building and pruning,"r rastogi , k shim",vldb,1998,"COL title VAL public : a decision tree classifier that integrates building and pruning COL authors VAL r rastogi , k shim COL venue VAL vldb COL year VAL 1998"
1732,genesys : a system for efficient spatial query processing,"t brinkhoff , h kriegel , r schneider , b seeger",sigmod conference,1994,"COL title VAL genesys : a system for efficient spatial query processing COL authors VAL t brinkhoff , h kriegel , r schneider , b seeger COL venue VAL sigmod conference COL year VAL 1994"
1733,eos : an extensible object store,"a biliris , e panagos",sigmod conference,1994,"COL title VAL eos : an extensible object store COL authors VAL a biliris , e panagos COL venue VAL sigmod conference COL year VAL 1994"
1734,on the discovery of interesting patterns in association rules,"s ramaswamy , s mahajan , a silberschatz",vldb,1998,"COL title VAL on the discovery of interesting patterns in association rules COL authors VAL s ramaswamy , s mahajan , a silberschatz COL venue VAL vldb COL year VAL 1998"
1735,wavecluster : a multi-resolution clustering approach for very large spatial databases,"g sheikholeslami , s chatterjee , a zhang",vldb,1998,"COL title VAL wavecluster : a multi-resolution clustering approach for very large spatial databases COL authors VAL g sheikholeslami , s chatterjee , a zhang COL venue VAL vldb COL year VAL 1998"
1736,databases for networks,h jagadish,sigmod conference,1994,COL title VAL databases for networks COL authors VAL h jagadish COL venue VAL sigmod conference COL year VAL 1994
1737,a survey and critique of advanced transaction models,c mohan,sigmod conference,1994,COL title VAL a survey and critique of advanced transaction models COL authors VAL c mohan COL venue VAL sigmod conference COL year VAL 1994
1738,rainforest - a framework for fast decision tree construction of large datasets,"j gehrke , r ramakrishnan , v ganti",vldb,1998,"COL title VAL rainforest - a framework for fast decision tree construction of large datasets COL authors VAL j gehrke , r ramakrishnan , v ganti COL venue VAL vldb COL year VAL 1998"
1739,dec data distributor : for data replication and data warehousing,d dietterich,sigmod conference,1994,COL title VAL dec data distributor : for data replication and data warehousing COL authors VAL d dietterich COL venue VAL sigmod conference COL year VAL 1994
1740,small materialized aggregates : a light weight index structure for data warehousing,g moerkotte,vldb,1998,COL title VAL small materialized aggregates : a light weight index structure for data warehousing COL authors VAL g moerkotte COL venue VAL vldb COL year VAL 1998
1741,secure buffering in firm real-time database systems,"b george , j haritsa",vldb,1998,"COL title VAL secure buffering in firm real-time database systems COL authors VAL b george , j haritsa COL venue VAL vldb COL year VAL 1998"
1742,a performance study of transitive closure algorithms,"s dar , r ramakrishnan",sigmod conference,1994,"COL title VAL a performance study of transitive closure algorithms COL authors VAL s dar , r ramakrishnan COL venue VAL sigmod conference COL year VAL 1994"
1743,safely and efficiently updating references during on-line reorganization,"c zou , b salzberg",vldb,1998,"COL title VAL safely and efficiently updating references during on-line reorganization COL authors VAL c zou , b salzberg COL venue VAL vldb COL year VAL 1998"
1744,database in crisis and transition : a technical agenda for the year 2001,d vaskevitch,sigmod conference,1994,COL title VAL database in crisis and transition : a technical agenda for the year 2001 COL authors VAL d vaskevitch COL venue VAL sigmod conference COL year VAL 1994
1745,coss : the common object services specifications,b martin,sigmod conference,1994,COL title VAL coss : the common object services specifications COL authors VAL b martin COL venue VAL sigmod conference COL year VAL 1994
1746,materialized view selection for multidimensional datasets,"a shukla , p deshpande , j naughton",vldb,1998,"COL title VAL materialized view selection for multidimensional datasets COL authors VAL a shukla , p deshpande , j naughton COL venue VAL vldb COL year VAL 1998"
1747,the effectiveness of gloss for the text database discovery problem,"l gravano , h garcia-molina , a tomasic",sigmod conference,1994,"COL title VAL the effectiveness of gloss for the text database discovery problem COL authors VAL l gravano , h garcia-molina , a tomasic COL venue VAL sigmod conference COL year VAL 1994"
1748,"ratio rules : a new paradigm for fast , quantifiable data mining","f korn , a labrinidis , y kotidis , c faloutsos",vldb,1998,"COL title VAL ratio rules : a new paradigm for fast , quantifiable data mining COL authors VAL f korn , a labrinidis , y kotidis , c faloutsos COL venue VAL vldb COL year VAL 1998"
1749,implementation of magic-sets in a relational database system,"i mumick , h pirahesh",sigmod conference,1994,"COL title VAL implementation of magic-sets in a relational database system COL authors VAL i mumick , h pirahesh COL venue VAL sigmod conference COL year VAL 1994"
1750,scalable sweeping-based spatial join,"l arge , o procopiuc , s ramaswamy , t suel , j vitter",vldb,1998,"COL title VAL scalable sweeping-based spatial join COL authors VAL l arge , o procopiuc , s ramaswamy , t suel , j vitter COL venue VAL vldb COL year VAL 1998"
1751,mining surprising patterns using temporal description length,"s chakrabarti , s sarawagi , b dom",vldb,1998,"COL title VAL mining surprising patterns using temporal description length COL authors VAL s chakrabarti , s sarawagi , b dom COL venue VAL vldb COL year VAL 1998"
1752,optimization of dynamic query evaluation plans,"r cole , g graefe",sigmod conference,1994,"COL title VAL optimization of dynamic query evaluation plans COL authors VAL r cole , g graefe COL venue VAL sigmod conference COL year VAL 1994"
1753,incomplete path expressions and their disambiguation,"y ioannidis , y lashkari",sigmod conference,1994,"COL title VAL incomplete path expressions and their disambiguation COL authors VAL y ioannidis , y lashkari COL venue VAL sigmod conference COL year VAL 1994"
1754,scalable techniques for mining causal structures,"c silverstein , s brin , r motwani , j ullman",vldb,1998,"COL title VAL scalable techniques for mining causal structures COL authors VAL c silverstein , s brin , r motwani , j ullman COL venue VAL vldb COL year VAL 1998"
1755,sleepers and workaholics : caching strategies in mobile environments,"d barbarс , t imielinski",sigmod conference,1994,"COL title VAL sleepers and workaholics : caching strategies in mobile environments COL authors VAL d barbarс , t imielinski COL venue VAL sigmod conference COL year VAL 1994"
1756,selectivity estimation in extensible databases - a neural network approach,"m lakshmi , s zhou",vldb,1998,"COL title VAL selectivity estimation in extensible databases - a neural network approach COL authors VAL m lakshmi , s zhou COL venue VAL vldb COL year VAL 1998"
1757,evolving teradata decision support for massively parallel processing with unix,c ballinger,sigmod conference,1994,COL title VAL evolving teradata decision support for massively parallel processing with unix COL authors VAL c ballinger COL venue VAL sigmod conference COL year VAL 1994
1758,massive stochastic testing of sql,d slutz,vldb,1998,COL title VAL massive stochastic testing of sql COL authors VAL d slutz COL venue VAL vldb COL year VAL 1998
1759,issues in developing very large data warehouses,"l do , p drew , w jin , v jumani , d rossum",vldb,1998,"COL title VAL issues in developing very large data warehouses COL authors VAL l do , p drew , w jin , v jumani , d rossum COL venue VAL vldb COL year VAL 1998"
1760,staggered striping in multimedia information systems,"s berson , s ghandeharizadeh , r muntz , x ju",sigmod conference,1994,"COL title VAL staggered striping in multimedia information systems COL authors VAL s berson , s ghandeharizadeh , r muntz , x ju COL venue VAL sigmod conference COL year VAL 1994"
1761,database issues in telecommunications network management,i ahn,sigmod conference,1994,COL title VAL database issues in telecommunications network management COL authors VAL i ahn COL venue VAL sigmod conference COL year VAL 1994
1762,the drill down benchmark,"p boncz , t rќhl , f kwakkel",vldb,1998,"COL title VAL the drill down benchmark COL authors VAL p boncz , t rќhl , f kwakkel COL venue VAL vldb COL year VAL 1998"
1763,the national medical knowledge bank,w sterling,vldb,1998,COL title VAL the national medical knowledge bank COL authors VAL w sterling COL venue VAL vldb COL year VAL 1998
1764,quickly generating billion-record synthetic databases,"j gray , p sundaresan , s englert , k baclawski , p weinberger",sigmod conference,1994,"COL title VAL quickly generating billion-record synthetic databases COL authors VAL j gray , p sundaresan , s englert , k baclawski , p weinberger COL venue VAL sigmod conference COL year VAL 1994"
1765,experiences in federated databases : from iro-db to miro-web,"p fankhauser , g gardarin , m lopez , j muёoz , a tomasic",vldb,1998,"COL title VAL experiences in federated databases : from iro-db to miro-web COL authors VAL p fankhauser , g gardarin , m lopez , j muёoz , a tomasic COL venue VAL vldb COL year VAL 1998"
1766,predictive dynamic load balancing of parallel and distributed rule and query processing,"h dewan , s stolfo , m hernсndez , j hwang",sigmod conference,1994,"COL title VAL predictive dynamic load balancing of parallel and distributed rule and query processing COL authors VAL h dewan , s stolfo , m hernсndez , j hwang COL venue VAL sigmod conference COL year VAL 1994"
1767,materialized views in oracle,"r bello , k dias , a downing , j jr. , j finnerty , w norcott , h sun , a witkowski , m ziauddin",vldb,1998,"COL title VAL materialized views in oracle COL authors VAL r bello , k dias , a downing , j jr. , j finnerty , w norcott , h sun , a witkowski , m ziauddin COL venue VAL vldb COL year VAL 1998"
1768,incremental updates of inverted lists for text document retrieval,"a tomasic , h garcia-molina , k shoens",sigmod conference,1994,"COL title VAL incremental updates of inverted lists for text document retrieval COL authors VAL a tomasic , h garcia-molina , k shoens COL venue VAL sigmod conference COL year VAL 1994"
1769,koda - the architecture and interface of a data model independent kernel,"g arun , a joshi",vldb,1998,"COL title VAL koda - the architecture and interface of a data model independent kernel COL authors VAL g arun , a joshi COL venue VAL vldb COL year VAL 1998"
1770,optimizing queries on files,"m consens , t milo",sigmod conference,1994,"COL title VAL optimizing queries on files COL authors VAL m consens , t milo COL venue VAL sigmod conference COL year VAL 1994"
1771,on parallel execution of multiple pipelined hash joins,"h hsiao , m chen , p yu",sigmod conference,1994,"COL title VAL on parallel execution of multiple pipelined hash joins COL authors VAL h hsiao , m chen , p yu COL venue VAL sigmod conference COL year VAL 1994"
1772,the adabas buffer pool manager,h schіning,vldb,1998,COL title VAL the adabas buffer pool manager COL authors VAL h schіning COL venue VAL vldb COL year VAL 1998
1773,multi-step processing of spatial joins,"t brinkhoff , h kriegel , r schneider , b seeger",sigmod conference,1994,"COL title VAL multi-step processing of spatial joins COL authors VAL t brinkhoff , h kriegel , r schneider , b seeger COL venue VAL sigmod conference COL year VAL 1994"
1774,plan-per-tuple optimization solution - parallel execution of expensive user-defined functions,"f cariёo , w o'connell",vldb,1998,"COL title VAL plan-per-tuple optimization solution - parallel execution of expensive user-defined functions COL authors VAL f cariёo , w o'connell COL venue VAL vldb COL year VAL 1998"
1775,spatial joins using seeded trees,"m lo , c ravishankar",sigmod conference,1994,"COL title VAL spatial joins using seeded trees COL authors VAL m lo , c ravishankar COL venue VAL sigmod conference COL year VAL 1994"
1776,is web-site management a database problem ?,"d florescu , a levy , d suciu",vldb,1998,"COL title VAL is web-site management a database problem ? COL authors VAL d florescu , a levy , d suciu COL venue VAL vldb COL year VAL 1998"
1777,managing memory for real-time queries,"h pang , m carey , m livny",sigmod conference,1994,"COL title VAL managing memory for real-time queries COL authors VAL h pang , m carey , m livny COL venue VAL sigmod conference COL year VAL 1994"
1778,"information , communication , and money : for what can we charge and how can we meter it ?","s blott , h korth , a silberschatz",vldb,1998,"COL title VAL information , communication , and money : for what can we charge and how can we meter it ? COL authors VAL s blott , h korth , a silberschatz COL venue VAL vldb COL year VAL 1998"
1779,starting ( and sometimes ending ) a database company,j orenstein,vldb,1998,COL title VAL starting ( and sometimes ending ) a database company COL authors VAL j orenstein COL venue VAL vldb COL year VAL 1998
1780,shoring up persistent applications,"m carey , d dewitt , m franklin , n hall , m mcauliffe , j naughton , d schuh , m solomon , c tan , o tsatalos , s white , m zwilling",sigmod conference,1994,"COL title VAL shoring up persistent applications COL authors VAL m carey , d dewitt , m franklin , n hall , m mcauliffe , j naughton , d schuh , m solomon , c tan , o tsatalos , s white , m zwilling COL venue VAL sigmod conference COL year VAL 1994"
1781,the cubetree storage organization,"n roussopoulos , y kotidis",vldb,1998,"COL title VAL the cubetree storage organization COL authors VAL n roussopoulos , y kotidis COL venue VAL vldb COL year VAL 1998"
1782,quickstore : a high performance mapped object store,"s white , d dewitt",sigmod conference,1994,"COL title VAL quickstore : a high performance mapped object store COL authors VAL s white , d dewitt COL venue VAL sigmod conference COL year VAL 1994"
1783,"self-adaptive , on-line reclustering of complex object data","w jr. , r king",sigmod conference,1994,"COL title VAL self-adaptive , on-line reclustering of complex object data COL authors VAL w jr. , r king COL venue VAL sigmod conference COL year VAL 1994"
1784,ibm 's db2 universal database demonstrations at vldb '98,"k schiefer , j kleewein , k brannon , g lohman , g fuh",vldb,1998,"COL title VAL ibm 's db2 universal database demonstrations at vldb '98 COL authors VAL k schiefer , j kleewein , k brannon , g lohman , g fuh COL venue VAL vldb COL year VAL 1998"
1785,sequence query processing,"p seshadri , m livny , r ramakrishnan",sigmod conference,1994,"COL title VAL sequence query processing COL authors VAL p seshadri , m livny , r ramakrishnan COL venue VAL sigmod conference COL year VAL 1994"
1786,mapinfo spatialware : a spatial information server for rdbms,c mina,vldb,1998,COL title VAL mapinfo spatialware : a spatial information server for rdbms COL authors VAL c mina COL venue VAL vldb COL year VAL 1998
1787,practical predicate placement,j hellerstein,sigmod conference,1994,COL title VAL practical predicate placement COL authors VAL j hellerstein COL venue VAL sigmod conference COL year VAL 1994
1788,optimizing disjunctive queries with expensive predicates,"a kemper , g moerkotte , k peithner , m steinbrunn",sigmod conference,1994,"COL title VAL optimizing disjunctive queries with expensive predicates COL authors VAL a kemper , g moerkotte , k peithner , m steinbrunn COL venue VAL sigmod conference COL year VAL 1994"
1789,oracle industrial exhibit,a pogue,vldb,1998,COL title VAL oracle industrial exhibit COL authors VAL a pogue COL venue VAL vldb COL year VAL 1998
1790,a language for manipulating arrays,"a marathe , k salem",vldb,1997,"COL title VAL a language for manipulating arrays COL authors VAL a marathe , k salem COL venue VAL vldb COL year VAL 1997"
1791,outerjoins as disjunctions,c galindo-legaria,sigmod conference,1994,COL title VAL outerjoins as disjunctions COL authors VAL c galindo-legaria COL venue VAL sigmod conference COL year VAL 1994
1792,a foundation for multi-dimensional databases,"m gyssens , l lakshmanan",vldb,1997,"COL title VAL a foundation for multi-dimensional databases COL authors VAL m gyssens , l lakshmanan COL venue VAL vldb COL year VAL 1997"
1793,partition selection policies in object database garbage collection,"j cook , a wolf , b zorn",sigmod conference,1994,"COL title VAL partition selection policies in object database garbage collection COL authors VAL j cook , a wolf , b zorn COL venue VAL sigmod conference COL year VAL 1994"
1794,cost-based selection of path expression processing algorithms in object-oriented databases,"g gardarin , j gruser , z tang",vldb,1996,"COL title VAL cost-based selection of path expression processing algorithms in object-oriented databases COL authors VAL g gardarin , j gruser , z tang COL venue VAL vldb COL year VAL 1996"
1795,nonstop sql : scalability and availability for decision support,s englert,sigmod conference,1994,COL title VAL nonstop sql : scalability and availability for decision support COL authors VAL s englert COL venue VAL sigmod conference COL year VAL 1994
1796,dynamic load balancing in hierarchical parallel database systems,"l bouganim , d florescu , p valduriez",vldb,1996,"COL title VAL dynamic load balancing in hierarchical parallel database systems COL authors VAL l bouganim , d florescu , p valduriez COL venue VAL vldb COL year VAL 1996"
1797,red brick warehouse : a read-mostly rdbms for open smp platforms,p fernandez,sigmod conference,1994,COL title VAL red brick warehouse : a read-mostly rdbms for open smp platforms COL authors VAL p fernandez COL venue VAL sigmod conference COL year VAL 1994
1798,disseminating updates on broadcast disks,"s acharya , m franklin , s zdonik",vldb,1996,"COL title VAL disseminating updates on broadcast disks COL authors VAL s acharya , m franklin , s zdonik COL venue VAL vldb COL year VAL 1996"
1799,the montage extensible datablade achitecture,m ubell,sigmod conference,1994,COL title VAL the montage extensible datablade achitecture COL authors VAL m ubell COL venue VAL sigmod conference COL year VAL 1994
1800,object-oriented features of db2 client/server,h pirahesh,sigmod conference,1994,COL title VAL object-oriented features of db2 client/server COL authors VAL h pirahesh COL venue VAL sigmod conference COL year VAL 1994
1801,"calibrating the query optimizer cost model of iro-db , an object-oriented federated database system","g gardarin , f sha , z tang",vldb,1996,"COL title VAL calibrating the query optimizer cost model of iro-db , an object-oriented federated database system COL authors VAL g gardarin , f sha , z tang COL venue VAL vldb COL year VAL 1996"
1802,answering queries with aggregation using views,"d srivastava , s dar , h jagadish , a levy",vldb,1996,"COL title VAL answering queries with aggregation using views COL authors VAL d srivastava , s dar , h jagadish , a levy COL venue VAL vldb COL year VAL 1996"
1803,the impress ddt : a database design toolbox based on a formal specification language,"j flokstra , m keulen , j skowronek",sigmod conference,1994,"COL title VAL the impress ddt : a database design toolbox based on a formal specification language COL authors VAL j flokstra , m keulen , j skowronek COL venue VAL sigmod conference COL year VAL 1994"
1804,clustering techniques for minimizing external path length,"a diwan , s rane , s seshadri , s sudarshan",vldb,1996,"COL title VAL clustering techniques for minimizing external path length COL authors VAL a diwan , s rane , s seshadri , s sudarshan COL venue VAL vldb COL year VAL 1996"
1805,the medusa project : autonomous data management in a shared-nothing parallel database machine,"g bryan , w moore , b curry , k lodge , j geyer",sigmod conference,1994,"COL title VAL the medusa project : autonomous data management in a shared-nothing parallel database machine COL authors VAL g bryan , w moore , b curry , k lodge , j geyer COL venue VAL sigmod conference COL year VAL 1994"
1806,enterprise information architectures -- they 're finally changing,w melling,sigmod conference,1994,COL title VAL enterprise information architectures -- they 're finally changing COL authors VAL w melling COL venue VAL sigmod conference COL year VAL 1994
1807,fast nearest neighbor search in medical image databases,"f korn , n sidiropoulos , c faloutsos , e siegel , z protopapas",vldb,1996,"COL title VAL fast nearest neighbor search in medical image databases COL authors VAL f korn , n sidiropoulos , c faloutsos , e siegel , z protopapas COL venue VAL vldb COL year VAL 1996"
1808,relaxed transaction processing,"m singh , c tomlinson , d woelk",sigmod conference,1994,"COL title VAL relaxed transaction processing COL authors VAL m singh , c tomlinson , d woelk COL venue VAL sigmod conference COL year VAL 1994"
1809,applying data mining techniques to a health insurance information system,"m viveros , j nearhos , m rothman",vldb,1996,"COL title VAL applying data mining techniques to a health insurance information system COL authors VAL m viveros , j nearhos , m rothman COL venue VAL vldb COL year VAL 1996"
1810,oracle 's symmetric replication technology and implications for application design,"d daniels , l doo , a downing , c elsbernd , g hallmark , s jain , b jenkins , p lim , g smith , b souder , j stamos",sigmod conference,1994,"COL title VAL oracle 's symmetric replication technology and implications for application design COL authors VAL d daniels , l doo , a downing , c elsbernd , g hallmark , s jain , b jenkins , p lim , g smith , b souder , j stamos COL venue VAL sigmod conference COL year VAL 1994"
1811,coalescing in temporal databases,"m bіhlen , r snodgrass , m soo",vldb,1996,"COL title VAL coalescing in temporal databases COL authors VAL m bіhlen , r snodgrass , m soo COL venue VAL vldb COL year VAL 1996"
1812,sybase replication server,"a gorelik , y wang , m deppe",sigmod conference,1994,"COL title VAL sybase replication server COL authors VAL a gorelik , y wang , m deppe COL venue VAL sigmod conference COL year VAL 1994"
1813,effective & efficient document ranking without using a large lexicon,y ogawa,vldb,1996,COL title VAL effective & efficient document ranking without using a large lexicon COL authors VAL y ogawa COL venue VAL vldb COL year VAL 1996
1814,xsb as an efficient deductive database engine,"k sagonas , t swift , d warren",sigmod conference,1994,"COL title VAL xsb as an efficient deductive database engine COL authors VAL k sagonas , t swift , d warren COL venue VAL sigmod conference COL year VAL 1994"
1815,a new sql-like operator for mining association rules,"r meo , g psaila , s ceri",vldb,1996,"COL title VAL a new sql-like operator for mining association rules COL authors VAL r meo , g psaila , s ceri COL venue VAL vldb COL year VAL 1996"
1816,parallel database systems in the 1990 's,m carey,sigmod conference,1994,COL title VAL parallel database systems in the 1990 's COL authors VAL m carey COL venue VAL sigmod conference COL year VAL 1994
1817,constructing efficient decision trees by using optimized numeric association rules,"t fukuda , y morimoto , s morishita , t tokuyama",vldb,1996,"COL title VAL constructing efficient decision trees by using optimized numeric association rules COL authors VAL t fukuda , y morimoto , s morishita , t tokuyama COL venue VAL vldb COL year VAL 1996"
1818,odmg-93 : a standard for object-oriented dbmss,r cattell,sigmod conference,1994,COL title VAL odmg-93 : a standard for object-oriented dbmss COL authors VAL r cattell COL venue VAL sigmod conference COL year VAL 1994
1819,efficient snapshot differential algorithms for data warehousing,"w labio , h garcia-molina",vldb,1996,"COL title VAL efficient snapshot differential algorithms for data warehousing COL authors VAL w labio , h garcia-molina COL venue VAL vldb COL year VAL 1996"
1820,eroc : a toolkit for building neato query optimizers,"w mckenna , l burger , c hoang , m truong",vldb,1996,"COL title VAL eroc : a toolkit for building neato query optimizers COL authors VAL w mckenna , l burger , c hoang , m truong COL venue VAL vldb COL year VAL 1996"
1821,unisql/x unified relational and object-oriented database system,w kim,sigmod conference,1994,COL title VAL unisql/x unified relational and object-oriented database system COL authors VAL w kim COL venue VAL sigmod conference COL year VAL 1994
1822,filter trees for managing spatial data over a range of size granularities,"k sevcik , n koudas",vldb,1996,"COL title VAL filter trees for managing spatial data over a range of size granularities COL authors VAL k sevcik , n koudas COL venue VAL vldb COL year VAL 1996"
1823,oracle media server : providing consumer based interactive access to multimedia data,"a laursen , j olkin , m porter",sigmod conference,1994,"COL title VAL oracle media server : providing consumer based interactive access to multimedia data COL authors VAL a laursen , j olkin , m porter COL venue VAL sigmod conference COL year VAL 1994"
1824,object-oriented extensions in sql3 : a status report,k kulkarni,sigmod conference,1994,COL title VAL object-oriented extensions in sql3 : a status report COL authors VAL k kulkarni COL venue VAL sigmod conference COL year VAL 1994
1825,analysis of n-dimensional quadtrees using the hausdorff fractal dimension,"c faloutsos , v gaede",vldb,1996,"COL title VAL analysis of n-dimensional quadtrees using the hausdorff fractal dimension COL authors VAL c faloutsos , v gaede COL venue VAL vldb COL year VAL 1996"
1826,the design and implementation of a sequence database system,"p seshadri , m livny , r ramakrishnan",vldb,1996,"COL title VAL the design and implementation of a sequence database system COL authors VAL p seshadri , m livny , r ramakrishnan COL venue VAL vldb COL year VAL 1996"
1827,editor 's notes,l liu,sigmod record,2003,COL title VAL editor 's notes COL authors VAL l liu COL venue VAL sigmod record COL year VAL 2003
1828,optimization of queries with user-defined predicates,"s chaudhuri , k shim",vldb,1996,"COL title VAL optimization of queries with user-defined predicates COL authors VAL s chaudhuri , k shim COL venue VAL vldb COL year VAL 1996"
1829,open object database management systems,,,1994,COL title VAL open object database management systems COL authors VAL  COL venue VAL  COL year VAL 1994
1830,incremental maintenance of externally materialized views,"m staudt , m jarke",vldb,1996,"COL title VAL incremental maintenance of externally materialized views COL authors VAL m staudt , m jarke COL venue VAL vldb COL year VAL 1996"
1831,the myriad federated database prototype,"s hwang , e lim , h yang , s musukula , k mediratta , m ganesh , d clements , j stenoien , j srivastava",sigmod conference,1994,"COL title VAL the myriad federated database prototype COL authors VAL s hwang , e lim , h yang , s musukula , k mediratta , m ganesh , d clements , j stenoien , j srivastava COL venue VAL sigmod conference COL year VAL 1994"
1832,watchman : a data warehouse intelligent cache manager,"p scheuermann , j shim , r vingralek",vldb,1996,"COL title VAL watchman : a data warehouse intelligent cache manager COL authors VAL p scheuermann , j shim , r vingralek COL venue VAL vldb COL year VAL 1996"
1833,dblearn : a system prototype for knowledge discovery in relational databases,"j han , y fu , y huang , y cai , n cercone",sigmod conference,1994,"COL title VAL dblearn : a system prototype for knowledge discovery in relational databases COL authors VAL j han , y fu , y huang , y cai , n cercone COL venue VAL sigmod conference COL year VAL 1994"
1834,the x-tree : an index structure for high-dimensional data,"s berchtold , d keim , h kriegel",vldb,1996,"COL title VAL the x-tree : an index structure for high-dimensional data COL authors VAL s berchtold , d keim , h kriegel COL venue VAL vldb COL year VAL 1996"
1835,an environmental sensor network to determine drinking water quality and security,"a ailamaki , c faloutsos , p fischbeck , m small , j vanbriesen",sigmod record,2003,"COL title VAL an environmental sensor network to determine drinking water quality and security COL authors VAL a ailamaki , c faloutsos , p fischbeck , m small , j vanbriesen COL venue VAL sigmod record COL year VAL 2003"
1836,bluetooth-based sensor networks,"p bonnet , a beaufour , m dydensborg , m leopold",sigmod record,2003,"COL title VAL bluetooth-based sensor networks COL authors VAL p bonnet , a beaufour , m dydensborg , m leopold COL venue VAL sigmod record COL year VAL 2003"
1837,of objects and databases : a decade of turmoil,"m carey , d dewitt",vldb,1996,"COL title VAL of objects and databases : a decade of turmoil COL authors VAL m carey , d dewitt COL venue VAL vldb COL year VAL 1996"
1838,developments at acm tods,r snodgrass,sigmod record,2003,COL title VAL developments at acm tods COL authors VAL r snodgrass COL venue VAL sigmod record COL year VAL 2003
1839,the changing landscape of the software industry and its implications for india,u gupta,vldb,1996,COL title VAL the changing landscape of the software industry and its implications for india COL authors VAL u gupta COL venue VAL vldb COL year VAL 1996
1840,the ores temporal database management system,"b theodoulidis , a ait-braham , g andrianopoulos , j chaudhary , g karvelis , s sou",sigmod conference,1994,"COL title VAL the ores temporal database management system COL authors VAL b theodoulidis , a ait-braham , g andrianopoulos , j chaudhary , g karvelis , s sou COL venue VAL sigmod conference COL year VAL 1994"
1841,database management systems and the internet,s malaika,vldb,1996,COL title VAL database management systems and the internet COL authors VAL s malaika COL venue VAL vldb COL year VAL 1996
1842,dwms : data warehouse management system,n mohan,vldb,1996,COL title VAL dwms : data warehouse management system COL authors VAL n mohan COL venue VAL vldb COL year VAL 1996
1843,ptool : a scalable persistent object manager,"r grossman , x qin",sigmod conference,1994,"COL title VAL ptool : a scalable persistent object manager COL authors VAL r grossman , x qin COL venue VAL sigmod conference COL year VAL 1994"
1844,disnic-plan : a nicnet based distributed database for micro-level planning in india,m moni,vldb,1996,COL title VAL disnic-plan : a nicnet based distributed database for micro-level planning in india COL authors VAL m moni COL venue VAL vldb COL year VAL 1996
1845,a language based multidatabase system,"e kќhn , t tschernko , k schwarz",sigmod conference,1994,"COL title VAL a language based multidatabase system COL authors VAL e kќhn , t tschernko , k schwarz COL venue VAL sigmod conference COL year VAL 1994"
1846,mosaico - a system for conceptual modeling and rapid prototyping of object-oriented database application,"m missikoff , m toiati",sigmod conference,1994,"COL title VAL mosaico - a system for conceptual modeling and rapid prototyping of object-oriented database application COL authors VAL m missikoff , m toiati COL venue VAL sigmod conference COL year VAL 1994"
1847,bellcore 's adapt/x harness system for managing information on internet and intranets,a sheth,vldb,1996,COL title VAL bellcore 's adapt/x harness system for managing information on internet and intranets COL authors VAL a sheth COL venue VAL vldb COL year VAL 1996
1848,cache coherency in oracle parallel server,b klots,vldb,1996,COL title VAL cache coherency in oracle parallel server COL authors VAL b klots COL venue VAL vldb COL year VAL 1996
1849,query by diagram : a graphical environment for querying databases,"t catarci , g santucci",sigmod conference,1994,"COL title VAL query by diagram : a graphical environment for querying databases COL authors VAL t catarci , g santucci COL venue VAL sigmod conference COL year VAL 1994"
1850,extracting large data sets using db2 parallel edition,s padmanabhan,vldb,1996,COL title VAL extracting large data sets using db2 parallel edition COL authors VAL s padmanabhan COL venue VAL vldb COL year VAL 1996
1851,quest : a project on database mining,"r agrawal , m carey , c faloutsos , s ghosh , m houtsma , t imielinski , b iyer , a mahboob , h miranda , r srikant , a swami",sigmod conference,1994,"COL title VAL quest : a project on database mining COL authors VAL r agrawal , m carey , c faloutsos , s ghosh , m houtsma , t imielinski , b iyer , a mahboob , h miranda , r srikant , a swami COL venue VAL sigmod conference COL year VAL 1994"
1852,metu object-oriented dbms,"a dogac , i arpinar , c evrendilek , c ozkan , i altintas , i durusoy , m altinel , t okay , y saygin",sigmod conference,1994,"COL title VAL metu object-oriented dbms COL authors VAL a dogac , i arpinar , c evrendilek , c ozkan , i altintas , i durusoy , m altinel , t okay , y saygin COL venue VAL sigmod conference COL year VAL 1994"
1853,further improvements on integrity constraint checking for stratifiable deductive databases,"s lee , t ling",vldb,1996,"COL title VAL further improvements on integrity constraint checking for stratifiable deductive databases COL authors VAL s lee , t ling COL venue VAL vldb COL year VAL 1996"
1854,estimation of query-result distribution and its application in parallel-join load balancing,"v poosala , y ioannidis",vldb,1996,"COL title VAL estimation of query-result distribution and its application in parallel-join load balancing COL authors VAL v poosala , y ioannidis COL venue VAL vldb COL year VAL 1996"
1855,xsb as a deductive database,"k sagonas , t swift , d warren",sigmod conference,1994,"COL title VAL xsb as a deductive database COL authors VAL k sagonas , t swift , d warren COL venue VAL sigmod conference COL year VAL 1994"
1856,power efficient data gathering and aggregation in wireless sensor networks,"h tan , i korpeoglu",sigmod record,2003,"COL title VAL power efficient data gathering and aggregation in wireless sensor networks COL authors VAL h tan , i korpeoglu COL venue VAL sigmod record COL year VAL 2003"
1857,to weave the web,"p atzeni , g mecca , p merialdo",vldb,1997,"COL title VAL to weave the web COL authors VAL p atzeni , g mecca , p merialdo COL venue VAL vldb COL year VAL 1997"
1858,multimedia streaming in large-scale sensor networks with mobile swarms,"m gerla , k xu",sigmod record,2003,"COL title VAL multimedia streaming in large-scale sensor networks with mobile swarms COL authors VAL m gerla , k xu COL venue VAL sigmod record COL year VAL 2003"
1859,using probabilistic information in data integration,"d florescu , d koller , a levy",vldb,1997,"COL title VAL using probabilistic information in data integration COL authors VAL d florescu , d koller , a levy COL venue VAL vldb COL year VAL 1997"
1860,reasoning on regular path queries,"d calvanese , g giacomo , m lenzerini , m vardi",sigmod record,2003,"COL title VAL reasoning on regular path queries COL authors VAL d calvanese , g giacomo , m lenzerini , m vardi COL venue VAL sigmod record COL year VAL 2003"
1861,on-demand data elevation in hierarchical multimedia storage servers,"p triantafillou , t papadakis",vldb,1997,"COL title VAL on-demand data elevation in hierarchical multimedia storage servers COL authors VAL p triantafillou , t papadakis COL venue VAL vldb COL year VAL 1997"
1862,interview with pat selinger,,,2003,COL title VAL interview with pat selinger COL authors VAL  COL venue VAL  COL year VAL 2003
1863,principles of optimally placing data in tertiary storage libraries,"s christodoulakis , p triantafillou , f zioga",vldb,1997,"COL title VAL principles of optimally placing data in tertiary storage libraries COL authors VAL s christodoulakis , p triantafillou , f zioga COL venue VAL vldb COL year VAL 1997"
1864,reminiscences on influential papers,,,2003,COL title VAL reminiscences on influential papers COL authors VAL  COL venue VAL  COL year VAL 2003
1865,materialized views selection in a multidimensional database,"e baralis , s paraboschi , e teniente",vldb,1997,"COL title VAL materialized views selection in a multidimensional database COL authors VAL e baralis , s paraboschi , e teniente COL venue VAL vldb COL year VAL 1997"
1866,review of web caching and replication by michael rabinovich and oliver spatscheck . addison wesley 2002,,,2003,COL title VAL review of web caching and replication by michael rabinovich and oliver spatscheck . addison wesley 2002 COL authors VAL  COL venue VAL  COL year VAL 2003
1867,parallel algorithms for high-dimensional similarity joins for data mining applications,"j shafer , r agrawal",vldb,1997,"COL title VAL parallel algorithms for high-dimensional similarity joins for data mining applications COL authors VAL j shafer , r agrawal COL venue VAL vldb COL year VAL 1997"
1868,sting : a statistical information grid approach to spatial data mining,"w wang , j yang , r muntz",vldb,1997,"COL title VAL sting : a statistical information grid approach to spatial data mining COL authors VAL w wang , j yang , r muntz COL venue VAL vldb COL year VAL 1997"
1869,"review of data on the web : from relational to semistructured data and xml by serge abiteboul , peter buneman , and dan suciu . morgan kaufmann 1999",,,2003,"COL title VAL review of data on the web : from relational to semistructured data and xml by serge abiteboul , peter buneman , and dan suciu . morgan kaufmann 1999 COL authors VAL  COL venue VAL  COL year VAL 2003"
1870,"review of spatial databases with application to gis by philippe rigaux , michel scholl , and agnes voisard . morgan kaufmann 2002",,,2003,"COL title VAL review of spatial databases with application to gis by philippe rigaux , michel scholl , and agnes voisard . morgan kaufmann 2002 COL authors VAL  COL venue VAL  COL year VAL 2003"
1871,merging ranks from heterogeneous internet sources,"l gravano , h garcia-molina",vldb,1997,"COL title VAL merging ranks from heterogeneous internet sources COL authors VAL l gravano , h garcia-molina COL venue VAL vldb COL year VAL 1997"
1872,energy and rate based mac protocol for wireless sensor networks,"r kannan , r kalidindi , s iyengar , v kumar",sigmod record,2003,"COL title VAL energy and rate based mac protocol for wireless sensor networks COL authors VAL r kannan , r kalidindi , s iyengar , v kumar COL venue VAL sigmod record COL year VAL 2003"
1873,the case for enhanced abstract data types,"p seshadri , m livny , r ramakrishnan",vldb,1997,"COL title VAL the case for enhanced abstract data types COL authors VAL p seshadri , m livny , r ramakrishnan COL venue VAL vldb COL year VAL 1997"
1874,integrating reliable memory in databases,"w ng , p chen",vldb,1997,"COL title VAL integrating reliable memory in databases COL authors VAL w ng , p chen COL venue VAL vldb COL year VAL 1997"
1875,distributed deviation detection in sensor networks,"t palpanas , d papadopoulos , v kalogeraki , d gunopulos",sigmod record,2003,"COL title VAL distributed deviation detection in sensor networks COL authors VAL t palpanas , d papadopoulos , v kalogeraki , d gunopulos COL venue VAL sigmod record COL year VAL 2003"
1876,logical and physical versioning in main memory databases,"r rastogi , s seshadri , p bohannon , d leinbaugh , a silberschatz , s sudarshan",vldb,1997,"COL title VAL logical and physical versioning in main memory databases COL authors VAL r rastogi , s seshadri , p bohannon , d leinbaugh , a silberschatz , s sudarshan COL venue VAL vldb COL year VAL 1997"
1877,book review column,k aberer,sigmod record,2003,COL title VAL book review column COL authors VAL k aberer COL venue VAL sigmod record COL year VAL 2003
1878,sensor : the atomic computing particle,v kumar,sigmod record,2003,COL title VAL sensor : the atomic computing particle COL authors VAL v kumar COL venue VAL sigmod record COL year VAL 2003
1879,using versions in update transactions : application to integrity checking,"f llirbat , e simon , d tombroff",vldb,1997,"COL title VAL using versions in update transactions : application to integrity checking COL authors VAL f llirbat , e simon , d tombroff COL venue VAL vldb COL year VAL 1997"
1880,incremental organization for data recording and warehousing,"h jagadish , p narayan , s seshadri , s sudarshan , r kanneganti",vldb,1997,"COL title VAL incremental organization for data recording and warehousing COL authors VAL h jagadish , p narayan , s seshadri , s sudarshan , r kanneganti COL venue VAL vldb COL year VAL 1997"
1881,"the sensor spectrum : technology , trends , and requirements","j hellerstein , w hong , s madden",sigmod record,2003,"COL title VAL the sensor spectrum : technology , trends , and requirements COL authors VAL j hellerstein , w hong , s madden COL venue VAL sigmod record COL year VAL 2003"
1882,understanding the semantics of sensor data,m mani,sigmod record,2003,COL title VAL understanding the semantics of sensor data COL authors VAL m mani COL venue VAL sigmod record COL year VAL 2003
1883,multiple-view self-maintenance in data warehousing environments,n huyn,vldb,1997,COL title VAL multiple-view self-maintenance in data warehousing environments COL authors VAL n huyn COL venue VAL vldb COL year VAL 1997
1884,recovering information from summary data,"c faloutsos , h jagadish , n sidiropoulos",vldb,1997,"COL title VAL recovering information from summary data COL authors VAL c faloutsos , h jagadish , n sidiropoulos COL venue VAL vldb COL year VAL 1997"
1885,managing uncertainty in sensor database,"r cheng , s prabhakar",sigmod record,2003,"COL title VAL managing uncertainty in sensor database COL authors VAL r cheng , s prabhakar COL venue VAL sigmod record COL year VAL 2003"
1886,implementing abstract objects with inheritance in datalogneg,h jamil,vldb,1997,COL title VAL implementing abstract objects with inheritance in datalogneg COL authors VAL h jamil COL venue VAL vldb COL year VAL 1997
1887,the cougar project : a work-in-progress report,"a demers , j gehrke , r rajaraman , a trigoni , y yao",sigmod record,2003,"COL title VAL the cougar project : a work-in-progress report COL authors VAL a demers , j gehrke , r rajaraman , a trigoni , y yao COL venue VAL sigmod record COL year VAL 2003"
1888,dbglobe : a service-oriented p2p system for global computing,"e pitoura , s abiteboul , d pfoser , g samaras , m vazirgiannis",sigmod record,2003,"COL title VAL dbglobe : a service-oriented p2p system for global computing COL authors VAL e pitoura , s abiteboul , d pfoser , g samaras , m vazirgiannis COL venue VAL sigmod record COL year VAL 2003"
1889,mining insurance data at swiss life,"j kietz , u reimer , m staudt",vldb,1997,"COL title VAL mining insurance data at swiss life COL authors VAL j kietz , u reimer , m staudt COL venue VAL vldb COL year VAL 1997"
1890,facilitating multimedia database exploration through visual interfaces and perpetual query reformulations,"w li , k candan , k hirata , y hara",vldb,1997,"COL title VAL facilitating multimedia database exploration through visual interfaces and perpetual query reformulations COL authors VAL w li , k candan , k hirata , y hara COL venue VAL vldb COL year VAL 1997"
1891,toward network data independence,j hellerstein,sigmod record,2003,COL title VAL toward network data independence COL authors VAL j hellerstein COL venue VAL sigmod record COL year VAL 2003
1892,design issues and challenges for rdf - and schema-based peer-to-peer systems,"w nejdl , w siberski , m sintek",sigmod record,2003,"COL title VAL design issues and challenges for rdf - and schema-based peer-to-peer systems COL authors VAL w nejdl , w siberski , m sintek COL venue VAL sigmod record COL year VAL 2003"
1893,treasurer 's message,,,2003,COL title VAL treasurer 's message COL authors VAL  COL venue VAL  COL year VAL 2003
1894,the oracle universal server buffer,"w bridge , a joshi , m keihl , t lahiri , j loaiza , n macnaughton",vldb,1997,"COL title VAL the oracle universal server buffer COL authors VAL w bridge , a joshi , m keihl , t lahiri , j loaiza , n macnaughton COL venue VAL vldb COL year VAL 1997"
1895,chair 's message,,,2003,COL title VAL chair 's message COL authors VAL  COL venue VAL  COL year VAL 2003
1896,"the network as a global database : challenges of interoperability , proactivity , interactiveness , legacy","p lockemann , u kіlsch , a koschel , r kramer , r nikolai , m wallrath , h walter",vldb,1997,"COL title VAL the network as a global database : challenges of interoperability , proactivity , interactiveness , legacy COL authors VAL p lockemann , u kіlsch , a koschel , r kramer , r nikolai , m wallrath , h walter COL venue VAL vldb COL year VAL 1997"
1897,selectivity estimation without the attribute value independence assumption,"v poosala , y ioannidis",vldb,1997,"COL title VAL selectivity estimation without the attribute value independence assumption COL authors VAL v poosala , y ioannidis COL venue VAL vldb COL year VAL 1997"
1898,journal relevance,r snodgrass,sigmod record,2003,COL title VAL journal relevance COL authors VAL r snodgrass COL venue VAL sigmod record COL year VAL 2003
1899,towards an odmg-compliant visual object query language,"m chavda , p wood",vldb,1997,"COL title VAL towards an odmg-compliant visual object query language COL authors VAL m chavda , p wood COL venue VAL vldb COL year VAL 1997"
1900,2003 sigmod innovations award speech,d chamberlin,sigmod record,2003,COL title VAL 2003 sigmod innovations award speech COL authors VAL d chamberlin COL venue VAL sigmod record COL year VAL 2003
1901,guest editor 's introduction,,,2003,COL title VAL guest editor 's introduction COL authors VAL  COL venue VAL  COL year VAL 2003
1902,integrating sql databases with content-specific search engines,"s deпloch , n mattos",vldb,1997,"COL title VAL integrating sql databases with content-specific search engines COL authors VAL s deпloch , n mattos COL venue VAL vldb COL year VAL 1997"
1903,resource scheduling in enhanced pay-per-view continuous media databases,"m garofalakis , b жzden , a silberschatz",vldb,1997,"COL title VAL resource scheduling in enhanced pay-per-view continuous media databases COL authors VAL m garofalakis , b жzden , a silberschatz COL venue VAL vldb COL year VAL 1997"
1904,learning about data integration challenges from day one,a halevy,sigmod record,2003,COL title VAL learning about data integration challenges from day one COL authors VAL a halevy COL venue VAL sigmod record COL year VAL 2003
1905,spatial joins using r-trees : breadth-first traversal with global optimizations,"y huang , n jing , e rundensteiner",vldb,1997,"COL title VAL spatial joins using r-trees : breadth-first traversal with global optimizations COL authors VAL y huang , n jing , e rundensteiner COL venue VAL vldb COL year VAL 1997"
1906,agent-oriented software engineering report on the 4th aose workshop ( aose 2003 ),,,2003,COL title VAL agent-oriented software engineering report on the 4th aose workshop ( aose 2003 ) COL authors VAL  COL venue VAL  COL year VAL 2003
1907,the complexity of transformation-based join enumeration,"a pellenkoft , c galindo-legaria , m kersten",vldb,1997,"COL title VAL the complexity of transformation-based join enumeration COL authors VAL a pellenkoft , c galindo-legaria , m kersten COL venue VAL vldb COL year VAL 1997"
1908,report on the 5th international workshop on the design and management of data warehouses ( dmdw ' 03 ),,,2003,COL title VAL report on the 5th international workshop on the design and management of data warehouses ( dmdw ' 03 ) COL authors VAL  COL venue VAL  COL year VAL 2003
1909,"using taxonomy , discriminants , and signatures for navigating in text databases","s chakrabarti , b dom , r agrawal , p raghavan",vldb,1997,"COL title VAL using taxonomy , discriminants , and signatures for navigating in text databases COL authors VAL s chakrabarti , b dom , r agrawal , p raghavan COL venue VAL vldb COL year VAL 1997"
1910,information integration on the web : a view from ai and databases ( report on iiweb-03 ),"s kambhampati , c knoblock",sigmod record,2003,"COL title VAL information integration on the web : a view from ai and databases ( report on iiweb-03 ) COL authors VAL s kambhampati , c knoblock COL venue VAL sigmod record COL year VAL 2003"
1911,report on fqas 2002 : fifth international conference on flexible query answering systems,,,2003,COL title VAL report on fqas 2002 : fifth international conference on flexible query answering systems COL authors VAL  COL venue VAL  COL year VAL 2003
1912,m-tree : an efficient access method for similarity search in metric spaces,"p ciaccia , m patella , p zezula",vldb,1997,"COL title VAL m-tree : an efficient access method for similarity search in metric spaces COL authors VAL p ciaccia , m patella , p zezula COL venue VAL vldb COL year VAL 1997"
1913,optimizing queries across diverse data sources,"l haas , d kossmann , e wimmers , j yang",vldb,1997,"COL title VAL optimizing queries across diverse data sources COL authors VAL l haas , d kossmann , e wimmers , j yang COL venue VAL vldb COL year VAL 1997"
1914,editor 's notes,l liu,sigmod record,2003,COL title VAL editor 's notes COL authors VAL l liu COL venue VAL sigmod record COL year VAL 2003
1915,vertical data migration in large near-line document archives based on markov-chain predictions,"a kraiss , g weikum",vldb,1997,"COL title VAL vertical data migration in large near-line document archives based on markov-chain predictions COL authors VAL a kraiss , g weikum COL venue VAL vldb COL year VAL 1997"
1916,research in database engineering at the university of namur,j hainaut,sigmod record,2003,COL title VAL research in database engineering at the university of namur COL authors VAL j hainaut COL venue VAL sigmod record COL year VAL 2003
1917,exposing undergraduate students to database system internals,"a ailamaki , j hellerstein",sigmod record,2003,"COL title VAL exposing undergraduate students to database system internals COL authors VAL a ailamaki , j hellerstein COL venue VAL sigmod record COL year VAL 2003"
1918,parallel query scheduling and optimization with time - and space-shared resources,"m garofalakis , y ioannidis",vldb,1997,"COL title VAL parallel query scheduling and optimization with time - and space-shared resources COL authors VAL m garofalakis , y ioannidis COL venue VAL vldb COL year VAL 1997"
1919,analysis of sigmod 's co-authorship graph,"m nascimento , j sander , j pound",sigmod record,2003,"COL title VAL analysis of sigmod 's co-authorship graph COL authors VAL m nascimento , j sander , j pound COL venue VAL sigmod record COL year VAL 2003"
1920,optimizing queries with universal quantification in object-oriented and object-relational databases,"j clauпen , a kemper , g moerkotte , k peithner",vldb,1997,"COL title VAL optimizing queries with universal quantification in object-oriented and object-relational databases COL authors VAL j clauпen , a kemper , g moerkotte , k peithner COL venue VAL vldb COL year VAL 1997"
1921,a performance evaluation of oid mapping techniques,"a eickler , c gerlhof , d kossmann",vldb,1995,"COL title VAL a performance evaluation of oid mapping techniques COL authors VAL a eickler , c gerlhof , d kossmann COL venue VAL vldb COL year VAL 1995"
1922,editor 's notes,l liu,sigmod record,2003,COL title VAL editor 's notes COL authors VAL l liu COL venue VAL sigmod record COL year VAL 2003
1923,efficient incremental garbage collection for client-server object database systems,"l amsaleg , m franklin , o gruber",vldb,1995,"COL title VAL efficient incremental garbage collection for client-server object database systems COL authors VAL l amsaleg , m franklin , o gruber COL venue VAL vldb COL year VAL 1995"
1924,closing the key loophole in mls databases,"n jukic , s nestorov , s vrbsky",sigmod record,2003,"COL title VAL closing the key loophole in mls databases COL authors VAL n jukic , s nestorov , s vrbsky COL venue VAL sigmod record COL year VAL 2003"
1925,report on the 4th international conference on mobile data management,,,2003,COL title VAL report on the 4th international conference on mobile data management COL authors VAL  COL venue VAL  COL year VAL 2003
1926,document management as a database problem,r bayer,vldb,1995,COL title VAL document management as a database problem COL authors VAL r bayer COL venue VAL vldb COL year VAL 1995
1927,in memory of gэsli r. hjaltason,,,2003,COL title VAL in memory of gэsli r. hjaltason COL authors VAL  COL venue VAL  COL year VAL 2003
1928,from vldb to vmldb ( very many large data bases ) : dealing with large-scale semantic heterogenity,s madnick,vldb,1995,COL title VAL from vldb to vmldb ( very many large data bases ) : dealing with large-scale semantic heterogenity COL authors VAL s madnick COL venue VAL vldb COL year VAL 1995
1929,declustering databases on heterogeneous disk systems,"l chen , d rotem , s seshadri",vldb,1995,"COL title VAL declustering databases on heterogeneous disk systems COL authors VAL l chen , d rotem , s seshadri COL venue VAL vldb COL year VAL 1995"
1930,standards for databases on the grid,"s malaika , a eisenberg , j melton",sigmod record,2003,"COL title VAL standards for databases on the grid COL authors VAL s malaika , a eisenberg , j melton COL venue VAL sigmod record COL year VAL 2003"
1931,"review of the data warehouse toolkit : the complete guide to dimensional modeling ( 2nd edition ) by ralph kimball , margy ross . john wiley & sons , inc. 2002",,,2003,"COL title VAL review of the data warehouse toolkit : the complete guide to dimensional modeling ( 2nd edition ) by ralph kimball , margy ross . john wiley & sons , inc. 2002 COL authors VAL  COL venue VAL  COL year VAL 2003"
1932,high-concurrency locking in r-trees,"m kornacker , d banks",vldb,1995,"COL title VAL high-concurrency locking in r-trees COL authors VAL m kornacker , d banks COL venue VAL vldb COL year VAL 1995"
1933,duplicate removal in information system dissemination,"t yan , h garcia-molina",vldb,1995,"COL title VAL duplicate removal in information system dissemination COL authors VAL t yan , h garcia-molina COL venue VAL vldb COL year VAL 1995"
1934,interview with rakesh agrawal,,,2003,COL title VAL interview with rakesh agrawal COL authors VAL  COL venue VAL  COL year VAL 2003
1935,reminiscences on influential papers,,,2003,COL title VAL reminiscences on influential papers COL authors VAL  COL venue VAL  COL year VAL 2003
1936,generalizing gloss to vector-space databases and broker hierarchies,"l gravano , h garcia-molina",vldb,1995,"COL title VAL generalizing gloss to vector-space databases and broker hierarchies COL authors VAL l gravano , h garcia-molina COL venue VAL vldb COL year VAL 1995"
1937,in-context peer-to-peer information filtering on the web,a ouksel,sigmod record,2003,COL title VAL in-context peer-to-peer information filtering on the web COL authors VAL a ouksel COL venue VAL sigmod record COL year VAL 2003
1938,tribeca : a stream database manager for network traffic analysis,m sullivan,vldb,1996,COL title VAL tribeca : a stream database manager for network traffic analysis COL authors VAL m sullivan COL venue VAL vldb COL year VAL 1996
1939,selective information dissemination in p2p networks : problems and solutions,"m koubarakis , c tryfonopoulos , s idreos , y drougas",sigmod record,2003,"COL title VAL selective information dissemination in p2p networks : problems and solutions COL authors VAL m koubarakis , c tryfonopoulos , s idreos , y drougas COL venue VAL sigmod record COL year VAL 2003"
1940,mineset ( tm ) : a system for high-end data mining and visualization,,vldb,1996,COL title VAL mineset ( tm ) : a system for high-end data mining and visualization COL authors VAL  COL venue VAL vldb COL year VAL 1996
1941,the query optimizer in tandem 's new serverware sql product,p celis,vldb,1996,COL title VAL the query optimizer in tandem 's new serverware sql product COL authors VAL p celis COL venue VAL vldb COL year VAL 1996
1942,the hyperion project : from data integration to data coordination,"m arenas , v kantere , a kementsietsidis , i kiringa , r miller , j mylopoulos",sigmod record,2003,"COL title VAL the hyperion project : from data integration to data coordination COL authors VAL m arenas , v kantere , a kementsietsidis , i kiringa , r miller , j mylopoulos COL venue VAL sigmod record COL year VAL 2003"
1943,"tpc-d : the challenges , issues and results",r bhashyam,vldb,1996,"COL title VAL tpc-d : the challenges , issues and results COL authors VAL r bhashyam COL venue VAL vldb COL year VAL 1996"
1944,relational data sharing in peer-based data management systems,"b ooi , y shu , k tan",sigmod record,2003,"COL title VAL relational data sharing in peer-based data management systems COL authors VAL b ooi , y shu , k tan COL venue VAL sigmod record COL year VAL 2003"
1945,performance of future database systems : bottlenecks and bonananzas,c baru,vldb,1996,COL title VAL performance of future database systems : bottlenecks and bonananzas COL authors VAL c baru COL venue VAL vldb COL year VAL 1996
1946,what is the data warehousing problem ? ( are materialized views the answer ? ),"a gupta , i mumick",vldb,1996,"COL title VAL what is the data warehousing problem ? ( are materialized views the answer ? ) COL authors VAL a gupta , i mumick COL venue VAL vldb COL year VAL 1996"
1947,the piazza peer data management project,"i tatarinov , z ives , j madhavan , a halevy , d suciu , n dalvi , x dong , y kadiyska , g miklau , p mork",sigmod record,2003,"COL title VAL the piazza peer data management project COL authors VAL i tatarinov , z ives , j madhavan , a halevy , d suciu , n dalvi , x dong , y kadiyska , g miklau , p mork COL venue VAL sigmod record COL year VAL 2003"
1948,peer-to-peer research at stanford,"m bawa , b cooper , a crespo , n daswani , p ganesan , h garcia-molina , s kamvar , s marti , m schlosser , q sun , p vinograd , b yang",sigmod record,2003,"COL title VAL peer-to-peer research at stanford COL authors VAL m bawa , b cooper , a crespo , n daswani , p ganesan , h garcia-molina , s kamvar , s marti , m schlosser , q sun , p vinograd , b yang COL venue VAL sigmod record COL year VAL 2003"
1949,the structured information manager : a database system for sgml documents,r sacks-davis,vldb,1996,COL title VAL the structured information manager : a database system for sgml documents COL authors VAL r sacks-davis COL venue VAL vldb COL year VAL 1996
1950,loading the data warehouse across various parallel architectures,v raghavan,vldb,1996,COL title VAL loading the data warehouse across various parallel architectures COL authors VAL v raghavan COL venue VAL vldb COL year VAL 1996
1951,p-grid : a self-organizing structured p2p system,"k aberer , p cudrщ-mauroux , a datta , z despotovic , m hauswirth , m punceva , r schmidt",sigmod record,2003,"COL title VAL p-grid : a self-organizing structured p2p system COL authors VAL k aberer , p cudrщ-mauroux , a datta , z despotovic , m hauswirth , m punceva , r schmidt COL venue VAL sigmod record COL year VAL 2003"
1952,"report on the 10th conference on database systems for business , technology , and the web ( btw 2003 )",,,2003,"COL title VAL report on the 10th conference on database systems for business , technology , and the web ( btw 2003 ) COL authors VAL  COL venue VAL  COL year VAL 2003"
1953,an efficient algorithm for mining association rules in large databases,"a savasere , e omiecinski , s navathe",vldb,1995,"COL title VAL an efficient algorithm for mining association rules in large databases COL authors VAL a savasere , e omiecinski , s navathe COL venue VAL vldb COL year VAL 1995"
1954,discovery of multiple-level association rules from large databases,"j han , y fu",vldb,1995,"COL title VAL discovery of multiple-level association rules from large databases COL authors VAL j han , y fu COL venue VAL vldb COL year VAL 1995"
1955,reminiscences on influential papers,,,2003,COL title VAL reminiscences on influential papers COL authors VAL  COL venue VAL  COL year VAL 2003
1956,a mapping mechanism to support bitmap index and other auxiliary structures on tables stored as primary b + - trees,"e chong , j srinivasan , s das , c freiwald , a yalamanchi , m jagannath , a tran , r krishnan , r jiang",sigmod record,2003,"COL title VAL a mapping mechanism to support bitmap index and other auxiliary structures on tables stored as primary b + - trees COL authors VAL e chong , j srinivasan , s das , c freiwald , a yalamanchi , m jagannath , a tran , r krishnan , r jiang COL venue VAL sigmod record COL year VAL 2003"
1957,dynamic multi-resource load balancing in parallel database systems,"e rahm , r marek",vldb,1995,"COL title VAL dynamic multi-resource load balancing in parallel database systems COL authors VAL e rahm , r marek COL venue VAL vldb COL year VAL 1995"
1958,interview with michael stonebraker,,,2003,COL title VAL interview with michael stonebraker COL authors VAL  COL venue VAL  COL year VAL 2003
1959,a non-uniform data fragmentation strategy for parallel main-menory database systems,"n bassiliades , i vlahavas",vldb,1995,"COL title VAL a non-uniform data fragmentation strategy for parallel main-menory database systems COL authors VAL n bassiliades , i vlahavas COL venue VAL vldb COL year VAL 1995"
1960,information rules,d stirling,sigmod record,2003,COL title VAL information rules COL authors VAL d stirling COL venue VAL sigmod record COL year VAL 2003
1961,applying database technology in the adsm mass storage system,"l cabrera , r rees , w hineman",vldb,1995,"COL title VAL applying database technology in the adsm mass storage system COL authors VAL l cabrera , r rees , w hineman COL venue VAL vldb COL year VAL 1995"
1962,peer-to-peer : harnessing the power of disruptive technologies,m nascimento,sigmod record,2003,COL title VAL peer-to-peer : harnessing the power of disruptive technologies COL authors VAL m nascimento COL venue VAL sigmod record COL year VAL 2003
1963,generalized search trees for database systems,"j hellerstein , j naughton , a pfeffer",vldb,1995,"COL title VAL generalized search trees for database systems COL authors VAL j hellerstein , j naughton , a pfeffer COL venue VAL vldb COL year VAL 1995"
1964,fundamentals of data warehouses : 2nd revised and extended edition,v hoffner,sigmod record,2003,COL title VAL fundamentals of data warehouses : 2nd revised and extended edition COL authors VAL v hoffner COL venue VAL sigmod record COL year VAL 2003
1965,a scalable architecture for autonomous heterogeneous database interactions,"s milliner , a bouguettaya , m papazoglou",vldb,1995,"COL title VAL a scalable architecture for autonomous heterogeneous database interactions COL authors VAL s milliner , a bouguettaya , m papazoglou COL venue VAL vldb COL year VAL 1995"
1966,"fast similarity search in the presence of noise , scaling , and translation in time-series databases","r agrawal , k lin , h sawhney , k shim",vldb,1995,"COL title VAL fast similarity search in the presence of noise , scaling , and translation in time-series databases COL authors VAL r agrawal , k lin , h sawhney , k shim COL venue VAL vldb COL year VAL 1995"
1967,towards a database body of knowledge : a study from spain,"c calero , m piattini , f ruiz",sigmod record,2003,"COL title VAL towards a database body of knowledge : a study from spain COL authors VAL c calero , m piattini , f ruiz COL venue VAL sigmod record COL year VAL 2003"
1968,research issues for data communication in mobile ad-hoc network database systems,"l fife , l gruenwald",sigmod record,2003,"COL title VAL research issues for data communication in mobile ad-hoc network database systems COL authors VAL l fife , l gruenwald COL venue VAL sigmod record COL year VAL 2003"
1969,coloring away communication in parallel query optimization,"w hasan , r motwani",vldb,1995,"COL title VAL coloring away communication in parallel query optimization COL authors VAL w hasan , r motwani COL venue VAL vldb COL year VAL 1995"
1970,bypassing joins in disjunctive queries,"m steinbrunn , k peithner , g moerkotte , a kemper",vldb,1995,"COL title VAL bypassing joins in disjunctive queries COL authors VAL m steinbrunn , k peithner , g moerkotte , a kemper COL venue VAL vldb COL year VAL 1995"
1971,modelling temporal thematic map contents,"a d'onofrio , e pourabbas",sigmod record,2003,"COL title VAL modelling temporal thematic map contents COL authors VAL a d'onofrio , e pourabbas COL venue VAL sigmod record COL year VAL 2003"
1972,xpath processing in a nutshell,,,2003,COL title VAL xpath processing in a nutshell COL authors VAL  COL venue VAL  COL year VAL 2003
1973,a practical and modular implementation of extended transaction models,"r barga , c pu",vldb,1995,"COL title VAL a practical and modular implementation of extended transaction models COL authors VAL r barga , c pu COL venue VAL vldb COL year VAL 1995"
1974,a data transformation system for biological data sources,"p buneman , s davidson , k hart , g overton , l wong",vldb,1995,"COL title VAL a data transformation system for biological data sources COL authors VAL p buneman , s davidson , k hart , g overton , l wong COL venue VAL vldb COL year VAL 1995"
1975,issues in data stream management,"l golab , m жzsu",sigmod record,2003,"COL title VAL issues in data stream management COL authors VAL l golab , m жzsu COL venue VAL sigmod record COL year VAL 2003"
1976,chair 's message,,,2003,COL title VAL chair 's message COL authors VAL  COL venue VAL  COL year VAL 2003
1977,aggregate-query processing in data warehousing environments,"a gupta , v harinarayan , d quass",vldb,1995,"COL title VAL aggregate-query processing in data warehousing environments COL authors VAL a gupta , v harinarayan , d quass COL venue VAL vldb COL year VAL 1995"
1978,a web odyssey : from codd to xml,v vianu,sigmod record,2003,COL title VAL a web odyssey : from codd to xml COL authors VAL v vianu COL venue VAL sigmod record COL year VAL 2003
1979,eager aggregation and lazy aggregation,"w yan , p larson",vldb,1995,"COL title VAL eager aggregation and lazy aggregation COL authors VAL w yan , p larson COL venue VAL vldb COL year VAL 1995"
1980,book review column,k aberer,sigmod record,2003,COL title VAL book review column COL authors VAL k aberer COL venue VAL sigmod record COL year VAL 2003
1981,a cost model for clustered object-oriented databases,"g gardarin , j gruser , z tang",vldb,1995,"COL title VAL a cost model for clustered object-oriented databases COL authors VAL g gardarin , j gruser , z tang COL venue VAL vldb COL year VAL 1995"
1982,estimating the selectivity of spatial queries using the ` correlation ' fractal dimension,"a belussi , c faloutsos",vldb,1995,"COL title VAL estimating the selectivity of spatial queries using the ` correlation ' fractal dimension COL authors VAL a belussi , c faloutsos COL venue VAL vldb COL year VAL 1995"
1983,an approach to confidence based page ranking for user oriented web search,"d mukhopadhyay , d giri , s singh",sigmod record,2003,"COL title VAL an approach to confidence based page ranking for user oriented web search COL authors VAL d mukhopadhyay , d giri , s singh COL venue VAL sigmod record COL year VAL 2003"
1984,acm tods in this internet age,r snodgrass,sigmod record,2003,COL title VAL acm tods in this internet age COL authors VAL r snodgrass COL venue VAL sigmod record COL year VAL 2003
1985,zoo : a desktop experiment management environment,"y ioannidis , m livny , s gupta , n ponnekanti",vldb,1996,"COL title VAL zoo : a desktop experiment management environment COL authors VAL y ioannidis , m livny , s gupta , n ponnekanti COL venue VAL vldb COL year VAL 1996"
1986,querying multiple features of groups in relational databases,"d chatziantoniou , k ross",vldb,1996,"COL title VAL querying multiple features of groups in relational databases COL authors VAL d chatziantoniou , k ross COL venue VAL vldb COL year VAL 1996"
1987,performing jobs without decompression in a compressed database system,"s o'connell , n winterbottom",sigmod record,2003,"COL title VAL performing jobs without decompression in a compressed database system COL authors VAL s o'connell , n winterbottom COL venue VAL sigmod record COL year VAL 2003"
1988,modeling skewed distribution using multifractals and the ` 80-20 ' law,"c faloutsos , y matias , a silberschatz",vldb,1996,"COL title VAL modeling skewed distribution using multifractals and the ` 80-20 ' law COL authors VAL c faloutsos , y matias , a silberschatz COL venue VAL vldb COL year VAL 1996"
1989,xpath processing in a nutshell,"g gottlob , c koch , r pichler",sigmod record,2003,"COL title VAL xpath processing in a nutshell COL authors VAL g gottlob , c koch , r pichler COL venue VAL sigmod record COL year VAL 2003"
1990,semantic data caching and replacement,"s dar , m franklin , b jѓnsson , d srivastava , m tan",vldb,1996,"COL title VAL semantic data caching and replacement COL authors VAL s dar , m franklin , b jѓnsson , d srivastava , m tan COL venue VAL vldb COL year VAL 1996"
1991,interview with jim gray,,,2003,COL title VAL interview with jim gray COL authors VAL  COL venue VAL  COL year VAL 2003
1992,a database approach to quality of service specification in video databases,"e bertino , a elmagarmid , m hacid",sigmod record,2003,"COL title VAL a database approach to quality of service specification in video databases COL authors VAL e bertino , a elmagarmid , m hacid COL venue VAL sigmod record COL year VAL 2003"
1993,implementation and analysis of a parallel collection query language,d suciu,vldb,1996,COL title VAL implementation and analysis of a parallel collection query language COL authors VAL d suciu COL venue VAL vldb COL year VAL 1996
1994,ansi sql hierarchical processing can fully integrate native xml,m david,sigmod record,2003,COL title VAL ansi sql hierarchical processing can fully integrate native xml COL authors VAL m david COL venue VAL sigmod record COL year VAL 2003
1995,obtaining complete answers from incomplete databases,a levy,vldb,1996,COL title VAL obtaining complete answers from incomplete databases COL authors VAL a levy COL venue VAL vldb COL year VAL 1996
1996,object fusion in mediator systems,"y papakonstantinou , s abiteboul , h garcia-molina",vldb,1996,"COL title VAL object fusion in mediator systems COL authors VAL y papakonstantinou , s abiteboul , h garcia-molina COL venue VAL vldb COL year VAL 1996"
1997,analysis of existing databases at the logical level : the dba companion project,"f marchi , s lopes , j petit , f toumani",sigmod record,2003,"COL title VAL analysis of existing databases at the logical level : the dba companion project COL authors VAL f marchi , s lopes , j petit , f toumani COL venue VAL sigmod record COL year VAL 2003"
1998,database research at ut arlington,"s chakravarthy , y aslandogan , r elmasri , l fegaras , j oh",sigmod record,2003,"COL title VAL database research at ut arlington COL authors VAL s chakravarthy , y aslandogan , r elmasri , l fegaras , j oh COL venue VAL sigmod record COL year VAL 2003"
1999,the role of integrity constraints in database interoperation,"m vermeer , p apers",vldb,1996,"COL title VAL the role of integrity constraints in database interoperation COL authors VAL m vermeer , p apers COL venue VAL vldb COL year VAL 1996"
2000,multiscale histograms : summarizing topological relations in large spatial datasets,"x lin , q liu , y yuan , x zhou",vldb,2003,"COL title VAL multiscale histograms : summarizing topological relations in large spatial datasets COL authors VAL x lin , q liu , y yuan , x zhou COL venue VAL vldb COL year VAL 2003"
2001,query processing in spatial network databases,"d papadias , j zhang , n mamoulis , y tao",vldb,2003,"COL title VAL query processing in spatial network databases COL authors VAL d papadias , j zhang , n mamoulis , y tao COL venue VAL vldb COL year VAL 2003"
2002,merging models based on given correspondences,"r pottinger , p bernstein",vldb,2003,"COL title VAL merging models based on given correspondences COL authors VAL r pottinger , p bernstein COL venue VAL vldb COL year VAL 2003"
2003,avoiding ordering and grouping in query processing,"x wang , m cherniack",vldb,2003,"COL title VAL avoiding ordering and grouping in query processing COL authors VAL x wang , m cherniack COL venue VAL vldb COL year VAL 2003"
2004,anipqo : almost non-intrusive parametric query optimization for nonlinear cost functions,"a hulgeri , s sudarshan",vldb,2003,"COL title VAL anipqo : almost non-intrusive parametric query optimization for nonlinear cost functions COL authors VAL a hulgeri , s sudarshan COL venue VAL vldb COL year VAL 2003"
2005,supporting top-k join queries in relational databases,"i ilyas , w aref , a elmagarmid",vldb,2003,"COL title VAL supporting top-k join queries in relational databases COL authors VAL i ilyas , w aref , a elmagarmid COL venue VAL vldb COL year VAL 2003"
2006,the tpr * - tree : an optimized spatio-temporal access method for predictive queries,"y tao , d papadias , j sun",vldb,2003,"COL title VAL the tpr * - tree : an optimized spatio-temporal access method for predictive queries COL authors VAL y tao , d papadias , j sun COL venue VAL vldb COL year VAL 2003"
2007,efficient approximation of optimization queries under parametric aggregation constraints,"s guha , d gunopulos , n koudas , d srivastava , m vlachos",vldb,2003,"COL title VAL efficient approximation of optimization queries under parametric aggregation constraints COL authors VAL s guha , d gunopulos , n koudas , d srivastava , m vlachos COL venue VAL vldb COL year VAL 2003"
2008,cache tables : paving the way for an adaptive database cache,"m altinel , c bornhіvd , s krishnamurthy , c mohan , h pirahesh , b reinwald",vldb,2003,"COL title VAL cache tables : paving the way for an adaptive database cache COL authors VAL m altinel , c bornhіvd , s krishnamurthy , c mohan , h pirahesh , b reinwald COL venue VAL vldb COL year VAL 2003"
2009,lachesis : robust database storage management based on device-specific performance characteristics,"j schindler , a ailamaki , g ganger",vldb,2003,"COL title VAL lachesis : robust database storage management based on device-specific performance characteristics COL authors VAL j schindler , a ailamaki , g ganger COL venue VAL vldb COL year VAL 2003"
2010,a dependability benchmark for oltp application environments,"m vieira , h madeira",vldb,2003,"COL title VAL a dependability benchmark for oltp application environments COL authors VAL m vieira , h madeira COL venue VAL vldb COL year VAL 2003"
2011,primitives for workload summarization and implications for sql,"s chaudhuri , p ganesan , v narasayya",vldb,2003,"COL title VAL primitives for workload summarization and implications for sql COL authors VAL s chaudhuri , p ganesan , v narasayya COL venue VAL vldb COL year VAL 2003"
2012,bhunt : automatic discovery of fuzzy algebraic constraints in relational data,"p brown , p haas",vldb,2003,"COL title VAL bhunt : automatic discovery of fuzzy algebraic constraints in relational data COL authors VAL p brown , p haas COL venue VAL vldb COL year VAL 2003"
2013,estimating the output cardinality of partial preaggregation with a measure of clusteredness,"s helmer , t neumann , g moerkotte",vldb,2003,"COL title VAL estimating the output cardinality of partial preaggregation with a measure of clusteredness COL authors VAL s helmer , t neumann , g moerkotte COL venue VAL vldb COL year VAL 2003"
2014,memory requirements for query execution in highly constrained devices,"n anciaux , l bouganim , p pucheral",vldb,2003,"COL title VAL memory requirements for query execution in highly constrained devices COL authors VAL n anciaux , l bouganim , p pucheral COL venue VAL vldb COL year VAL 2003"
2015,tabular placement of relational data on mems-based storage devices,"h yu , d agrawal , a abbadi",vldb,2003,"COL title VAL tabular placement of relational data on mems-based storage devices COL authors VAL h yu , d agrawal , a abbadi COL venue VAL vldb COL year VAL 2003"
2016,capturing global transactions from multiple recovery log files in a partitioned database system,"c liu , b lindsay , s bourbonnais , e hamel , t truong , j stankiewitz",vldb,2003,"COL title VAL capturing global transactions from multiple recovery log files in a partitioned database system COL authors VAL c liu , b lindsay , s bourbonnais , e hamel , t truong , j stankiewitz COL venue VAL vldb COL year VAL 2003"
2017,the bea/xqrl streaming xquery processor,"d florescu , c hillery , d kossmann , p lucas , f riccardi , t westmann , m carey , a sundararajan , g agrawal",vldb,2003,"COL title VAL the bea/xqrl streaming xquery processor COL authors VAL d florescu , c hillery , d kossmann , p lucas , f riccardi , t westmann , m carey , a sundararajan , g agrawal COL venue VAL vldb COL year VAL 2003"
2018,xml schemas in oracle xml db,"r murthy , s banerjee",vldb,2003,"COL title VAL xml schemas in oracle xml db COL authors VAL r murthy , s banerjee COL venue VAL vldb COL year VAL 2003"
2019,integrated data management for mobile services in the real world,"c hage , c jensen , t pedersen , l speicys , i timko",vldb,2003,"COL title VAL integrated data management for mobile services in the real world COL authors VAL c hage , c jensen , t pedersen , l speicys , i timko COL venue VAL vldb COL year VAL 2003"
2020,improving performance with bulk-inserts in oracle r-trees,"n an , k kanth , s ravada",vldb,2003,"COL title VAL improving performance with bulk-inserts in oracle r-trees COL authors VAL n an , k kanth , s ravada COL venue VAL vldb COL year VAL 2003"
2021,statistics on views,"c galindo-legaria , m joshi , f waas , m wu",vldb,2003,"COL title VAL statistics on views COL authors VAL c galindo-legaria , m joshi , f waas , m wu COL venue VAL vldb COL year VAL 2003"
2022,efficient query processing for multi-dimensionally clustered tables in db2,"b bhattacharjee , s padmanabhan , t malkemus , t lai , l cranston , m huras",vldb,2003,"COL title VAL efficient query processing for multi-dimensionally clustered tables in db2 COL authors VAL b bhattacharjee , s padmanabhan , t malkemus , t lai , l cranston , m huras COL venue VAL vldb COL year VAL 2003"
2023,a platform based on the multi-dimensional data model for analysis of bio-molecular structures,"s srinivasa , s kumar",vldb,2003,"COL title VAL a platform based on the multi-dimensional data model for analysis of bio-molecular structures COL authors VAL s srinivasa , s kumar COL venue VAL vldb COL year VAL 2003"
2024,controlling access to published data using cryptography,"g miklau , d suciu",vldb,2003,"COL title VAL controlling access to published data using cryptography COL authors VAL g miklau , d suciu COL venue VAL vldb COL year VAL 2003"
2025,oasis : an online and accurate technique for local-alignment searches on biological sequences,"c meek , j patel , s kasetty",vldb,2003,"COL title VAL oasis : an online and accurate technique for local-alignment searches on biological sequences COL authors VAL c meek , j patel , s kasetty COL venue VAL vldb COL year VAL 2003"
2026,privacy-preserving indexing of documents on the network,"m bawa , r jr. , r agrawal",vldb,2003,"COL title VAL privacy-preserving indexing of documents on the network COL authors VAL m bawa , r jr. , r agrawal COL venue VAL vldb COL year VAL 2003"
2027,data compression in oracle,"m pіss , d potapov",vldb,2003,"COL title VAL data compression in oracle COL authors VAL m pіss , d potapov COL venue VAL vldb COL year VAL 2003"
2028,operator scheduling in a data stream manager,"d carney , u чetintemel , a rasin , s zdonik , m cherniack , m stonebraker",vldb,2003,"COL title VAL operator scheduling in a data stream manager COL authors VAL d carney , u чetintemel , a rasin , s zdonik , m cherniack , m stonebraker COL venue VAL vldb COL year VAL 2003"
2029,efficient ir-style keyword search over relational databases,"v hristidis , l gravano , y papakonstantinou",vldb,2003,"COL title VAL efficient ir-style keyword search over relational databases COL authors VAL v hristidis , l gravano , y papakonstantinou COL venue VAL vldb COL year VAL 2003"
2030,locating data sources in large distributed systems,"l galanis , y wang , s jeffery , d dewitt",vldb,2003,"COL title VAL locating data sources in large distributed systems COL authors VAL l galanis , y wang , s jeffery , d dewitt COL venue VAL vldb COL year VAL 2003"
2031,robust estimation with sampling and approximate pre-aggregation,c jermaine,vldb,2003,COL title VAL robust estimation with sampling and approximate pre-aggregation COL authors VAL c jermaine COL venue VAL vldb COL year VAL 2003
2032,chameleon : an extensible and customizable tool for web data translation,"r torlone , p atzeni",vldb,2003,"COL title VAL chameleon : an extensible and customizable tool for web data translation COL authors VAL r torlone , p atzeni COL venue VAL vldb COL year VAL 2003"
2033,webservice composition with o'grape and osiris,"r weber , c schuler , p neukomm , h schuldt , h schek",vldb,2003,"COL title VAL webservice composition with o'grape and osiris COL authors VAL r weber , c schuler , p neukomm , h schuldt , h schek COL venue VAL vldb COL year VAL 2003"
2034,implementing xquery 1.0 : the galax experience,"m fernandez , j simщon , b choi , a marian , g sur",vldb,2003,"COL title VAL implementing xquery 1.0 : the galax experience COL authors VAL m fernandez , j simщon , b choi , a marian , g sur COL venue VAL vldb COL year VAL 2003"
2035,xiss/r : xml indexing and storage system using rdbms,"p harding , q li , b moon",vldb,2003,"COL title VAL xiss/r : xml indexing and storage system using rdbms COL authors VAL p harding , q li , b moon COL venue VAL vldb COL year VAL 2003"
2036,a system for keyword proximity search on xml databases,"a balmin , v hristidis , n koudas , y papakonstantinou , d srivastava , t wang",vldb,2003,"COL title VAL a system for keyword proximity search on xml databases COL authors VAL a balmin , v hristidis , n koudas , y papakonstantinou , d srivastava , t wang COL venue VAL vldb COL year VAL 2003"
2037,xquec : pushing queries to compressed xml data,"a arion , a bonifati , g costa , s d'aguanno , i manolescu , a pugliese",vldb,2003,"COL title VAL xquec : pushing queries to compressed xml data COL authors VAL a arion , a bonifati , g costa , s d'aguanno , i manolescu , a pugliese COL venue VAL vldb COL year VAL 2003"
2038,managing distributed workspaces with active xml,"s abiteboul , j baumgarten , a bonifati , g cobena , c cremarenco , f dragan , i manolescu , t milo , n preda",vldb,2003,"COL title VAL managing distributed workspaces with active xml COL authors VAL s abiteboul , j baumgarten , a bonifati , g cobena , c cremarenco , f dragan , i manolescu , t milo , n preda COL venue VAL vldb COL year VAL 2003"
2039,orientstore : a schema based native xml storage system,"x meng , d luo , m lee , j an",vldb,2003,"COL title VAL orientstore : a schema based native xml storage system COL authors VAL x meng , d luo , m lee , j an COL venue VAL vldb COL year VAL 2003"
2040,xcerpt and visxcerpt : from pattern-based to visual querying of xml and semistructured data,"s berger , f bry , s schaffert , c wieser",vldb,2003,"COL title VAL xcerpt and visxcerpt : from pattern-based to visual querying of xml and semistructured data COL authors VAL s berger , f bry , s schaffert , c wieser COL venue VAL vldb COL year VAL 2003"
2041,illuminating the dark side of web services,m brodie,vldb,2003,COL title VAL illuminating the dark side of web services COL authors VAL m brodie COL venue VAL vldb COL year VAL 2003
2042,who needs xml databases ?,s cluet,vldb,2003,COL title VAL who needs xml databases ? COL authors VAL s cluet COL venue VAL vldb COL year VAL 2003
2043,a database striptease or how to manage your personal databases,"m kersten , g weikum , m franklin , d keim , a buchmann , s chaudhuri",vldb,2003,"COL title VAL a database striptease or how to manage your personal databases COL authors VAL m kersten , g weikum , m franklin , d keim , a buchmann , s chaudhuri COL venue VAL vldb COL year VAL 2003"
2044,the zero-delay data warehouse : mobilizing heterogeneous databases,e kќhn,vldb,2003,COL title VAL the zero-delay data warehouse : mobilizing heterogeneous databases COL authors VAL e kќhn COL venue VAL vldb COL year VAL 2003
2045,commercial use of database technology,h schіning,vldb,2003,COL title VAL commercial use of database technology COL authors VAL h schіning COL venue VAL vldb COL year VAL 2003
2046,grid and applications ( industrial session ),f leymann,vldb,2003,COL title VAL grid and applications ( industrial session ) COL authors VAL f leymann COL venue VAL vldb COL year VAL 2003
2047,web services ( industrial session ),f cabrera,vldb,2003,COL title VAL web services ( industrial session ) COL authors VAL f cabrera COL venue VAL vldb COL year VAL 2003
2048,privacy-enhanced data management for next-generation e-commerce,,,2003,COL title VAL privacy-enhanced data management for next-generation e-commerce COL authors VAL  COL venue VAL  COL year VAL 2003
2049,the semantic web : semantics for data on the web,,,2003,COL title VAL the semantic web : semantics for data on the web COL authors VAL  COL venue VAL  COL year VAL 2003
2050,irisnet : an architecture for internet-scale sensing services,"s nath , a deshpande , y ke , p gibbons , b karp , s seshan",vldb,2003,"COL title VAL irisnet : an architecture for internet-scale sensing services COL authors VAL s nath , a deshpande , y ke , p gibbons , b karp , s seshan COL venue VAL vldb COL year VAL 2003"
2051,"large-scale , standards-based earth observation imagery and web mapping services",p baumann,vldb,2003,"COL title VAL large-scale , standards-based earth observation imagery and web mapping services COL authors VAL p baumann COL venue VAL vldb COL year VAL 2003"
2052,quiet : continuous query-driven index tuning,"k sattler , i geist , e schallehn",vldb,2003,"COL title VAL quiet : continuous query-driven index tuning COL authors VAL k sattler , i geist , e schallehn COL venue VAL vldb COL year VAL 2003"
2053,chip-secured data access : reconciling access rights with data encryption,"l bouganim , f ngoc , p pucheral , l wu",vldb,2003,"COL title VAL chip-secured data access : reconciling access rights with data encryption COL authors VAL l bouganim , f ngoc , p pucheral , l wu COL venue VAL vldb COL year VAL 2003"
2054,an interpolated volume data model,"t wang , s santini , a gupta",vldb,2003,"COL title VAL an interpolated volume data model COL authors VAL t wang , s santini , a gupta COL venue VAL vldb COL year VAL 2003"
2055,efficacious data cube exploration by semantic summarization and compression,"l lakshmanan , j pei , y zhao",vldb,2003,"COL title VAL efficacious data cube exploration by semantic summarization and compression COL authors VAL l lakshmanan , j pei , y zhao COL venue VAL vldb COL year VAL 2003"
2056,atlas : a small but complete sql extension for data mining and data streams,"h wang , c zaniolo , c luo",vldb,2003,"COL title VAL atlas : a small but complete sql extension for data mining and data streams COL authors VAL h wang , c zaniolo , c luo COL venue VAL vldb COL year VAL 2003"
2057,business modelling using sql spreadsheets,"a witkowski , s bellamkonda , t bozkaya , n folkert , a gupta , l sheng , s subramanian",vldb,2003,"COL title VAL business modelling using sql spreadsheets COL authors VAL a witkowski , s bellamkonda , t bozkaya , n folkert , a gupta , l sheng , s subramanian COL venue VAL vldb COL year VAL 2003"
2058,from focused crawling to expert information : an application framework for web exploration and portal generation,"s sizov , j graupmann , m theobald",vldb,2003,"COL title VAL from focused crawling to expert information : an application framework for web exploration and portal generation COL authors VAL s sizov , j graupmann , m theobald COL venue VAL vldb COL year VAL 2003"
2059,cacheportal ii : acceleration of very large scale data center-hosted database-driven web applications,"w li , o po , w hsiung , k candan , d agrawal , y akca , k taniguchi",vldb,2003,"COL title VAL cacheportal ii : acceleration of very large scale data center-hosted database-driven web applications COL authors VAL w li , o po , w hsiung , k candan , d agrawal , y akca , k taniguchi COL venue VAL vldb COL year VAL 2003"
2060,bibfinder/statminer : effectively mining and using coverage and overlap statistics in data integration,"z nie , s kambhampati , t hernandez",vldb,2003,"COL title VAL bibfinder/statminer : effectively mining and using coverage and overlap statistics in data integration COL authors VAL z nie , s kambhampati , t hernandez COL venue VAL vldb COL year VAL 2003"
2061,s-topss : semantic toronto publish/subscribe system,"m petrovic , i burcea , h jacobsen",vldb,2003,"COL title VAL s-topss : semantic toronto publish/subscribe system COL authors VAL m petrovic , i burcea , h jacobsen COL venue VAL vldb COL year VAL 2003"
2062,"nexusscout : an advanced location-based application on a distributed , open mediation platform","d nicklas , m groпmann , t schwarz",vldb,2003,"COL title VAL nexusscout : an advanced location-based application on a distributed , open mediation platform COL authors VAL d nicklas , m groпmann , t schwarz COL venue VAL vldb COL year VAL 2003"
2063,schema-driven customization of web services,"s abiteboul , b amann , j baumgarten , o benjelloun , f ngoc , t milo",vldb,2003,"COL title VAL schema-driven customization of web services COL authors VAL s abiteboul , b amann , j baumgarten , o benjelloun , f ngoc , t milo COL venue VAL vldb COL year VAL 2003"
2064,integrating information for on demand computing,n mattos,vldb,2003,COL title VAL integrating information for on demand computing COL authors VAL n mattos COL venue VAL vldb COL year VAL 2003
2065,a nanotechnology-based approach to data storage,"e eleftheriou , p bфchtold , g cherubini , a dholakia , c hagleitner , t loeliger , a pantazi , h pozidis , t albrecht , g binnig , m despont , u drechsler , u dќrig , b gotsmann , d jubin , w hфberle , m lantz , h rothuizen , r stutz , p vettiger , d wiesmann",vldb,2003,"COL title VAL a nanotechnology-based approach to data storage COL authors VAL e eleftheriou , p bфchtold , g cherubini , a dholakia , c hagleitner , t loeliger , a pantazi , h pozidis , t albrecht , g binnig , m despont , u drechsler , u dќrig , b gotsmann , d jubin , w hфberle , m lantz , h rothuizen , r stutz , p vettiger , d wiesmann COL venue VAL vldb COL year VAL 2003"
2066,the history of histograms ( abridged ),y ioannidis,vldb,2003,COL title VAL the history of histograms ( abridged ) COL authors VAL y ioannidis COL venue VAL vldb COL year VAL 2003
2067,the data-centric revolution in networking,s shenker,vldb,2003,COL title VAL the data-centric revolution in networking COL authors VAL s shenker COL venue VAL vldb COL year VAL 2003
2068,xsearch : a semantic search engine for xml,"s cohen , j mamou , y kanza , y sagiv",vldb,2003,"COL title VAL xsearch : a semantic search engine for xml COL authors VAL s cohen , j mamou , y kanza , y sagiv COL venue VAL vldb COL year VAL 2003"
2069,complex queries over web repositories,"s raghavan , h garcia-molina",vldb,2003,"COL title VAL complex queries over web repositories COL authors VAL s raghavan , h garcia-molina COL venue VAL vldb COL year VAL 2003"
2070,efficient mining of xml query patterns for caching,"l yang , m lee , w hsu",vldb,2003,"COL title VAL efficient mining of xml query patterns for caching COL authors VAL l yang , m lee , w hsu COL venue VAL vldb COL year VAL 2003"
2071,an efficient and resilient approach to filtering and disseminating streaming data,"s shah , s dharmarajan , k ramamritham",vldb,2003,"COL title VAL an efficient and resilient approach to filtering and disseminating streaming data COL authors VAL s shah , s dharmarajan , k ramamritham COL venue VAL vldb COL year VAL 2003"
2072,phrase matching in xml,"s amer-yahia , m fernandez , d srivastava , y xu",vldb,2003,"COL title VAL phrase matching in xml COL authors VAL s amer-yahia , m fernandez , d srivastava , y xu COL venue VAL vldb COL year VAL 2003"
2073,rrxf : redundancy reducing xml storage in relations,"y chen , s davidson , c hara , y zheng",vldb,2003,"COL title VAL rrxf : redundancy reducing xml storage in relations COL authors VAL y chen , s davidson , c hara , y zheng COL venue VAL vldb COL year VAL 2003"
2074,mars : a system for publishing xml from mixed and redundant storage,"a deutsch , v tannen",vldb,2003,"COL title VAL mars : a system for publishing xml from mixed and redundant storage COL authors VAL a deutsch , v tannen COL venue VAL vldb COL year VAL 2003"
2075,projecting xml documents,"a marian , j simщon",vldb,2003,"COL title VAL projecting xml documents COL authors VAL a marian , j simщon COL venue VAL vldb COL year VAL 2003"
2076,mixed mode xml query processing,"a halverson , j burger , l galanis , a kini , r krishnamurthy , a rao , f tian , s viglas , y wang , j naughton , d dewitt",vldb,2003,"COL title VAL mixed mode xml query processing COL authors VAL a halverson , j burger , l galanis , a kini , r krishnamurthy , a rao , f tian , s viglas , y wang , j naughton , d dewitt COL venue VAL vldb COL year VAL 2003"
2077,from tree patterns to generalized tree patterns : on efficient evaluation of xquery,"z chen , h jagadish , l lakshmanan , s paparizos",vldb,2003,"COL title VAL from tree patterns to generalized tree patterns : on efficient evaluation of xquery COL authors VAL z chen , h jagadish , l lakshmanan , s paparizos COL venue VAL vldb COL year VAL 2003"
2078,efficient processing of expressive node-selecting queries on xml data in secondary storage : a tree automata-based approach,c koch,vldb,2003,COL title VAL efficient processing of expressive node-selecting queries on xml data in secondary storage : a tree automata-based approach COL authors VAL c koch COL venue VAL vldb COL year VAL 2003
2079,query processing for high-volume xml message brokering,"y diao , m franklin",vldb,2003,"COL title VAL query processing for high-volume xml message brokering COL authors VAL y diao , m franklin COL venue VAL vldb COL year VAL 2003"
2080,a framework for clustering evolving data streams,"c aggarwal , j han , j wang , p yu",vldb,2003,"COL title VAL a framework for clustering evolving data streams COL authors VAL c aggarwal , j han , j wang , p yu COL venue VAL vldb COL year VAL 2003"
2081,a regression-based temporal pattern mining scheme for data streams,"w teng , m chen , p yu",vldb,2003,"COL title VAL a regression-based temporal pattern mining scheme for data streams COL authors VAL w teng , m chen , p yu COL venue VAL vldb COL year VAL 2003"
2082,on the costs of multilingualism in database systems,"a kumaran , j haritsa",vldb,2003,"COL title VAL on the costs of multilingualism in database systems COL authors VAL a kumaran , j haritsa COL venue VAL vldb COL year VAL 2003"
2083,distributed top-n query processing with possibly uncooperative local systems,"c yu , g philip , w meng",vldb,2003,"COL title VAL distributed top-n query processing with possibly uncooperative local systems COL authors VAL c yu , g philip , w meng COL venue VAL vldb COL year VAL 2003"
2084,optimized query execution in large search engines with global page ordering,"x long , t suel",vldb,2003,"COL title VAL optimized query execution in large search engines with global page ordering COL authors VAL x long , t suel COL venue VAL vldb COL year VAL 2003"
2085,path queries on compressed xml,"p buneman , m grohe , c koch",vldb,2003,"COL title VAL path queries on compressed xml COL authors VAL p buneman , m grohe , c koch COL venue VAL vldb COL year VAL 2003"
2086,on the minimization of xpath queries,"s flesca , f furfaro , e masciari",vldb,2003,"COL title VAL on the minimization of xpath queries COL authors VAL s flesca , f furfaro , e masciari COL venue VAL vldb COL year VAL 2003"
2087,covering indexes for xml queries : bisimulation - simulation = negation,p ramanan,vldb,2003,COL title VAL covering indexes for xml queries : bisimulation - simulation = negation COL authors VAL p ramanan COL venue VAL vldb COL year VAL 2003
2088,buffering accesses to memory-resident index structures,"j zhou , k ross",vldb,2003,"COL title VAL buffering accesses to memory-resident index structures COL authors VAL j zhou , k ross COL venue VAL vldb COL year VAL 2003"
2089,balancing performance and data freshness in web database servers,"a labrinidis , n roussopoulos",vldb,2003,"COL title VAL balancing performance and data freshness in web database servers COL authors VAL a labrinidis , n roussopoulos COL venue VAL vldb COL year VAL 2003"
2090,vipas : virtual link powered authority search in the web,"c lin , m chen",vldb,2003,"COL title VAL vipas : virtual link powered authority search in the web COL authors VAL c lin , m chen COL venue VAL vldb COL year VAL 2003"
2091,sash : a self-adaptive histogram set for dynamically changing workloads,"l lim , m wang , j vitter",vldb,2003,"COL title VAL sash : a self-adaptive histogram set for dynamically changing workloads COL authors VAL l lim , m wang , j vitter COL venue VAL vldb COL year VAL 2003"
2092,data bubbles for non-vector data : speeding-up hierarchical clustering in arbitrary metric spaces,"j zhou , j sander",vldb,2003,"COL title VAL data bubbles for non-vector data : speeding-up hierarchical clustering in arbitrary metric spaces COL authors VAL j zhou , j sander COL venue VAL vldb COL year VAL 2003"
2093,a shrinking-based approach for multi-dimensional data analysis,"y shi , y song , a zhang",vldb,2003,"COL title VAL a shrinking-based approach for multi-dimensional data analysis COL authors VAL y shi , y song , a zhang COL venue VAL vldb COL year VAL 2003"
2094,combi-operator : database support for data mining applications,"a hinneburg , w lehner , d habich",vldb,2003,"COL title VAL combi-operator : database support for data mining applications COL authors VAL a hinneburg , w lehner , d habich COL venue VAL vldb COL year VAL 2003"
2095,"data morphing : an adaptive , cache-conscious storage technique","r hankins , j patel",vldb,2003,"COL title VAL data morphing : an adaptive , cache-conscious storage technique COL authors VAL r hankins , j patel COL venue VAL vldb COL year VAL 2003"
2096,load shedding in a data stream manager,"n tatbul , u чetintemel , s zdonik , m cherniack , m stonebraker",vldb,2003,"COL title VAL load shedding in a data stream manager COL authors VAL n tatbul , u чetintemel , s zdonik , m cherniack , m stonebraker COL venue VAL vldb COL year VAL 2003"
2097,scheduling for shared window joins over data streams,"m hammad , m franklin , w aref , a elmagarmid",vldb,2003,"COL title VAL scheduling for shared window joins over data streams COL authors VAL m hammad , m franklin , w aref , a elmagarmid COL venue VAL vldb COL year VAL 2003"
2098,maximizing the output rate of multi-way join queries over streaming information sources,"s viglas , j naughton , j burger",vldb,2003,"COL title VAL maximizing the output rate of multi-way join queries over streaming information sources COL authors VAL s viglas , j naughton , j burger COL venue VAL vldb COL year VAL 2003"
2099,holistic twig joins on indexed xml documents,"h jiang , w wang , h lu , j yu",vldb,2003,"COL title VAL holistic twig joins on indexed xml documents COL authors VAL h jiang , w wang , h lu , j yu COL venue VAL vldb COL year VAL 2003"
2100,wise-integrator : an automatic integrator of web search interfaces for e-commerce,"h he , w meng , c yu , z wu",vldb,2003,"COL title VAL wise-integrator : an automatic integrator of web search interfaces for e-commerce COL authors VAL h he , w meng , c yu , z wu COL venue VAL vldb COL year VAL 2003"
2101,"aquery : query language for ordered data , optimization techniques , and experiments","a lerner , d shasha",vldb,2003,"COL title VAL aquery : query language for ordered data , optimization techniques , and experiments COL authors VAL a lerner , d shasha COL venue VAL vldb COL year VAL 2003"
2102,tuple routing strategies for distributed eddies,"f tian , d dewitt",vldb,2003,"COL title VAL tuple routing strategies for distributed eddies COL authors VAL f tian , d dewitt COL venue VAL vldb COL year VAL 2003"
2103,querying the internet with pier,"r huebsch , j hellerstein , n lanham , b loo , s shenker , i stoica",vldb,2003,"COL title VAL querying the internet with pier COL authors VAL r huebsch , j hellerstein , n lanham , b loo , s shenker , i stoica COL venue VAL vldb COL year VAL 2003"
2104,mapping adaptation under evolving schemas,"y velegrakis , r miller , l popa",vldb,2003,"COL title VAL mapping adaptation under evolving schemas COL authors VAL y velegrakis , r miller , l popa COL venue VAL vldb COL year VAL 2003"
2105,locking protocols for materialized aggregate join views,"g luo , j naughton , c ellmann , m watzke",vldb,2003,"COL title VAL locking protocols for materialized aggregate join views COL authors VAL g luo , j naughton , c ellmann , m watzke COL venue VAL vldb COL year VAL 2003"
2106,"adaptive , hands-off stream mining","s papadimitriou , a brockwell , c faloutsos",vldb,2003,"COL title VAL adaptive , hands-off stream mining COL authors VAL s papadimitriou , a brockwell , c faloutsos COL venue VAL vldb COL year VAL 2003"
2107,composing mappings among data sources,"j madhavan , a halevy",vldb,2003,"COL title VAL composing mappings among data sources COL authors VAL j madhavan , a halevy COL venue VAL vldb COL year VAL 2003"
2108,temporal slicing in the evaluation of xml queries,"d gao , r snodgrass",vldb,2003,"COL title VAL temporal slicing in the evaluation of xml queries COL authors VAL d gao , r snodgrass COL venue VAL vldb COL year VAL 2003"
2109,the generalized pre-grouping transformation : aggregate-query optimization in the presence of dependencies,"a tsois , t sellis",vldb,2003,"COL title VAL the generalized pre-grouping transformation : aggregate-query optimization in the presence of dependencies COL authors VAL a tsois , t sellis COL venue VAL vldb COL year VAL 2003"
2110,supporting frequent updates in r-trees : a bottom-up approach,"m lee , w hsu , c jensen , b cui , k teo",vldb,2003,"COL title VAL supporting frequent updates in r-trees : a bottom-up approach COL authors VAL m lee , w hsu , c jensen , b cui , k teo COL venue VAL vldb COL year VAL 2003"
2111,the nd-tree : a dynamic indexing technique for multidimensional non-ordered discrete data spaces,"g qian , q zhu , q xue , s pramanik",vldb,2003,"COL title VAL the nd-tree : a dynamic indexing technique for multidimensional non-ordered discrete data spaces COL authors VAL g qian , q zhu , q xue , s pramanik COL venue VAL vldb COL year VAL 2003"
2112,coarse-grained optimization : techniques for rewriting sql statement sequences,"t kraft , h schwarz , r rantzau , b mitschang",vldb,2003,"COL title VAL coarse-grained optimization : techniques for rewriting sql statement sequences COL authors VAL t kraft , h schwarz , r rantzau , b mitschang COL venue VAL vldb COL year VAL 2003"
2113,processing sliding window multi-joins in continuous queries over data streams,"l golab , m жzsu",vldb,2003,"COL title VAL processing sliding window multi-joins in continuous queries over data streams COL authors VAL l golab , m жzsu COL venue VAL vldb COL year VAL 2003"
2114,finding hierarchical heavy hitters in data streams,"g cormode , f korn , s muthukrishnan , d srivastava",vldb,2003,"COL title VAL finding hierarchical heavy hitters in data streams COL authors VAL g cormode , f korn , s muthukrishnan , d srivastava COL venue VAL vldb COL year VAL 2003"
2115,star-cubing : computing iceberg cubes by top-down and bottom-up integration,"d xin , j han , x li , b wah",vldb,2003,"COL title VAL star-cubing : computing iceberg cubes by top-down and bottom-up integration COL authors VAL d xin , j han , x li , b wah COL venue VAL vldb COL year VAL 2003"
2116,checks and balances : monitoring data quality problems in network traffic databases,"f korn , s muthukrishnan , y zhu",vldb,2003,"COL title VAL checks and balances : monitoring data quality problems in network traffic databases COL authors VAL f korn , s muthukrishnan , y zhu COL venue VAL vldb COL year VAL 2003"
2117,systematic development of data mining-based data quality tools,"d lќbbers , u grimmer , m jarke",vldb,2003,"COL title VAL systematic development of data mining-based data quality tools COL authors VAL d lќbbers , u grimmer , m jarke COL venue VAL vldb COL year VAL 2003"
2118,continuous k-nearest neighbor queries for continuously moving points with updates,"g iwerks , h samet , k smith",vldb,2003,"COL title VAL continuous k-nearest neighbor queries for continuously moving points with updates COL authors VAL g iwerks , h samet , k smith COL venue VAL vldb COL year VAL 2003"
2119,staircase join : teach a relational dbms to watch its ( axis ) steps,"t grust , m keulen , j teubner",vldb,2003,"COL title VAL staircase join : teach a relational dbms to watch its ( axis ) steps COL authors VAL t grust , m keulen , j teubner COL venue VAL vldb COL year VAL 2003"
2120,an almost-serial protocol for transaction execution in main-memory database systems,"s blott , h korth",vldb,2002,"COL title VAL an almost-serial protocol for transaction execution in main-memory database systems COL authors VAL s blott , h korth COL venue VAL vldb COL year VAL 2002"
2121,lightweight flexible isolation for language-based extensible systems,"l daynшs , g czajkowski",vldb,2002,"COL title VAL lightweight flexible isolation for language-based extensible systems COL authors VAL l daynшs , g czajkowski COL venue VAL vldb COL year VAL 2002"
2122,processing star queries on hierarchically-clustered fact tables,"n karayannidis , a tsois , t sellis , r pieringer , v markl , f ramsak , r fenk , k elhardt , r bayer",vldb,2002,"COL title VAL processing star queries on hierarchically-clustered fact tables COL authors VAL n karayannidis , a tsois , t sellis , r pieringer , v markl , f ramsak , r fenk , k elhardt , r bayer COL venue VAL vldb COL year VAL 2002"
2123,exploiting versions for on-line data warehouse maintenance in molap servers,"h kang , c chung",vldb,2002,"COL title VAL exploiting versions for on-line data warehouse maintenance in molap servers COL authors VAL h kang , c chung COL venue VAL vldb COL year VAL 2002"
2124,protdb : probabilistic data in xml,"a nierman , h jagadish",vldb,2002,"COL title VAL protdb : probabilistic data in xml COL authors VAL a nierman , h jagadish COL venue VAL vldb COL year VAL 2002"
2125,discover : keyword search in relational databases,"v hristidis , y papakonstantinou",vldb,2002,"COL title VAL discover : keyword search in relational databases COL authors VAL v hristidis , y papakonstantinou COL venue VAL vldb COL year VAL 2002"
2126,maintaining data privacy in association rule mining,"s rizvi , j haritsa",vldb,2002,"COL title VAL maintaining data privacy in association rule mining COL authors VAL s rizvi , j haritsa COL venue VAL vldb COL year VAL 2002"
2127,a logical framework for scheduling workflows under resource allocation constraints,"p senkul , m kifer , i toroslu",vldb,2002,"COL title VAL a logical framework for scheduling workflows under resource allocation constraints COL authors VAL p senkul , m kifer , i toroslu COL venue VAL vldb COL year VAL 2002"
2128,incremental maintenance for non-distributive aggregate functions,"t palpanas , r sidle , r cochrane , h pirahesh",vldb,2002,"COL title VAL incremental maintenance for non-distributive aggregate functions COL authors VAL t palpanas , r sidle , r cochrane , h pirahesh COL venue VAL vldb COL year VAL 2002"
2129,reverse nearest neighbor aggregates over data streams,"f korn , s muthukrishnan , d srivastava",vldb,2002,"COL title VAL reverse nearest neighbor aggregates over data streams COL authors VAL f korn , s muthukrishnan , d srivastava COL venue VAL vldb COL year VAL 2002"
2130,tree pattern aggregation for scalable xml data dissemination,"c chan , w fan , p felber , m garofalakis , r rastogi",vldb,2002,"COL title VAL tree pattern aggregation for scalable xml data dissemination COL authors VAL c chan , w fan , p felber , m garofalakis , r rastogi COL venue VAL vldb COL year VAL 2002"
2131,dtd-directed publishing with attribute translation grammars,"m benedikt , c chan , w fan , r rastogi , s zheng , a zhou",vldb,2002,"COL title VAL dtd-directed publishing with attribute translation grammars COL authors VAL m benedikt , c chan , w fan , r rastogi , s zheng , a zhou COL venue VAL vldb COL year VAL 2002"
2132,fas - a freshness-sensitive coordination middleware for a cluster of olap components,"u rіhm , k bіhm , h schek , h schuldt",vldb,2002,"COL title VAL fas - a freshness-sensitive coordination middleware for a cluster of olap components COL authors VAL u rіhm , k bіhm , h schek , h schuldt COL venue VAL vldb COL year VAL 2002"
2133,the generalized mdl approach for summarization,"l lakshmanan , r ng , c wang , x zhou , t johnson",vldb,2002,"COL title VAL the generalized mdl approach for summarization COL authors VAL l lakshmanan , r ng , c wang , x zhou , t johnson COL venue VAL vldb COL year VAL 2002"
2134,quotient cube : how to summarize the semantics of a data cube,"l lakshmanan , j pei , j han",vldb,2002,"COL title VAL quotient cube : how to summarize the semantics of a data cube COL authors VAL l lakshmanan , j pei , j han COL venue VAL vldb COL year VAL 2002"
2135,a one-pass aggregation algorithm with the optimal buffer size in multidimensional olap,"y lee , k whang , y moon , i song",vldb,2002,"COL title VAL a one-pass aggregation algorithm with the optimal buffer size in multidimensional olap COL authors VAL y lee , k whang , y moon , i song COL venue VAL vldb COL year VAL 2002"
2136,experience report : exploiting advanced database optimization features for large-scale sap r/3 installations,"b zeller , a kemper",vldb,2002,"COL title VAL experience report : exploiting advanced database optimization features for large-scale sap r/3 installations COL authors VAL b zeller , a kemper COL venue VAL vldb COL year VAL 2002"
2137,"gnatdb : a small-footprint , secure database system",r vingralek,vldb,2002,"COL title VAL gnatdb : a small-footprint , secure database system COL authors VAL r vingralek COL venue VAL vldb COL year VAL 2002"
2138,a new passenger support system for public transport using mobile database access,"k goto , y kambayashi",vldb,2002,"COL title VAL a new passenger support system for public transport using mobile database access COL authors VAL k goto , y kambayashi COL venue VAL vldb COL year VAL 2002"
2139,information integration and xml in ibm 's db2,p selinger,vldb,2002,COL title VAL information integration and xml in ibm 's db2 COL authors VAL p selinger COL venue VAL vldb COL year VAL 2002
2140,toward recovery-oriented computing,a fox,vldb,2002,COL title VAL toward recovery-oriented computing COL authors VAL a fox COL venue VAL vldb COL year VAL 2002
2141,a multi-version cache replacement and prefetching policy for hybrid data delivery environments,"a seifert , m scholl",vldb,2002,"COL title VAL a multi-version cache replacement and prefetching policy for hybrid data delivery environments COL authors VAL a seifert , m scholl COL venue VAL vldb COL year VAL 2002"
2142,business process cockpit,"m sayal , f casati , u dayal , m shan",vldb,2002,"COL title VAL business process cockpit COL authors VAL m sayal , f casati , u dayal , m shan COL venue VAL vldb COL year VAL 2002"
2143,smart : making db2 ( more ) autonomic,"g lohman , s lightstone",vldb,2002,"COL title VAL smart : making db2 ( more ) autonomic COL authors VAL g lohman , s lightstone COL venue VAL vldb COL year VAL 2002"
2144,xmark : a benchmark for xml data management,"a schmidt , f waas , m kersten , m carey , i manolescu , r busse",vldb,2002,"COL title VAL xmark : a benchmark for xml data management COL authors VAL a schmidt , f waas , m kersten , m carey , i manolescu , r busse COL venue VAL vldb COL year VAL 2002"
2145,sql memory management in oracle9i,"b dageville , m zaяt",vldb,2002,"COL title VAL sql memory management in oracle9i COL authors VAL b dageville , m zaяt COL venue VAL vldb COL year VAL 2002"
2146,"preference sql - design , implementation , experiences","w kieпling , g kіstler",vldb,2002,"COL title VAL preference sql - design , implementation , experiences COL authors VAL w kieпling , g kіstler COL venue VAL vldb COL year VAL 2002"
2147,the denodo data integration platform,"a pan , j raposo , m сlvarez , p montoto , v orjales , j hidalgo , l ardao , a molano , с viёa",vldb,2002,"COL title VAL the denodo data integration platform COL authors VAL a pan , j raposo , m сlvarez , p montoto , v orjales , j hidalgo , l ardao , a molano , с viёa COL venue VAL vldb COL year VAL 2002"
2148,"the grna : a highly programmable infrastructure for prototyping , developing and deploying genomics-centric applications","a laud , s bhowmick , p cruz , d singh , g rajesh",vldb,2002,"COL title VAL the grna : a highly programmable infrastructure for prototyping , developing and deploying genomics-centric applications COL authors VAL a laud , s bhowmick , p cruz , d singh , g rajesh COL venue VAL vldb COL year VAL 2002"
2149,obk - an online high energy physics ' meta-data repository,"i alexandrov , a amorim , e badescu , m barczyk , d burckhart-chromek , m caprini , m dobson , j flammer , r hart , r jones , a kazarov , s kolos , v kotov , d liko , l lucio , l mapelli , m mineev , l moneta , i papadopoulos , m nassiakou , n parrington , l pedro , a ribeiro ,",vldb,2002,"COL title VAL obk - an online high energy physics ' meta-data repository COL authors VAL i alexandrov , a amorim , e badescu , m barczyk , d burckhart-chromek , m caprini , m dobson , j flammer , r hart , r jones , a kazarov , s kolos , v kotov , d liko , l lucio , l mapelli , m mineev , l moneta , i papadopoulos , m nassiakou , n parrington , l pedro , a ribeiro , COL venue VAL vldb COL year VAL 2002"
2150,joining ranked inputs in practice,"i ilyas , w aref , a elmagarmid",vldb,2002,"COL title VAL joining ranked inputs in practice COL authors VAL i ilyas , w aref , a elmagarmid COL venue VAL vldb COL year VAL 2002"
2151,an efficient method for performing record deletions and updates using index scans,c mohan,vldb,2002,COL title VAL an efficient method for performing record deletions and updates using index scans COL authors VAL c mohan COL venue VAL vldb COL year VAL 2002
2152,serviceglobe : distributing e-services across the internet,"m keidl , s seltzsam , k stocker , a kemper",vldb,2002,"COL title VAL serviceglobe : distributing e-services across the internet COL authors VAL m keidl , s seltzsam , k stocker , a kemper COL venue VAL vldb COL year VAL 2002"
2153,self-serv : a platform for rapid composition of web services in a peer-to-peer environment,"q sheng , b benatallah , m dumas , e mak",vldb,2002,"COL title VAL self-serv : a platform for rapid composition of web services in a peer-to-peer environment COL authors VAL q sheng , b benatallah , m dumas , e mak COL venue VAL vldb COL year VAL 2002"
2154,an automated system for web portal personalization,"c aggarwal , p yu",vldb,2002,"COL title VAL an automated system for web portal personalization COL authors VAL c aggarwal , p yu COL venue VAL vldb COL year VAL 2002"
2155,eos : exactly-once e-service middleware,"g shegalov , g weikum , r barga , d lomet",vldb,2002,"COL title VAL eos : exactly-once e-service middleware COL authors VAL g shegalov , g weikum , r barga , d lomet COL venue VAL vldb COL year VAL 2002"
2156,experiments on query expansion for internet yellow page services using web log mining,"y ohura , k takahashi , i pramudiono , m kitsuregawa",vldb,2002,"COL title VAL experiments on query expansion for internet yellow page services using web log mining COL authors VAL y ohura , k takahashi , i pramudiono , m kitsuregawa COL venue VAL vldb COL year VAL 2002"
2157,issues and evaluations of caching solutions for web application acceleration,"w li , w hsiung , d kalashnikov , r sion , o po , d agrawal , k candan",vldb,2002,"COL title VAL issues and evaluations of caching solutions for web application acceleration COL authors VAL w li , w hsiung , d kalashnikov , r sion , o po , d agrawal , k candan COL venue VAL vldb COL year VAL 2002"
2158,the rubicon of smart data,r king,vldb,2002,COL title VAL the rubicon of smart data COL authors VAL r king COL venue VAL vldb COL year VAL 2002
2159,information management challenges from the aerospace industry,s sripada,vldb,2002,COL title VAL information management challenges from the aerospace industry COL authors VAL s sripada COL venue VAL vldb COL year VAL 2002
2160,extending an ordbms : the statemachine module,"w mahnke , c mathis , h steiert",vldb,2002,"COL title VAL extending an ordbms : the statemachine module COL authors VAL w mahnke , c mathis , h steiert COL venue VAL vldb COL year VAL 2002"
2161,banks : browsing and keyword searching in relational databases,"b aditya , g bhalotia , s chakrabarti , a hulgeri , c nakhe , p parag , s sudarshan",vldb,2002,"COL title VAL banks : browsing and keyword searching in relational databases COL authors VAL b aditya , g bhalotia , s chakrabarti , a hulgeri , c nakhe , p parag , s sudarshan COL venue VAL vldb COL year VAL 2002"
2162,profiling and internet connectivity in automotive environments,"m cilia , p hasselmayer , a buchmann",vldb,2002,"COL title VAL profiling and internet connectivity in automotive environments COL authors VAL m cilia , p hasselmayer , a buchmann COL venue VAL vldb COL year VAL 2002"
2163,gembase : a geometric mediator for brain analysis with surface ensembles,"s santini , a gupta",vldb,2002,"COL title VAL gembase : a geometric mediator for brain analysis with surface ensembles COL authors VAL s santini , a gupta COL venue VAL vldb COL year VAL 2002"
2164,rtmonitor : real-time data monitoring using mobile agent technologies,"k lam , a kwan , k ramamritham",vldb,2002,"COL title VAL rtmonitor : real-time data monitoring using mobile agent technologies COL authors VAL k lam , a kwan , k ramamritham COL venue VAL vldb COL year VAL 2002"
2165,viator - a tool family for graphical networking and data view creation,"s heymann , k tham , a kilian , g wegner , p rieger , d merkel , j freytag",vldb,2002,"COL title VAL viator - a tool family for graphical networking and data view creation COL authors VAL s heymann , k tham , a kilian , g wegner , p rieger , d merkel , j freytag COL venue VAL vldb COL year VAL 2002"
2166,database technologies for electronic commerce,"r agrawal , r srikant , y xu",vldb,2002,"COL title VAL database technologies for electronic commerce COL authors VAL r agrawal , r srikant , y xu COL venue VAL vldb COL year VAL 2002"
2167,advanced database technologies in a diabetic healthcare system,"w hsu , m lee , b ooi , p mohanty , k teo , c xia",vldb,2002,"COL title VAL advanced database technologies in a diabetic healthcare system COL authors VAL w hsu , m lee , b ooi , p mohanty , k teo , c xia COL venue VAL vldb COL year VAL 2002"
2168,caching technologies for web applications,c mohan,vldb,2001,COL title VAL caching technologies for web applications COL authors VAL c mohan COL venue VAL vldb COL year VAL 2001
2169,approximate query processing : taming the terabytes,"m garofalakis , p gibbons",vldb,2001,"COL title VAL approximate query processing : taming the terabytes COL authors VAL m garofalakis , p gibbons COL venue VAL vldb COL year VAL 2001"
2170,a-topss - a publish/subscribe system supporting approximate matching,"h liu , h jacobsen",vldb,2002,"COL title VAL a-topss - a publish/subscribe system supporting approximate matching COL authors VAL h liu , h jacobsen COL venue VAL vldb COL year VAL 2002"
2171,alias : an active learning led interactive deduplication system,"s sarawagi , a bhamidipaty , a kirpal , c mouli",vldb,2002,"COL title VAL alias : an active learning led interactive deduplication system COL authors VAL s sarawagi , a bhamidipaty , a kirpal , c mouli COL venue VAL vldb COL year VAL 2002"
2172,champagne : data change propagation for heterogeneous information systems,"r rantzau , c constantinescu , u heinkel , h meinecke",vldb,2002,"COL title VAL champagne : data change propagation for heterogeneous information systems COL authors VAL r rantzau , c constantinescu , u heinkel , h meinecke COL venue VAL vldb COL year VAL 2002"
2173,entrans : a system for flexible consistency maintenance in directory applications,"a herlekar , a deopujari , k ramamritham , s gopale , s shukla",vldb,2002,"COL title VAL entrans : a system for flexible consistency maintenance in directory applications COL authors VAL a herlekar , a deopujari , k ramamritham , s gopale , s shukla COL venue VAL vldb COL year VAL 2002"
2174,legodb : customizing relational storage for xml documents,"p bohannon , j freire , j haritsa , m ramanath , p roy , j simщon",vldb,2002,"COL title VAL legodb : customizing relational storage for xml documents COL authors VAL p bohannon , j freire , j haritsa , m ramanath , p roy , j simщon COL venue VAL vldb COL year VAL 2002"
2175,active xml : peer-to-peer data and web services integration,"s abiteboul , o benjelloun , i manolescu , t milo , r weber",vldb,2002,"COL title VAL active xml : peer-to-peer data and web services integration COL authors VAL s abiteboul , o benjelloun , i manolescu , t milo , r weber COL venue VAL vldb COL year VAL 2002"
2176,crawling the hidden web,"s raghavan , h garcia-molina",vldb,2001,"COL title VAL crawling the hidden web COL authors VAL s raghavan , h garcia-molina COL venue VAL vldb COL year VAL 2001"
2177,discovery of influence sets in frequently updated databases,"i stanoi , m riedewald , d agrawal , a abbadi",vldb,2001,"COL title VAL discovery of influence sets in frequently updated databases COL authors VAL i stanoi , m riedewald , d agrawal , a abbadi COL venue VAL vldb COL year VAL 2001"
2178,analyzing quantitative databases : image is everything,"a amir , r kashi , n netanyahu",vldb,2001,"COL title VAL analyzing quantitative databases : image is everything COL authors VAL a amir , r kashi , n netanyahu COL venue VAL vldb COL year VAL 2001"
2179,a formal perspective on the view selection problem,"r chirkova , a halevy , d suciu",vldb,2001,"COL title VAL a formal perspective on the view selection problem COL authors VAL r chirkova , a halevy , d suciu COL venue VAL vldb COL year VAL 2001"
2180,generic schema matching with cupid,"j madhavan , p bernstein , e rahm",vldb,2001,"COL title VAL generic schema matching with cupid COL authors VAL j madhavan , p bernstein , e rahm COL venue VAL vldb COL year VAL 2001"
2181,"et tu , xml ? the downfall of the relational empire ( abstract )",p wadler,vldb,2001,"COL title VAL et tu , xml ? the downfall of the relational empire ( abstract ) COL authors VAL p wadler COL venue VAL vldb COL year VAL 2001"
2182,"business process coordination : state of the art , trends , and open issues","u dayal , m hsu , r ladin",vldb,2001,"COL title VAL business process coordination : state of the art , trends , and open issues COL authors VAL u dayal , m hsu , r ladin COL venue VAL vldb COL year VAL 2001"
2183,data management for pervasive computing,"m cherniack , m franklin , s zdonik",vldb,2001,"COL title VAL data management for pervasive computing COL authors VAL m cherniack , m franklin , s zdonik COL venue VAL vldb COL year VAL 2001"
2184,data stream query processing : a tutorial,,,2003,COL title VAL data stream query processing : a tutorial COL authors VAL  COL venue VAL  COL year VAL 2003
2185,grid data management systems & services,,,2003,COL title VAL grid data management systems & services COL authors VAL  COL venue VAL  COL year VAL 2003
2186,"constructing and integrating data-centric web applications : methods , tools , and techniques",,,2003,"COL title VAL constructing and integrating data-centric web applications : methods , tools , and techniques COL authors VAL  COL venue VAL  COL year VAL 2003"
2187,"database tuning : principles , experiments , and troubleshooting techniques","d shasha , p bonnet",vldb,2002,"COL title VAL database tuning : principles , experiments , and troubleshooting techniques COL authors VAL d shasha , p bonnet COL venue VAL vldb COL year VAL 2002"
2188,efficient algorithms for processing xpath queries,"g gottlob , c koch , r pichler",vldb,2002,"COL title VAL efficient algorithms for processing xpath queries COL authors VAL g gottlob , c koch , r pichler COL venue VAL vldb COL year VAL 2002"
2189,comparing data streams using hamming norms ( how to zero in ),"g cormode , m datar , p indyk , s muthukrishnan",vldb,2002,"COL title VAL comparing data streams using hamming norms ( how to zero in ) COL authors VAL g cormode , m datar , p indyk , s muthukrishnan COL venue VAL vldb COL year VAL 2002"
2190,a case for fractured mirrors,"r ramamurthy , d dewitt , q su",vldb,2002,"COL title VAL a case for fractured mirrors COL authors VAL r ramamurthy , d dewitt , q su COL venue VAL vldb COL year VAL 2002"
2191,fast and accurate text classification via multiple linear discriminant projections,"s chakrabarti , s roy , m soundalgekar",vldb,2002,"COL title VAL fast and accurate text classification via multiple linear discriminant projections COL authors VAL s chakrabarti , s roy , m soundalgekar COL venue VAL vldb COL year VAL 2002"
2192,ebusiness standards and architectures,,,2002,COL title VAL ebusiness standards and architectures COL authors VAL  COL venue VAL  COL year VAL 2002
2193,querying and mining data streams : you only get one look,,,2002,COL title VAL querying and mining data streams : you only get one look COL authors VAL  COL venue VAL  COL year VAL 2002
2194,application servers and associated technologies,,,2002,COL title VAL application servers and associated technologies COL authors VAL  COL venue VAL  COL year VAL 2002
2195,automation in information extraction and data integration,,,2002,COL title VAL automation in information extraction and data integration COL authors VAL  COL venue VAL  COL year VAL 2002
2196,searching and mining fine-grained semi-structured data,,,2002,COL title VAL searching and mining fine-grained semi-structured data COL authors VAL  COL venue VAL  COL year VAL 2002
2197,sensor data mining : similarity search and pattern analysis,,,2002,COL title VAL sensor data mining : similarity search and pattern analysis COL authors VAL  COL venue VAL  COL year VAL 2002
2198,"wireless graffiti - data , data everywhere matters","t imielinski , b badrinath",vldb,2002,"COL title VAL wireless graffiti - data , data everywhere matters COL authors VAL t imielinski , b badrinath COL venue VAL vldb COL year VAL 2002"
2199,self-tuning database technology and information services : from wishful thinking to viable engineering,"g weikum , a mіnkeberg , c hasse , p zabback",vldb,2002,"COL title VAL self-tuning database technology and information services : from wishful thinking to viable engineering COL authors VAL g weikum , a mіnkeberg , c hasse , p zabback COL venue VAL vldb COL year VAL 2002"
2200,adaptable similarity search using non-relevant information,"t ashwin , r gupta , s ghosal",vldb,2002,"COL title VAL adaptable similarity search using non-relevant information COL authors VAL t ashwin , r gupta , s ghosal COL venue VAL vldb COL year VAL 2002"
2201,referee : an open framework for practical testing of recommender systems using researchindex,"d cosley , s lawrence , d pennock",vldb,2002,"COL title VAL referee : an open framework for practical testing of recommender systems using researchindex COL authors VAL d cosley , s lawrence , d pennock COL venue VAL vldb COL year VAL 2002"
2202,database selection using actual physical and acquired logical collection resources in a massive domain-specific operational environment,"j conrad , x guo , p jackson , m meziou",vldb,2002,"COL title VAL database selection using actual physical and acquired logical collection resources in a massive domain-specific operational environment COL authors VAL j conrad , x guo , p jackson , m meziou COL venue VAL vldb COL year VAL 2002"
2203,sideway value algebra for object-relational databases,"g жzsoyoglu , a al-hamdani , i altingіvde , s жzel , ж ulusoy , z жzsoyoglu",vldb,2002,"COL title VAL sideway value algebra for object-relational databases COL authors VAL g жzsoyoglu , a al-hamdani , i altingіvde , s жzel , ж ulusoy , z жzsoyoglu COL venue VAL vldb COL year VAL 2002"
2204,incorporating xsl processing into database engines,g moerkotte,vldb,2002,COL title VAL incorporating xsl processing into database engines COL authors VAL g moerkotte COL venue VAL vldb COL year VAL 2002
2205,structural function inlining technique for structurally recursive xml queries,"c park , j min , c chung",vldb,2002,"COL title VAL structural function inlining technique for structurally recursive xml queries COL authors VAL c park , j min , c chung COL venue VAL vldb COL year VAL 2002"
2206,chip-secured data access : confidential data on untrusted servers,"l bouganim , p pucheral",vldb,2002,"COL title VAL chip-secured data access : confidential data on untrusted servers COL authors VAL l bouganim , p pucheral COL venue VAL vldb COL year VAL 2002"
2207,optimizing view queries in rolex to support navigable result trees,"p bohannon , s ganguly , h korth , p narayan , p shenoy",vldb,2002,"COL title VAL optimizing view queries in rolex to support navigable result trees COL authors VAL p bohannon , s ganguly , h korth , p narayan , p shenoy COL venue VAL vldb COL year VAL 2002"
2208,watermarking relational databases,"r agrawal , j kiernan",vldb,2002,"COL title VAL watermarking relational databases COL authors VAL r agrawal , j kiernan COL venue VAL vldb COL year VAL 2002"
2209,hippocratic databases,"r agrawal , j kiernan , r srikant , y xu",vldb,2002,"COL title VAL hippocratic databases COL authors VAL r agrawal , j kiernan , r srikant , y xu COL venue VAL vldb COL year VAL 2002"
2210,plan selection based on query clustering,"a ghosh , j parikh , v sengar , j haritsa",vldb,2002,"COL title VAL plan selection based on query clustering COL authors VAL a ghosh , j parikh , v sengar , j haritsa COL venue VAL vldb COL year VAL 2002"
2211,parametric query optimization for linear and piecewise linear cost functions,"a hulgeri , s sudarshan",vldb,2002,"COL title VAL parametric query optimization for linear and piecewise linear cost functions COL authors VAL a hulgeri , s sudarshan COL venue VAL vldb COL year VAL 2002"
2212,streaming queries over streaming data,"s chandrasekaran , m franklin",vldb,2002,"COL title VAL streaming queries over streaming data COL authors VAL s chandrasekaran , m franklin COL venue VAL vldb COL year VAL 2002"
2213,generic database cost models for hierarchical memory systems,"s manegold , p boncz , m kersten",vldb,2002,"COL title VAL generic database cost models for hierarchical memory systems COL authors VAL s manegold , p boncz , m kersten COL venue VAL vldb COL year VAL 2002"
2214,a transducer-based xml query processor,"b ludфscher , p mukhopadhyay , y papakonstantinou",vldb,2002,"COL title VAL a transducer-based xml query processor COL authors VAL b ludфscher , p mukhopadhyay , y papakonstantinou COL venue VAL vldb COL year VAL 2002"
2215,monitoring streams - a new class of data management applications,"d carney , u чetintemel , m cherniack , c convey , s lee , g seidman , m stonebraker , n tatbul , s zdonik",vldb,2002,"COL title VAL monitoring streams - a new class of data management applications COL authors VAL d carney , u чetintemel , m cherniack , c convey , s lee , g seidman , m stonebraker , n tatbul , s zdonik COL venue VAL vldb COL year VAL 2002"
2216,re-tree : an efficient index structure for regular expressions,"c chan , m garofalakis , r rastogi",vldb,2002,"COL title VAL re-tree : an efficient index structure for regular expressions COL authors VAL c chan , m garofalakis , r rastogi COL venue VAL vldb COL year VAL 2002"
2217,shooting stars in the sky : an online algorithm for skyline queries,"d kossmann , f ramsak , s rost",vldb,2002,"COL title VAL shooting stars in the sky : an online algorithm for skyline queries COL authors VAL d kossmann , f ramsak , s rost COL venue VAL vldb COL year VAL 2002"
2218,updates for structure indexes,"r kaushik , p bohannon , j naughton , p shenoy",vldb,2002,"COL title VAL updates for structure indexes COL authors VAL r kaushik , p bohannon , j naughton , p shenoy COL venue VAL vldb COL year VAL 2002"
2219,efficient structural joins on indexed xml documents,"s chien , z vagena , d zhang , v tsotras , c zaniolo",vldb,2002,"COL title VAL efficient structural joins on indexed xml documents COL authors VAL s chien , z vagena , d zhang , v tsotras , c zaniolo COL venue VAL vldb COL year VAL 2002"
2220,foundations of preferences in database systems,w kieпling,vldb,2002,COL title VAL foundations of preferences in database systems COL authors VAL w kieпling COL venue VAL vldb COL year VAL 2002
2221,multi-dimensional regression analysis of time-series data streams,"y chen , g dong , j han , b wah , j wang",vldb,2002,"COL title VAL multi-dimensional regression analysis of time-series data streams COL authors VAL y chen , g dong , j han , b wah , j wang COL venue VAL vldb COL year VAL 2002"
2222,continuous nearest neighbor search,"y tao , d papadias , q shen",vldb,2002,"COL title VAL continuous nearest neighbor search COL authors VAL y tao , d papadias , q shen COL venue VAL vldb COL year VAL 2002"
2223,progressive merge join : a generic and non-blocking sort-based join algorithm,"j dittrich , b seeger , d taylor , p widmayer",vldb,2002,"COL title VAL progressive merge join : a generic and non-blocking sort-based join algorithm COL authors VAL j dittrich , b seeger , d taylor , p widmayer COL venue VAL vldb COL year VAL 2002"
2224,optimizing result prefetching in web search engines with segmented indices,"r lempel , s moran",vldb,2002,"COL title VAL optimizing result prefetching in web search engines with segmented indices COL authors VAL r lempel , s moran COL venue VAL vldb COL year VAL 2002"
2225,i/o-conscious data preparation for large-scale web search engines,"m lifantsev , t chiueh",vldb,2002,"COL title VAL i/o-conscious data preparation for large-scale web search engines COL authors VAL m lifantsev , t chiueh COL venue VAL vldb COL year VAL 2002"
2226,approximate frequency counts over data streams,"g manku , r motwani",vldb,2002,"COL title VAL approximate frequency counts over data streams COL authors VAL g manku , r motwani COL venue VAL vldb COL year VAL 2002"
2227,statstream : statistical monitoring of thousands of data streams in real time,"y zhu , d shasha",vldb,2002,"COL title VAL statstream : statistical monitoring of thousands of data streams in real time COL authors VAL y zhu , d shasha COL venue VAL vldb COL year VAL 2002"
2228,adaptive index structures,"y tao , d papadias",vldb,2002,"COL title VAL adaptive index structures COL authors VAL y tao , d papadias COL venue VAL vldb COL year VAL 2002"
2229,xpathlearner : an on-line self-tuning markov histogram for xml path selectivity estimation,"l lim , m wang , s padmanabhan , j vitter , r parr",vldb,2002,"COL title VAL xpathlearner : an on-line self-tuning markov histogram for xml path selectivity estimation COL authors VAL l lim , m wang , s padmanabhan , j vitter , r parr COL venue VAL vldb COL year VAL 2002"
2230,distributed search over the hidden web : hierarchical database sampling and selection,"p ipeirotis , l gravano",vldb,2002,"COL title VAL distributed search over the hidden web : hierarchical database sampling and selection COL authors VAL p ipeirotis , l gravano COL venue VAL vldb COL year VAL 2002"
2231,exact indexing of dynamic time warping,e keogh,vldb,2002,COL title VAL exact indexing of dynamic time warping COL authors VAL e keogh COL venue VAL vldb COL year VAL 2002
2232,optimizing the secure evaluation of twig queries,"s cho , s amer-yahia , l lakshmanan , d srivastava",vldb,2002,"COL title VAL optimizing the secure evaluation of twig queries COL authors VAL s cho , s amer-yahia , l lakshmanan , d srivastava COL venue VAL vldb COL year VAL 2002"
2233,compressed accessibility map : efficient access control for xml,"t yu , d srivastava , l lakshmanan , h jagadish",vldb,2002,"COL title VAL compressed accessibility map : efficient access control for xml COL authors VAL t yu , d srivastava , l lakshmanan , h jagadish COL venue VAL vldb COL year VAL 2002"
2234,structure and value synopses for xml data graphs,"n polyzotis , m garofalakis",vldb,2002,"COL title VAL structure and value synopses for xml data graphs COL authors VAL n polyzotis , m garofalakis COL venue VAL vldb COL year VAL 2002"
2235,how to summarize the universe : dynamic maintenance of quantiles,"a gilbert , y kotidis , s muthukrishnan , m strauss",vldb,2002,"COL title VAL how to summarize the universe : dynamic maintenance of quantiles COL authors VAL a gilbert , y kotidis , s muthukrishnan , m strauss COL venue VAL vldb COL year VAL 2002"
2236,a bandwidth model for internet search,a uhl,vldb,2002,COL title VAL a bandwidth model for internet search COL authors VAL a uhl COL venue VAL vldb COL year VAL 2002
2237,maintaining coherency of dynamic data in cooperating repositories,"s shah , k ramamritham , p shenoy",vldb,2002,"COL title VAL maintaining coherency of dynamic data in cooperating repositories COL authors VAL s shah , k ramamritham , p shenoy COL venue VAL vldb COL year VAL 2002"
2238,effective change detection using sampling,"j cho , a ntoulas",vldb,2002,"COL title VAL effective change detection using sampling COL authors VAL j cho , a ntoulas COL venue VAL vldb COL year VAL 2002"
2239,provisions and obligations in policy management and security applications,"c bettini , s jajodia , x wang , d wijesekera",vldb,2002,"COL title VAL provisions and obligations in policy management and security applications COL authors VAL c bettini , s jajodia , x wang , d wijesekera COL venue VAL vldb COL year VAL 2002"
2240,eliminating fuzzy duplicates in data warehouses,"r ananthakrishna , s chaudhuri , v ganti",vldb,2002,"COL title VAL eliminating fuzzy duplicates in data warehouses COL authors VAL r ananthakrishna , s chaudhuri , v ganti COL venue VAL vldb COL year VAL 2002"
2241,improving data access of j2ee applications by exploiting asynchronous messaging and caching services,"s kounev , a buchmann",vldb,2002,"COL title VAL improving data access of j2ee applications by exploiting asynchronous messaging and caching services COL authors VAL s kounev , a buchmann COL venue VAL vldb COL year VAL 2002"
2242,view invalidation for dynamic content caching in multitiered architectures,"k candan , d agrawal , w li , o po , w hsiung",vldb,2002,"COL title VAL view invalidation for dynamic content caching in multitiered architectures COL authors VAL k candan , d agrawal , w li , o po , w hsiung COL venue VAL vldb COL year VAL 2002"
2243,using latency-recency profiles for data delivery on the web,"l bright , l raschid",vldb,2002,"COL title VAL using latency-recency profiles for data delivery on the web COL authors VAL l bright , l raschid COL venue VAL vldb COL year VAL 2002"
2244,searching on the secondary structure of protein sequences,"l hammel , j patel",vldb,2002,"COL title VAL searching on the secondary structure of protein sequences COL authors VAL l hammel , j patel COL venue VAL vldb COL year VAL 2002"
2245,efficient exploration of large scientific databases,"e stolte , g alonso",vldb,2002,"COL title VAL efficient exploration of large scientific databases COL authors VAL e stolte , g alonso COL venue VAL vldb COL year VAL 2002"
2246,coma - a system for flexible combination of schema matching approaches,"h do , e rahm",vldb,2002,"COL title VAL coma - a system for flexible combination of schema matching approaches COL authors VAL h do , e rahm COL venue VAL vldb COL year VAL 2002"
2247,translating web data,"l popa , y velegrakis , r miller , m hernсndez , r fagin",vldb,2002,"COL title VAL translating web data COL authors VAL l popa , y velegrakis , r miller , m hernсndez , r fagin COL venue VAL vldb COL year VAL 2002"
2248,static analysis techniques for predicting the behavior of active database rules,"a aiken , j hellerstein , j widom",acm trans . database syst .,1995,"COL title VAL static analysis techniques for predicting the behavior of active database rules COL authors VAL a aiken , j hellerstein , j widom COL venue VAL acm trans . database syst . COL year VAL 1995"
2249,declarative updates of relational databases,w chen,acm trans . database syst .,1995,COL title VAL declarative updates of relational databases COL authors VAL w chen COL venue VAL acm trans . database syst . COL year VAL 1995
2250,the incinerate data model,h jagadish,acm trans . database syst .,1995,COL title VAL the incinerate data model COL authors VAL h jagadish COL venue VAL acm trans . database syst . COL year VAL 1995
2251,quorum consensus in nested transaction systems,"k goldman , n lynch",acm trans . database syst .,1994,"COL title VAL quorum consensus in nested transaction systems COL authors VAL k goldman , n lynch COL venue VAL acm trans . database syst . COL year VAL 1994"
2252,\ addendum to \ '' \ `` automatic generation of production rules for integrity maintenance \ '' \ '' \ '' '',"s ceri , p fraternali , s paraboschi , l tanca",acm trans . database syst .,1995,"COL title VAL \ addendum to \ '' \ `` automatic generation of production rules for integrity maintenance \ '' \ '' \ '' '' COL authors VAL s ceri , p fraternali , s paraboschi , l tanca COL venue VAL acm trans . database syst . COL year VAL 1995"
2253,incremental computation of nested relational query expressions,"l bцkgaard , l mark",acm trans . database syst .,1995,"COL title VAL incremental computation of nested relational query expressions COL authors VAL l bцkgaard , l mark COL venue VAL acm trans . database syst . COL year VAL 1995"
2254,efficient checking of temporal integrity constraints using bounded history encoding,j chomicki,acm trans . database syst .,1995,COL title VAL efficient checking of temporal integrity constraints using bounded history encoding COL authors VAL j chomicki COL venue VAL acm trans . database syst . COL year VAL 1995
2255,fast algorithms for universal quantification in large databases,"g graefe , r cole",acm trans . database syst .,1995,"COL title VAL fast algorithms for universal quantification in large databases COL authors VAL g graefe , r cole COL venue VAL acm trans . database syst . COL year VAL 1995"
2256,space optimization in deductive databases,"d srivastava , s sudarshan , r ramakrishnan , j naughton",acm trans . database syst .,1995,"COL title VAL space optimization in deductive databases COL authors VAL d srivastava , s sudarshan , r ramakrishnan , j naughton COL venue VAL acm trans . database syst . COL year VAL 1995"
2257,query evaluation in deductive databases with alternating fixpoint semantics,w chen,acm trans . database syst .,1995,COL title VAL query evaluation in deductive databases with alternating fixpoint semantics COL authors VAL w chen COL venue VAL acm trans . database syst . COL year VAL 1995
2258,containment of conjunctive queries : beyond relations as sets,"y ioannidis , r ramakrishnan",acm trans . database syst .,1995,"COL title VAL containment of conjunctive queries : beyond relations as sets COL authors VAL y ioannidis , r ramakrishnan COL venue VAL acm trans . database syst . COL year VAL 1995"
2259,transaction chopping : algorithms and performance studies,"d shasha , f llirbat , e simon , p valduriez",acm trans . database syst .,1995,"COL title VAL transaction chopping : algorithms and performance studies COL authors VAL d shasha , f llirbat , e simon , p valduriez COL venue VAL acm trans . database syst . COL year VAL 1995"
2260,a normal form for precisely characterizing redundancy in nested relations,"w mok , y ng , d embley",acm trans . database syst .,1996,"COL title VAL a normal form for precisely characterizing redundancy in nested relations COL authors VAL w mok , y ng , d embley COL venue VAL acm trans . database syst . COL year VAL 1996"
2261,magic conditions,"i mumick , s finkelstein , h pirahesh , r ramakrishnan",acm trans . database syst .,1996,"COL title VAL magic conditions COL authors VAL i mumick , s finkelstein , h pirahesh , r ramakrishnan COL venue VAL acm trans . database syst . COL year VAL 1996"
2262,an execution model for limited ambiguity rules and its application to derived data update,"i chen , r hull , d mcleod",acm trans . database syst .,1995,"COL title VAL an execution model for limited ambiguity rules and its application to derived data update COL authors VAL i chen , r hull , d mcleod COL venue VAL acm trans . database syst . COL year VAL 1995"
2263,a structured approach for the definition of the semantics of active databases,"p fraternali , l tanca",acm trans . database syst .,1995,"COL title VAL a structured approach for the definition of the semantics of active databases COL authors VAL p fraternali , l tanca COL venue VAL acm trans . database syst . COL year VAL 1995"
2264,solving satisfiability and implication problems in database systems,"s guo , w sun , m weiss",acm trans . database syst .,1996,"COL title VAL solving satisfiability and implication problems in database systems COL authors VAL s guo , w sun , m weiss COL venue VAL acm trans . database syst . COL year VAL 1996"
2265,implementing deductive databases by mixed integer programming,"c bell , a nerode , r ng , v subrahmanian",acm trans . database syst .,1996,"COL title VAL implementing deductive databases by mixed integer programming COL authors VAL c bell , a nerode , r ng , v subrahmanian COL venue VAL acm trans . database syst . COL year VAL 1996"
2266,polymorphism and type inference in database programming,"p buneman , a ohori",acm trans . database syst .,1996,"COL title VAL polymorphism and type inference in database programming COL authors VAL p buneman , a ohori COL venue VAL acm trans . database syst . COL year VAL 1996"
2267,modularization techniques for active rules design,"e baralis , s ceri , s paraboschi",acm trans . database syst .,1996,"COL title VAL modularization techniques for active rules design COL authors VAL e baralis , s ceri , s paraboschi COL venue VAL acm trans . database syst . COL year VAL 1996"
2268,heraclitus : elevating deltas to be first-class citizens in a database programming language,"s ghandeharizadeh , r hull , d jacobs",acm trans . database syst .,1996,"COL title VAL heraclitus : elevating deltas to be first-class citizens in a database programming language COL authors VAL s ghandeharizadeh , r hull , d jacobs COL venue VAL acm trans . database syst . COL year VAL 1996"
2269,a probabilistic relational model and algebra,"d dey , s sarkar",acm trans . database syst .,1996,"COL title VAL a probabilistic relational model and algebra COL authors VAL d dey , s sarkar COL venue VAL acm trans . database syst . COL year VAL 1996"
2270,tail recursion elimination in deductive databases,k ross,acm trans . database syst .,1996,COL title VAL tail recursion elimination in deductive databases COL authors VAL k ross COL venue VAL acm trans . database syst . COL year VAL 1996
2271,the building blocks for specifying communication behavior of complex objects : an activity-driven approach,"l liu , r meersman",acm trans . database syst .,1996,"COL title VAL the building blocks for specifying communication behavior of complex objects : an activity-driven approach COL authors VAL l liu , r meersman COL venue VAL acm trans . database syst . COL year VAL 1996"
2272,semantics for update rule programs and implementations in a relational database management system,"l raschid , j lobo",acm trans . database syst .,1996,"COL title VAL semantics for update rule programs and implementations in a relational database management system COL authors VAL l raschid , j lobo COL venue VAL acm trans . database syst . COL year VAL 1996"
2273,model and verification of a data manager based on aries,d kuo,acm trans . database syst .,1996,COL title VAL model and verification of a data manager based on aries COL authors VAL d kuo COL venue VAL acm trans . database syst . COL year VAL 1996
2274,declustering of key-based partitioned signature files,"p ciaccia , p tiberio , p zezula",acm trans . database syst .,1996,"COL title VAL declustering of key-based partitioned signature files COL authors VAL p ciaccia , p tiberio , p zezula COL venue VAL acm trans . database syst . COL year VAL 1996"
2275,"lh * - a scalable , distributed data structure","w litwin , m neimat , d schneider",acm trans . database syst .,1996,"COL title VAL lh * - a scalable , distributed data structure COL authors VAL w litwin , m neimat , d schneider COL venue VAL acm trans . database syst . COL year VAL 1996"
2276,outerjoin simplification and reordering for query optimization,"c galindo-legaria , a rosenthal",acm trans . database syst .,1997,"COL title VAL outerjoin simplification and reordering for query optimization COL authors VAL c galindo-legaria , a rosenthal COL venue VAL acm trans . database syst . COL year VAL 1997"
2277,on the semantics of `` now '' in databases,"j clifford , c dyreson , t isakowitz , c jensen , r snodgrass",acm trans . database syst .,1997,"COL title VAL on the semantics of `` now '' in databases COL authors VAL j clifford , c dyreson , t isakowitz , c jensen , r snodgrass COL venue VAL acm trans . database syst . COL year VAL 1997"
2278,extended ehemeral logging : log storage management for applications with long lived transactions,"j keen , w dally",acm trans . database syst .,1997,"COL title VAL extended ehemeral logging : log storage management for applications with long lived transactions COL authors VAL j keen , w dally COL venue VAL acm trans . database syst . COL year VAL 1997"
2279,an axiomatic model of dynamic schema evolution in objectbase systems,"r peters , m жzsu",acm trans . database syst .,1997,"COL title VAL an axiomatic model of dynamic schema evolution in objectbase systems COL authors VAL r peters , m жzsu COL venue VAL acm trans . database syst . COL year VAL 1997"
2280,guest editorial,,,2003,COL title VAL guest editorial COL authors VAL  COL venue VAL  COL year VAL 2003
2281,re-tree : an efficient index structure for regular expressions,"c chan , m garofalakis , r rastogi",vldb j.,2003,"COL title VAL re-tree : an efficient index structure for regular expressions COL authors VAL c chan , m garofalakis , r rastogi COL venue VAL vldb j. COL year VAL 2003"
2282,aurora : a new model and architecture for data stream management,"d abadi , d carney , u чetintemel , m cherniack , c convey , s lee , m stonebraker , n tatbul , s zdonik",vldb j.,2003,"COL title VAL aurora : a new model and architecture for data stream management COL authors VAL d abadi , d carney , u чetintemel , m cherniack , c convey , s lee , m stonebraker , n tatbul , s zdonik COL venue VAL vldb j. COL year VAL 2003"
2283,fast and accurate text classification via multiple linear discriminant projections pp,"s chakrabarti , s roy , m soundalgekar",vldb j.,2003,"COL title VAL fast and accurate text classification via multiple linear discriminant projections pp COL authors VAL s chakrabarti , s roy , m soundalgekar COL venue VAL vldb j. COL year VAL 2003"
2284,incremental computation and maintenance of temporal aggregates,"j yang , j widom",vldb j.,2003,"COL title VAL incremental computation and maintenance of temporal aggregates COL authors VAL j yang , j widom COL venue VAL vldb j. COL year VAL 2003"
2285,a case for fractured mirrors,"r ramamurthy , d dewitt , q su",vldb j.,2003,"COL title VAL a case for fractured mirrors COL authors VAL r ramamurthy , d dewitt , q su COL venue VAL vldb j. COL year VAL 2003"
2286,a performance study of four index structures for set-valued attributes of low cardinality,"s helmer , g moerkotte",vldb j.,2003,"COL title VAL a performance study of four index structures for set-valued attributes of low cardinality COL authors VAL s helmer , g moerkotte COL venue VAL vldb j. COL year VAL 2003"
2287,instance-based attribute identification in database integration,"c cecil , r chiang , e lim",vldb j.,2003,"COL title VAL instance-based attribute identification in database integration COL authors VAL c cecil , r chiang , e lim COL venue VAL vldb j. COL year VAL 2003"
2288,cost-driven vertical class partitioning for methods in object oriented databases,"c fung , k karlapalem , q li",vldb j.,2003,"COL title VAL cost-driven vertical class partitioning for methods in object oriented databases COL authors VAL c fung , k karlapalem , q li COL venue VAL vldb j. COL year VAL 2003"
2289,computing complete answers to queries in the presence of limited access patterns,c li,vldb j.,2003,COL title VAL computing complete answers to queries in the presence of limited access patterns COL authors VAL c li COL venue VAL vldb j. COL year VAL 2003
2290,thesus : organizing web document collections based on link semantics,"m halkidi , b nguyen , i varlamis , m vazirgiannis",vldb j.,2003,"COL title VAL thesus : organizing web document collections based on link semantics COL authors VAL m halkidi , b nguyen , i varlamis , m vazirgiannis COL venue VAL vldb j. COL year VAL 2003"
2291,poesia : an ontological workflow approach for composing web services in agriculture,"r fileto , l liu , c pu , e assad , c medeiros",vldb j.,2003,"COL title VAL poesia : an ontological workflow approach for composing web services in agriculture COL authors VAL r fileto , l liu , c pu , e assad , c medeiros COL venue VAL vldb j. COL year VAL 2003"
2292,managing multiple and distributed ontologies on the semantic web,"a maedche , b motik , l stojanovic",vldb j.,2003,"COL title VAL managing multiple and distributed ontologies on the semantic web COL authors VAL a maedche , b motik , l stojanovic COL venue VAL vldb j. COL year VAL 2003"
2293,learning to match ontologies on the semantic web,"a doan , j madhavan , r dhamankar , p domingos , a halevy",vldb j.,2003,"COL title VAL learning to match ontologies on the semantic web COL authors VAL a doan , j madhavan , r dhamankar , p domingos , a halevy COL venue VAL vldb j. COL year VAL 2003"
2294,composing web services on the semantic web,"b medjahed , a bouguettaya , a elmagarmid",vldb j.,2003,"COL title VAL composing web services on the semantic web COL authors VAL b medjahed , a bouguettaya , a elmagarmid COL venue VAL vldb j. COL year VAL 2003"
2295,guest editorial,,,2003,COL title VAL guest editorial COL authors VAL  COL venue VAL  COL year VAL 2003
2296,charter and scope,w kim,acm trans . database syst .,1994,COL title VAL charter and scope COL authors VAL w kim COL venue VAL acm trans . database syst . COL year VAL 1994
2297,altruistic locking,"k salem , h garcia-molina , j shands",acm trans . database syst .,1994,"COL title VAL altruistic locking COL authors VAL k salem , h garcia-molina , j shands COL venue VAL acm trans . database syst . COL year VAL 1994"
2298,on completeness of historical relational query languages,"j clifford , a croker , a tuzhilin",acm trans . database syst .,1994,"COL title VAL on completeness of historical relational query languages COL authors VAL j clifford , a croker , a tuzhilin COL venue VAL acm trans . database syst . COL year VAL 1994"
2299,a modified random perturbation method for database security,"p tendick , n matloff",acm trans . database syst .,1994,"COL title VAL a modified random perturbation method for database security COL authors VAL p tendick , n matloff COL venue VAL acm trans . database syst . COL year VAL 1994"
2300,a taxonomy for secure object-oriented databases,"m olivier , s solms",acm trans . database syst .,1994,"COL title VAL a taxonomy for secure object-oriented databases COL authors VAL m olivier , s solms COL venue VAL acm trans . database syst . COL year VAL 1994"
2301,using semantic values to falilitate interoperability among heterogeneous information systems,"e sciore , m siegel , a rosenthal",acm trans . database syst .,1994,"COL title VAL using semantic values to falilitate interoperability among heterogeneous information systems COL authors VAL e sciore , m siegel , a rosenthal COL venue VAL acm trans . database syst . COL year VAL 1994"
2302,index structures for selective dissemination of information under the boolean model,"t yan , h garcia-molina",acm trans . database syst .,1994,"COL title VAL index structures for selective dissemination of information under the boolean model COL authors VAL t yan , h garcia-molina COL venue VAL acm trans . database syst . COL year VAL 1994"
2303,amalgamating knowledge bases,v subrahmanian,acm trans . database syst .,1994,COL title VAL amalgamating knowledge bases COL authors VAL v subrahmanian COL venue VAL acm trans . database syst . COL year VAL 1994
2304,automated resolution of semantic heterogeneity in multidatabases,"m bright , a hurson , s pakzad",acm trans . database syst .,1994,"COL title VAL automated resolution of semantic heterogeneity in multidatabases COL authors VAL m bright , a hurson , s pakzad COL venue VAL acm trans . database syst . COL year VAL 1994"
2305,tools and transformations - rigorous and otherwise - for practical database design,"a rosenthal , d reiner",acm trans . database syst .,1994,"COL title VAL tools and transformations - rigorous and otherwise - for practical database design COL authors VAL a rosenthal , d reiner COL venue VAL acm trans . database syst . COL year VAL 1994"
2306,formal aspects of concurrency control in long-duration transaction systems using the nt/pv model,"h korth , g speegle",acm trans . database syst .,1994,"COL title VAL formal aspects of concurrency control in long-duration transaction systems using the nt/pv model COL authors VAL h korth , g speegle COL venue VAL acm trans . database syst . COL year VAL 1994"
2307,synthesis of extended transaction models using acta,"p chrysanthis , k ramamritham",acm trans . database syst .,1994,"COL title VAL synthesis of extended transaction models using acta COL authors VAL p chrysanthis , k ramamritham COL venue VAL acm trans . database syst . COL year VAL 1994"
2308,evaluation of remote backup algorithms for transaction-processing systems,"c polyzois , h garcia-molina",acm trans . database syst .,1994,"COL title VAL evaluation of remote backup algorithms for transaction-processing systems COL authors VAL c polyzois , h garcia-molina COL venue VAL acm trans . database syst . COL year VAL 1994"
2309,automatic generation of production rules for integrity maintenance,"s ceri , p fraternali , s paraboschi , l tanca",acm trans . database syst .,1994,"COL title VAL automatic generation of production rules for integrity maintenance COL authors VAL s ceri , p fraternali , s paraboschi , l tanca COL venue VAL acm trans . database syst . COL year VAL 1994"
2310,formal query languages for secure relational databases,"m winslett , k smith , x qian",acm trans . database syst .,1994,"COL title VAL formal query languages for secure relational databases COL authors VAL m winslett , k smith , x qian COL venue VAL acm trans . database syst . COL year VAL 1994"
2311,bounded ignorance : a technique for increasing concurrency in a replicated system,"n krishnakumar , a bernstein",acm trans . database syst .,1994,"COL title VAL bounded ignorance : a technique for increasing concurrency in a replicated system COL authors VAL n krishnakumar , a bernstein COL venue VAL acm trans . database syst . COL year VAL 1994"
2312,tracing the lineage of view data in a warehousing environment,"y cui , j widom , j wiener",acm trans . database syst .,2000,"COL title VAL tracing the lineage of view data in a warehousing environment COL authors VAL y cui , j widom , j wiener COL venue VAL acm trans . database syst . COL year VAL 2000"
2313,emancipating instances from the tyranny of classes in information modeling,"j parsons , y wand",acm trans . database syst .,2000,"COL title VAL emancipating instances from the tyranny of classes in information modeling COL authors VAL j parsons , y wand COL venue VAL acm trans . database syst . COL year VAL 2000"
2314,a cost model for query processing in high dimensional data spaces,c bіhm,acm trans . database syst .,2000,COL title VAL a cost model for query processing in high dimensional data spaces COL authors VAL c bіhm COL venue VAL acm trans . database syst . COL year VAL 2000
2315,iterative dynamic programming : a new class of query optimization algorithms,"d kossmann , k stocker",acm trans . database syst .,2000,"COL title VAL iterative dynamic programming : a new class of query optimization algorithms COL authors VAL d kossmann , k stocker COL venue VAL acm trans . database syst . COL year VAL 2000"
2316,a model for compound type changes encountered in schema evolution,b lerner,acm trans . database syst .,2000,COL title VAL a model for compound type changes encountered in schema evolution COL authors VAL b lerner COL venue VAL acm trans . database syst . COL year VAL 2000
2317,a foundation for representing and quering moving objects,"r gќting , m bіhlen , m erwig , c jensen , n lorentzos , m schneider , m vazirgiannis",acm trans . database syst .,2000,"COL title VAL a foundation for representing and quering moving objects COL authors VAL r gќting , m bіhlen , m erwig , c jensen , n lorentzos , m schneider , m vazirgiannis COL venue VAL acm trans . database syst . COL year VAL 2000"
2318,improving database design through the analysis of relationships,"d dey , v storey , t barron",acm trans . database syst .,1999,"COL title VAL improving database design through the analysis of relationships COL authors VAL d dey , v storey , t barron COL venue VAL acm trans . database syst . COL year VAL 1999"
2319,security of random data perturbation methods,"k muralidhar , r sarathy",acm trans . database syst .,1999,"COL title VAL security of random data perturbation methods COL authors VAL k muralidhar , r sarathy COL venue VAL acm trans . database syst . COL year VAL 1999"
2320,"probabilistic temporal databases , i : algebra","a dekhtyar , r ross , v subrahmanian",acm trans . database syst .,2001,"COL title VAL probabilistic temporal databases , i : algebra COL authors VAL a dekhtyar , r ross , v subrahmanian COL venue VAL acm trans . database syst . COL year VAL 2001"
2321,i/o reference behavior of production database workloads and the tpc benchmarks - an analysis at the logical level,"w hsu , a smith , h young",acm trans . database syst .,2001,"COL title VAL i/o reference behavior of production database workloads and the tpc benchmarks - an analysis at the logical level COL authors VAL w hsu , a smith , h young COL venue VAL acm trans . database syst . COL year VAL 2001"
2322,temporal statement modifiers,"m bіhlen , c jensen , r snodgrass",acm trans . database syst .,2000,"COL title VAL temporal statement modifiers COL authors VAL m bіhlen , c jensen , r snodgrass COL venue VAL acm trans . database syst . COL year VAL 2000"
2323,optimizing object queries using an effective calculus,"l fegaras , d maier",acm trans . database syst .,2000,"COL title VAL optimizing object queries using an effective calculus COL authors VAL l fegaras , d maier COL venue VAL acm trans . database syst . COL year VAL 2000"
2324,cache investment : integrating query optimization and distributed data placement,"d kossmann , m franklin , g drasch",acm trans . database syst .,2000,"COL title VAL cache investment : integrating query optimization and distributed data placement COL authors VAL d kossmann , m franklin , g drasch COL venue VAL acm trans . database syst . COL year VAL 2000"
2325,a new approach to developing and implementing eager database replication protocols,"b kemme , g alonso",acm trans . database syst .,2000,"COL title VAL a new approach to developing and implementing eager database replication protocols COL authors VAL b kemme , g alonso COL venue VAL acm trans . database syst . COL year VAL 2000"
2326,theory of dependence values,r meo,acm trans . database syst .,2000,COL title VAL theory of dependence values COL authors VAL r meo COL venue VAL acm trans . database syst . COL year VAL 2000
2327,an algebraic approach to static analysis of active database rules,"e baralis , j widom",acm trans . database syst .,2000,"COL title VAL an algebraic approach to static analysis of active database rules COL authors VAL e baralis , j widom COL venue VAL acm trans . database syst . COL year VAL 2000"
2328,answering queries with useful bindings,"c li , e chang",acm trans . database syst .,2001,"COL title VAL answering queries with useful bindings COL authors VAL c li , e chang COL venue VAL acm trans . database syst . COL year VAL 2001"
2329,probabilistic object bases,"t eiter , j lu , t lukasiewicz , v subrahmanian",acm trans . database syst .,2001,"COL title VAL probabilistic object bases COL authors VAL t eiter , j lu , t lukasiewicz , v subrahmanian COL venue VAL acm trans . database syst . COL year VAL 2001"
2330,editorial,,,2001,COL title VAL editorial COL authors VAL  COL venue VAL  COL year VAL 2001
2331,an extension of the relational data model to incorporate ordered domains,w ng,acm trans . database syst .,2001,COL title VAL an extension of the relational data model to incorporate ordered domains COL authors VAL w ng COL venue VAL acm trans . database syst . COL year VAL 2001
2332,data mining with optimized two-dimensional association rules,"t fukuda , y morimoto , s morishita , t tokuyama",acm trans . database syst .,2001,"COL title VAL data mining with optimized two-dimensional association rules COL authors VAL t fukuda , y morimoto , s morishita , t tokuyama COL venue VAL acm trans . database syst . COL year VAL 2001"
2333,querying atsql databases with temporal logic,"j chomicki , d toman , m bіhlen",acm trans . database syst .,2001,"COL title VAL querying atsql databases with temporal logic COL authors VAL j chomicki , d toman , m bіhlen COL venue VAL acm trans . database syst . COL year VAL 2001"
2334,applying an update method to a set of receivers,"m andries , l cabibbo , j paredaens , j bussche",acm trans . database syst .,2001,"COL title VAL applying an update method to a set of receivers COL authors VAL m andries , l cabibbo , j paredaens , j bussche COL venue VAL acm trans . database syst . COL year VAL 2001"
2335,flexible support for multiple access control policies,"s jajodia , p samarati , m sapino , v subrahmanian",acm trans . database syst .,2001,"COL title VAL flexible support for multiple access control policies COL authors VAL s jajodia , p samarati , m sapino , v subrahmanian COL venue VAL acm trans . database syst . COL year VAL 2001"
2336,distributed query evaluation on semistructured data,d suciu,acm trans . database syst .,2002,COL title VAL distributed query evaluation on semistructured data COL authors VAL d suciu COL venue VAL acm trans . database syst . COL year VAL 2002
2337,top-k selection queries over relational databases : mapping strategies and performance evaluation,"n bruno , s chaudhuri , l gravano",acm trans . database syst .,2002,"COL title VAL top-k selection queries over relational databases : mapping strategies and performance evaluation COL authors VAL n bruno , s chaudhuri , l gravano COL venue VAL acm trans . database syst . COL year VAL 2002"
2338,a logical foundation for deductive object-oriented databases,"m liu , g dobbie , t ling",acm trans . database syst .,2002,"COL title VAL a logical foundation for deductive object-oriented databases COL authors VAL m liu , g dobbie , t ling COL venue VAL acm trans . database syst . COL year VAL 2002"
2339,atomicity and isolation for transactional processes,"h schuldt , g alonso , c beeri , h schek",acm trans . database syst .,2002,"COL title VAL atomicity and isolation for transactional processes COL authors VAL h schuldt , g alonso , c beeri , h schek COL venue VAL acm trans . database syst . COL year VAL 2002"
2340,multiway spatial joins,"n mamoulis , d papadias",acm trans . database syst .,2001,"COL title VAL multiway spatial joins COL authors VAL n mamoulis , d papadias COL venue VAL acm trans . database syst . COL year VAL 2001"
2341,a case for dynamic view management,"y kotidis , n roussopoulos",acm trans . database syst .,2001,"COL title VAL a case for dynamic view management COL authors VAL y kotidis , n roussopoulos COL venue VAL acm trans . database syst . COL year VAL 2001"
2342,editorial,,,2001,COL title VAL editorial COL authors VAL  COL venue VAL  COL year VAL 2001
2343,schemasql : an extension to sql for multidatabase interoperability,"l lakshmanan , f sadri , s subramanian",acm trans . database syst .,2001,"COL title VAL schemasql : an extension to sql for multidatabase interoperability COL authors VAL l lakshmanan , f sadri , s subramanian COL venue VAL acm trans . database syst . COL year VAL 2001"
2344,transactional client-server cache consistency : alternatives and performance,"m franklin , m carey , m livny",acm trans . database syst .,1997,"COL title VAL transactional client-server cache consistency : alternatives and performance COL authors VAL m franklin , m carey , m livny COL venue VAL acm trans . database syst . COL year VAL 1997"
2345,disjunctive datalog,"t eiter , g gottlob , h mannila",acm trans . database syst .,1997,"COL title VAL disjunctive datalog COL authors VAL t eiter , g gottlob , h mannila COL venue VAL acm trans . database syst . COL year VAL 1997"
2346,object normal forms and dependency constraints for object-oriented schemata,"z tari , j stokes , s spaccapietra",acm trans . database syst .,1997,"COL title VAL object normal forms and dependency constraints for object-oriented schemata COL authors VAL z tari , j stokes , s spaccapietra COL venue VAL acm trans . database syst . COL year VAL 1997"
2347,"adaptive , fine-grained sharing in a client-server oodbms : a callback-based approach","m zaharioudakis , m carey , m franklin",acm trans . database syst .,1997,"COL title VAL adaptive , fine-grained sharing in a client-server oodbms : a callback-based approach COL authors VAL m zaharioudakis , m carey , m franklin COL venue VAL acm trans . database syst . COL year VAL 1997"
2348,applying formal methods to semantic-based decomposition of transactions,"p ammann , s jajodia , i ray",acm trans . database syst .,1997,"COL title VAL applying formal methods to semantic-based decomposition of transactions COL authors VAL p ammann , s jajodia , i ray COL venue VAL acm trans . database syst . COL year VAL 1997"
2349,an adaptive data replication algorithm,"o wolfson , s jajodia , y huang",acm trans . database syst .,1997,"COL title VAL an adaptive data replication algorithm COL authors VAL o wolfson , s jajodia , y huang COL venue VAL acm trans . database syst . COL year VAL 1997"
2350,probview : a flexible probabilistic database system,"l lakshmanan , n leone , r ross , v subrahmanian",acm trans . database syst .,1997,"COL title VAL probview : a flexible probabilistic database system COL authors VAL l lakshmanan , n leone , r ross , v subrahmanian COL venue VAL acm trans . database syst . COL year VAL 1997"
2351,logical design for temporal databases with multiple granularities,"x wang , c bettini , a brodsky , s jajodia",acm trans . database syst .,1997,"COL title VAL logical design for temporal databases with multiple granularities COL authors VAL x wang , c bettini , a brodsky , s jajodia COL venue VAL acm trans . database syst . COL year VAL 1997"
2352,multiview access protocols for large-scale replication,"x liu , a helal , w du",acm trans . database syst .,1998,"COL title VAL multiview access protocols for large-scale replication COL authors VAL x liu , a helal , w du COL venue VAL acm trans . database syst . COL year VAL 1998"
2353,ensuring consistency in multidatabases by preserving two-level serializability,"s mehrotra , r rastogi , h korth , a silberschatz",acm trans . database syst .,1998,"COL title VAL ensuring consistency in multidatabases by preserving two-level serializability COL authors VAL s mehrotra , r rastogi , h korth , a silberschatz COL venue VAL acm trans . database syst . COL year VAL 1998"
2354,an efficient method for checking object-oriented database schema correctness,"a formica , h grіger , m missikoff",acm trans . database syst .,1998,"COL title VAL an efficient method for checking object-oriented database schema correctness COL authors VAL a formica , h grіger , m missikoff COL venue VAL acm trans . database syst . COL year VAL 1998"
2355,optimization techniques for queries with expensive methods,j hellerstein,acm trans . database syst .,1998,COL title VAL optimization techniques for queries with expensive methods COL authors VAL j hellerstein COL venue VAL acm trans . database syst . COL year VAL 1998
2356,safe stratified datalog with integer order does not have syntax,"a stolboushkin , m taitslin",acm trans . database syst .,1998,"COL title VAL safe stratified datalog with integer order does not have syntax COL authors VAL a stolboushkin , m taitslin COL venue VAL acm trans . database syst . COL year VAL 1998"
2357,database design with common sense business reasoning and learning,"v storey , r chiang , d dey , r goldstein , s sundaresan",acm trans . database syst .,1997,"COL title VAL database design with common sense business reasoning and learning COL authors VAL v storey , r chiang , d dey , r goldstein , s sundaresan COL venue VAL acm trans . database syst . COL year VAL 1997"
2358,supporting valid-time indeterminacy,"c dyreson , r snodgrass",acm trans . database syst .,1998,"COL title VAL supporting valid-time indeterminacy COL authors VAL c dyreson , r snodgrass COL venue VAL acm trans . database syst . COL year VAL 1998"
2359,safe query languages for constraint databases,p revesz,acm trans . database syst .,1998,COL title VAL safe query languages for constraint databases COL authors VAL p revesz COL venue VAL acm trans . database syst . COL year VAL 1998
2360,information gathering in the world-wide web : the w3ql query language and the w3qs system,"d konopnicki , o shmueli",acm trans . database syst .,1998,"COL title VAL information gathering in the world-wide web : the w3ql query language and the w3qs system COL authors VAL d konopnicki , o shmueli COL venue VAL acm trans . database syst . COL year VAL 1998"
2361,database design for incomplete relations,"m levene , g loizou",acm trans . database syst .,1999,"COL title VAL database design for incomplete relations COL authors VAL m levene , g loizou COL venue VAL acm trans . database syst . COL year VAL 1999"
2362,temporal fds on complex objects,j wijsen,acm trans . database syst .,1999,COL title VAL temporal fds on complex objects COL authors VAL j wijsen COL venue VAL acm trans . database syst . COL year VAL 1999
2363,broadcast protocols to support efficient retrieval from databases by mobile users,"a datta , d vandermeer , a celik , v kumar",acm trans . database syst .,1999,"COL title VAL broadcast protocols to support efficient retrieval from databases by mobile users COL authors VAL a datta , d vandermeer , a celik , v kumar COL venue VAL acm trans . database syst . COL year VAL 1999"
2364,conceptual schema analysis : techniques and applications,"s castano , v antonellis , m fugini , b pernici",acm trans . database syst .,1998,"COL title VAL conceptual schema analysis : techniques and applications COL authors VAL s castano , v antonellis , m fugini , b pernici COL venue VAL acm trans . database syst . COL year VAL 1998"
2365,an access control model supporting periodicity constraints and temporal reasoning,"e bertino , c bettini , e ferrari , p samarati",acm trans . database syst .,1998,"COL title VAL an access control model supporting periodicity constraints and temporal reasoning COL authors VAL e bertino , c bettini , e ferrari , p samarati COL venue VAL acm trans . database syst . COL year VAL 1998"
2366,inverted files versus signature files for text indexing,"j zobel , a moffat , k ramamohanarao",acm trans . database syst .,1998,"COL title VAL inverted files versus signature files for text indexing COL authors VAL j zobel , a moffat , k ramamohanarao COL venue VAL acm trans . database syst . COL year VAL 1998"
2367,towards a theory of cost management for digital libraries and electronic commerce,"a sistla , o wolfson , y yesha , r sloan",acm trans . database syst .,1998,"COL title VAL towards a theory of cost management for digital libraries and electronic commerce COL authors VAL a sistla , o wolfson , y yesha , r sloan COL venue VAL acm trans . database syst . COL year VAL 1998"
2368,indexing large metric spaces for similarity search queries,"t bozkaya , z жzsoyoglu",acm trans . database syst .,1999,"COL title VAL indexing large metric spaces for similarity search queries COL authors VAL t bozkaya , z жzsoyoglu COL venue VAL acm trans . database syst . COL year VAL 1999"
2369,type-checking oql queries in the odmg type systems,s alagic,acm trans . database syst .,1999,COL title VAL type-checking oql queries in the odmg type systems COL authors VAL s alagic COL venue VAL acm trans . database syst . COL year VAL 1999
2370,the sift information dissemination system,"t yan , h garcia-molina",acm trans . database syst .,1999,"COL title VAL the sift information dissemination system COL authors VAL t yan , h garcia-molina COL venue VAL acm trans . database syst . COL year VAL 1999"
2371,an ontological analysis of the relationship construct in conceptual modeling,"y wand , v storey , r weber",acm trans . database syst .,1999,"COL title VAL an ontological analysis of the relationship construct in conceptual modeling COL authors VAL y wand , v storey , r weber COL venue VAL acm trans . database syst . COL year VAL 1999"
2372,distance browsing in spatial databases,"g hjaltason , h samet",acm trans . database syst .,1999,"COL title VAL distance browsing in spatial databases COL authors VAL g hjaltason , h samet COL venue VAL acm trans . database syst . COL year VAL 1999"
2373,gloss : text-source discovery over the internet,"l gravano , h garcia-molina , a tomasic",acm trans . database syst .,1999,"COL title VAL gloss : text-source discovery over the internet COL authors VAL l gravano , h garcia-molina , a tomasic COL venue VAL acm trans . database syst . COL year VAL 1999"
2374,optimization of queries with user-defined predicates,"s chaudhuri , k shim",acm trans . database syst .,1999,"COL title VAL optimization of queries with user-defined predicates COL authors VAL s chaudhuri , k shim COL venue VAL acm trans . database syst . COL year VAL 1999"
2375,specification and implementation of exceptions in workflow management systems,"f casati , s ceri , s paraboschi , g pozzi",acm trans . database syst .,1999,"COL title VAL specification and implementation of exceptions in workflow management systems COL authors VAL f casati , s ceri , s paraboschi , g pozzi COL venue VAL acm trans . database syst . COL year VAL 1999"
2376,semantic heterogeneity resolution in federated databases by metadata implantation and stepwise evolution,"g aslan , d mcleod",vldb j.,1999,"COL title VAL semantic heterogeneity resolution in federated databases by metadata implantation and stepwise evolution COL authors VAL g aslan , d mcleod COL venue VAL vldb j. COL year VAL 1999"
2377,mil primitives for querying a fragmented world,"p boncz , m kersten",vldb j.,1999,"COL title VAL mil primitives for querying a fragmented world COL authors VAL p boncz , m kersten COL venue VAL vldb j. COL year VAL 1999"
2378,the intrinsic problems of structural heterogeneity and an approach to their solution,"t hфrder , g sauter , j thomas",vldb j.,1999,"COL title VAL the intrinsic problems of structural heterogeneity and an approach to their solution COL authors VAL t hфrder , g sauter , j thomas COL venue VAL vldb j. COL year VAL 1999"
2379,fast joins using join indices,"z li , k ross",vldb j.,1999,"COL title VAL fast joins using join indices COL authors VAL z li , k ross COL venue VAL vldb j. COL year VAL 1999"
2380,optimizing multiple dimensional queries simultaneously in multidimensional databases,"w liang , m orlowska , j yu",vldb j.,2000,"COL title VAL optimizing multiple dimensional queries simultaneously in multidimensional databases COL authors VAL w liang , m orlowska , j yu COL venue VAL vldb j. COL year VAL 2000"
2381,update propagation strategies to improve freshness in lazy master replicated databases,"e pacitti , e simon",vldb j.,2000,"COL title VAL update propagation strategies to improve freshness in lazy master replicated databases COL authors VAL e pacitti , e simon COL venue VAL vldb j. COL year VAL 2000"
2382,efficient support for interactive service in multi-resolution vod systems,"k law , j lui , l golubchik",vldb j.,1999,"COL title VAL efficient support for interactive service in multi-resolution vod systems COL authors VAL k law , j lui , l golubchik COL venue VAL vldb j. COL year VAL 1999"
2383,deadlock detection in distributed database systems : a new algorithm and a comparative performance analysis,"n krivokapic , a kemper , e gudes",vldb j.,1999,"COL title VAL deadlock detection in distributed database systems : a new algorithm and a comparative performance analysis COL authors VAL n krivokapic , a kemper , e gudes COL venue VAL vldb j. COL year VAL 1999"
2384,on periodic resource scheduling for continuous-media databases,"m garofalakis , b жzden , a silberschatz",vldb j.,1998,"COL title VAL on periodic resource scheduling for continuous-media databases COL authors VAL m garofalakis , b жzden , a silberschatz COL venue VAL vldb j. COL year VAL 1998"
2385,introduction ( special issue on multimedia databases ),"m жzsu , s christodoulakis",vldb j.,1998,"COL title VAL introduction ( special issue on multimedia databases ) COL authors VAL m жzsu , s christodoulakis COL venue VAL vldb j. COL year VAL 1998"
2386,optimal clip ordering for multi-clip queries,"r ng , p shum",vldb j.,1998,"COL title VAL optimal clip ordering for multi-clip queries COL authors VAL r ng , p shum COL venue VAL vldb j. COL year VAL 1998"
2387,spatial and temporal content-based access to hypervideo databases,"h jiang , a elmagarmid",vldb j.,1998,"COL title VAL spatial and temporal content-based access to hypervideo databases COL authors VAL h jiang , a elmagarmid COL venue VAL vldb j. COL year VAL 1998"
2388,opt + + : an object-oriented implementation for extensible database query optimization,"n kabra , d dewitt",vldb j.,1999,"COL title VAL opt + + : an object-oriented implementation for extensible database query optimization COL authors VAL n kabra , d dewitt COL venue VAL vldb j. COL year VAL 1999"
2389,constant time permutation : an efficient block allocation strategy for variable-bit-rate continuous media data,"y huang , j ding , s tsao",vldb j.,1999,"COL title VAL constant time permutation : an efficient block allocation strategy for variable-bit-rate continuous media data COL authors VAL y huang , j ding , s tsao COL venue VAL vldb j. COL year VAL 1999"
2390,delivering presentations from multimedia servers,"n balkir , g жzsoyoglu",vldb j.,1998,"COL title VAL delivering presentations from multimedia servers COL authors VAL n balkir , g жzsoyoglu COL venue VAL vldb j. COL year VAL 1998"
2391,approximate similarity retrieval with m-trees,"p zezula , p savino , g amato , f rabitti",vldb j.,1998,"COL title VAL approximate similarity retrieval with m-trees COL authors VAL p zezula , p savino , g amato , f rabitti COL venue VAL vldb j. COL year VAL 1998"
2392,semantic caching of web queries,"b chidlovskii , u borghoff",vldb j.,2000,"COL title VAL semantic caching of web queries COL authors VAL b chidlovskii , u borghoff COL venue VAL vldb j. COL year VAL 2000"
2393,learning response time for websources using query feedback and application in query optimization,"j gruser , l raschid , v zadorozhny , t zhan",vldb j.,2000,"COL title VAL learning response time for websources using query feedback and application in query optimization COL authors VAL j gruser , l raschid , v zadorozhny , t zhan COL venue VAL vldb j. COL year VAL 2000"
2394,unql : a query language and algebra for semistructured data based on structural recursion,"p buneman , m fernandez , d suciu",vldb j.,2000,"COL title VAL unql : a query language and algebra for semistructured data based on structural recursion COL authors VAL p buneman , m fernandez , d suciu COL venue VAL vldb j. COL year VAL 2000"
2395,functional-join processing,"r braumandl , j clauпen , a kemper , d kossmann",vldb j.,2000,"COL title VAL functional-join processing COL authors VAL r braumandl , j clauпen , a kemper , d kossmann COL venue VAL vldb j. COL year VAL 2000"
2396,view management in multimedia databases,"k candan , e lemar , v subrahmanian",vldb j.,2000,"COL title VAL view management in multimedia databases COL authors VAL k candan , e lemar , v subrahmanian COL venue VAL vldb j. COL year VAL 2000"
2397,declarative specification of web sites with strudel,"m fernandez , d florescu , a levy , d suciu",vldb j.,2000,"COL title VAL declarative specification of web sites with strudel COL authors VAL m fernandez , d florescu , a levy , d suciu COL venue VAL vldb j. COL year VAL 2000"
2398,analysis of navigation behaviour in web sites integrating multiple information systems,"b berendt , m spiliopoulou",vldb j.,2000,"COL title VAL analysis of navigation behaviour in web sites integrating multiple information systems COL authors VAL b berendt , m spiliopoulou COL venue VAL vldb j. COL year VAL 2000"
2399,guest editorial : databases and the web,,,2000,COL title VAL guest editorial : databases and the web COL authors VAL  COL venue VAL  COL year VAL 2000
2400,secure bufering in firm real-time database systems,"b george , j haritsa",vldb j.,2000,"COL title VAL secure bufering in firm real-time database systems COL authors VAL b george , j haritsa COL venue VAL vldb j. COL year VAL 2000"
2401,the lham log-structured history data access method,"p muth , p o'neil , a pick , g weikum",vldb j.,2000,"COL title VAL the lham log-structured history data access method COL authors VAL p muth , p o'neil , a pick , g weikum COL venue VAL vldb j. COL year VAL 2000"
2402,quantifiable data mining using ratio rules,"f korn , a labrinidis , y kotidis , c faloutsos",vldb j.,2000,"COL title VAL quantifiable data mining using ratio rules COL authors VAL f korn , a labrinidis , y kotidis , c faloutsos COL venue VAL vldb j. COL year VAL 2000"
2403,wavecluster : a wavelet based clustering approach for spatial data in very large databases,"g sheikholeslami , s chatterjee , a zhang",vldb j.,2000,"COL title VAL wavecluster : a wavelet based clustering approach for spatial data in very large databases COL authors VAL g sheikholeslami , s chatterjee , a zhang COL venue VAL vldb j. COL year VAL 2000"
2404,clustering categorical data : an approach based on dynamical systems,"d gibson , j kleinberg , p raghavan",vldb j.,2000,"COL title VAL clustering categorical data : an approach based on dynamical systems COL authors VAL d gibson , j kleinberg , p raghavan COL venue VAL vldb j. COL year VAL 2000"
2405,distance-based outliers : algorithms and applications,"e knorr , r ng , v tucakov",vldb j.,2000,"COL title VAL distance-based outliers : algorithms and applications COL authors VAL e knorr , r ng , v tucakov COL venue VAL vldb j. COL year VAL 2000"
2406,effective timestamping in databases,"k torp , c jensen , r snodgrass",vldb j.,2000,"COL title VAL effective timestamping in databases COL authors VAL k torp , c jensen , r snodgrass COL venue VAL vldb j. COL year VAL 2000"
2407,foreword by the vldb '98 pc chairmen : best papers of vldb '98,,,2000,COL title VAL foreword by the vldb '98 pc chairmen : best papers of vldb '98 COL authors VAL  COL venue VAL  COL year VAL 2000
2408,seeking the truth about ad hoc join costs,"l haas , m carey , m livny , a shukla",vldb j.,1997,"COL title VAL seeking the truth about ad hoc join costs COL authors VAL l haas , m carey , m livny , a shukla COL venue VAL vldb j. COL year VAL 1997"
2409,synchronization and recovery in a client-server storage system,"e panagos , a biliris",vldb j.,1997,"COL title VAL synchronization and recovery in a client-server storage system COL authors VAL e panagos , a biliris COL venue VAL vldb j. COL year VAL 1997"
2410,the impact of technology on commercial transaction processing,e cobb,vldb j.,1997,COL title VAL the impact of technology on commercial transaction processing COL authors VAL e cobb COL venue VAL vldb j. COL year VAL 1997
2411,concurrency and recovery for index trees,"d lomet , b salzberg",vldb j.,1997,"COL title VAL concurrency and recovery for index trees COL authors VAL d lomet , b salzberg COL venue VAL vldb j. COL year VAL 1997"
2412,heuristic and randomized optimization for the join ordering problem,"m steinbrunn , g moerkotte , a kemper",vldb j.,1997,"COL title VAL heuristic and randomized optimization for the join ordering problem COL authors VAL m steinbrunn , g moerkotte , a kemper COL venue VAL vldb j. COL year VAL 1997"
2413,using extended feature objects for partial similarity retrieval,"s berchtold , d keim , h kriegel",vldb j.,1997,"COL title VAL using extended feature objects for partial similarity retrieval COL authors VAL s berchtold , d keim , h kriegel COL venue VAL vldb j. COL year VAL 1997"
2414,a configrable type hierarchy index for oodb,"t mќck , m polaschek",vldb j.,1997,"COL title VAL a configrable type hierarchy index for oodb COL authors VAL t mќck , m polaschek COL venue VAL vldb j. COL year VAL 1997"
2415,structured document storage and refined declarative and navigational access mechanisms in hyperstorm,"k bіhm , k aberer , e neuhold , x yang",vldb j.,1997,"COL title VAL structured document storage and refined declarative and navigational access mechanisms in hyperstorm COL authors VAL k bіhm , k aberer , e neuhold , x yang COL venue VAL vldb j. COL year VAL 1997"
2416,analysis of locking behavior in three real database systems,"v singhal , a smith",vldb j.,1997,"COL title VAL analysis of locking behavior in three real database systems COL authors VAL v singhal , a smith COL venue VAL vldb j. COL year VAL 1997"
2417,dictionary-based order-preserving string compression,g antoshenkov,vldb j.,1997,COL title VAL dictionary-based order-preserving string compression COL authors VAL g antoshenkov COL venue VAL vldb j. COL year VAL 1997
2418,parametric query optimization,"y ioannidis , r ng , k shim , t sellis",vldb j.,1997,"COL title VAL parametric query optimization COL authors VAL y ioannidis , r ng , k shim , t sellis COL venue VAL vldb j. COL year VAL 1997"
2419,on applying hash filters to improving the execution of multi-join queries,"m chen , h hsiao , p yu",vldb j.,1997,"COL title VAL on applying hash filters to improving the execution of multi-join queries COL authors VAL m chen , h hsiao , p yu COL venue VAL vldb j. COL year VAL 1997"
2420,concurrency control in hierarchical multidatabase systems,"s mehrotra , h korth , a silberschatz",vldb j.,1997,"COL title VAL concurrency control in hierarchical multidatabase systems COL authors VAL s mehrotra , h korth , a silberschatz COL venue VAL vldb j. COL year VAL 1997"
2421,graphical interaction with heterogeneous databases,"t catarci , g santucci , j cardiff",vldb j.,1997,"COL title VAL graphical interaction with heterogeneous databases COL authors VAL t catarci , g santucci , j cardiff COL venue VAL vldb j. COL year VAL 1997"
2422,a database model for object dynamics,"m papazoglou , b krфmer",vldb j.,1997,"COL title VAL a database model for object dynamics COL authors VAL m papazoglou , b krфmer COL venue VAL vldb j. COL year VAL 1997"
2423,erratum : a database model for object dynamics,"m papazoglou , b krфmer",vldb j.,1997,"COL title VAL erratum : a database model for object dynamics COL authors VAL m papazoglou , b krфmer COL venue VAL vldb j. COL year VAL 1997"
2424,a logical view of structured files,"s abiteboul , s cluet , t milo",vldb j.,1998,"COL title VAL a logical view of structured files COL authors VAL s abiteboul , s cluet , t milo COL venue VAL vldb j. COL year VAL 1998"
2425,fast image retrieval using color-spatial information,"b ooi , k tan , t chua , w hsu",vldb j.,1998,"COL title VAL fast image retrieval using color-spatial information COL authors VAL b ooi , k tan , t chua , w hsu COL venue VAL vldb j. COL year VAL 1998"
2426,"scalable feature selection , classification and signature generation for organizing large text databases into hierarchical topic taxonomies","s chakrabarti , b dom , r agrawal , p raghavan",vldb j.,1998,"COL title VAL scalable feature selection , classification and signature generation for organizing large text databases into hierarchical topic taxonomies COL authors VAL s chakrabarti , b dom , r agrawal , p raghavan COL venue VAL vldb j. COL year VAL 1998"
2427,integrating reliable memory in databases,"w ng , p chen",vldb j.,1998,"COL title VAL integrating reliable memory in databases COL authors VAL w ng , p chen COL venue VAL vldb j. COL year VAL 1998"
2428,garbage collection in object-oriented databases using transactional cyclic reference counting,"p roy , s seshadri , a silberschatz , s sudarshan , s ashwin",vldb j.,1998,"COL title VAL garbage collection in object-oriented databases using transactional cyclic reference counting COL authors VAL p roy , s seshadri , a silberschatz , s sudarshan , s ashwin COL venue VAL vldb j. COL year VAL 1998"
2429,integrated document caching and prefetching in storage hierarchies based on markov-chain predictions,"a kraiss , g weikum",vldb j.,1998,"COL title VAL integrated document caching and prefetching in storage hierarchies based on markov-chain predictions COL authors VAL a kraiss , g weikum COL venue VAL vldb j. COL year VAL 1998"
2430,integrating symbolic images into a multimedia database system using classification and abstraction approaches,"a soffer , h samet",vldb j.,1998,"COL title VAL integrating symbolic images into a multimedia database system using classification and abstraction approaches COL authors VAL a soffer , h samet COL venue VAL vldb j. COL year VAL 1998"
2431,enhanced abstract data types in object-relational databases,p seshadri,vldb j.,1998,COL title VAL enhanced abstract data types in object-relational databases COL authors VAL p seshadri COL venue VAL vldb j. COL year VAL 1998
2432,exact : an extensible approach to active object-oriented databases,"o dэaz , a jaime",vldb j.,1997,"COL title VAL exact : an extensible approach to active object-oriented databases COL authors VAL o dэaz , a jaime COL venue VAL vldb j. COL year VAL 1997"
2433,query processing over object views of relational data,"g fahl , t risch",vldb j.,1997,"COL title VAL query processing over object views of relational data COL authors VAL g fahl , t risch COL venue VAL vldb j. COL year VAL 1997"
2434,"optimizing relational queries in connection hypergraphs : nested queries , views , and binding propagations",j han,vldb j.,1998,"COL title VAL optimizing relational queries in connection hypergraphs : nested queries , views , and binding propagations COL authors VAL j han COL venue VAL vldb j. COL year VAL 1998"
2435,the oodb path-method generator ( pmg ) using access weights and precomputed access relevance,"a mehta , j geller , y perl , e neuhold",vldb j.,1998,"COL title VAL the oodb path-method generator ( pmg ) using access weights and precomputed access relevance COL authors VAL a mehta , j geller , y perl , e neuhold COL venue VAL vldb j. COL year VAL 1998"
2436,a flexible and recoverable client/server database event notification system,"e hanson , i chen , r dastur , k engel , v ramaswamy , w tan , c xu",vldb j.,1998,"COL title VAL a flexible and recoverable client/server database event notification system COL authors VAL e hanson , i chen , r dastur , k engel , v ramaswamy , w tan , c xu COL venue VAL vldb j. COL year VAL 1998"
2437,data partitioning and load balancing in parallel disk systems,"p scheuermann , g weikum , p zabback",vldb j.,1998,"COL title VAL data partitioning and load balancing in parallel disk systems COL authors VAL p scheuermann , g weikum , p zabback COL venue VAL vldb j. COL year VAL 1998"
2438,maintenance of implication integrity constraints under updates to constraints,"n ishakbeyoglu , z жzsoyoglu",vldb j.,1998,"COL title VAL maintenance of implication integrity constraints under updates to constraints COL authors VAL n ishakbeyoglu , z жzsoyoglu COL venue VAL vldb j. COL year VAL 1998"
2439,"advanced data processing in krisys : modeling concepts , implementation techniques , and client/server issues","s deпloch , t hфrder , n mattos , b mitschang , j thomas",vldb j.,1998,"COL title VAL advanced data processing in krisys : modeling concepts , implementation techniques , and client/server issues COL authors VAL s deпloch , t hфrder , n mattos , b mitschang , j thomas COL venue VAL vldb j. COL year VAL 1998"
2440,data page layouts for relational databases on deep memory hierarchies,"a ailamaki , d dewitt , m hill",vldb j.,2002,"COL title VAL data page layouts for relational databases on deep memory hierarchies COL authors VAL a ailamaki , d dewitt , m hill COL venue VAL vldb j. COL year VAL 2002"
2441,database indexing for large dna and protein sequence collections,"e hunt , m atkinson , r irving",vldb j.,2002,"COL title VAL database indexing for large dna and protein sequence collections COL authors VAL e hunt , m atkinson , r irving COL venue VAL vldb j. COL year VAL 2002"
2442,views in a large-scale xml repository,"v aguilera , s cluet , t milo , p veltri , d vodislav",vldb j.,2002,"COL title VAL views in a large-scale xml repository COL authors VAL v aguilera , s cluet , t milo , p veltri , d vodislav COL venue VAL vldb j. COL year VAL 2002"
2443,editorial,,,2002,COL title VAL editorial COL authors VAL  COL venue VAL  COL year VAL 2002
2444,a template model for multidimensional inter-transactional association rules,"l feng , j yu , h lu , j han",vldb j.,2002,"COL title VAL a template model for multidimensional inter-transactional association rules COL authors VAL l feng , j yu , h lu , j han COL venue VAL vldb j. COL year VAL 2002"
2445,efficient similarity search for market basket data,"a nanopoulos , y manolopoulos",vldb j.,2002,"COL title VAL efficient similarity search for market basket data COL authors VAL a nanopoulos , y manolopoulos COL venue VAL vldb j. COL year VAL 2002"
2446,speeding up construction of pmr quadtree-based spatial indexes,"g hjaltason , h samet",vldb j.,2002,"COL title VAL speeding up construction of pmr quadtree-based spatial indexes COL authors VAL g hjaltason , h samet COL venue VAL vldb j. COL year VAL 2002"
2447,spatial indexing of high-dimensional data based on relative approximation,"y sakurai , m yoshikawa , s uemura , h kojima",vldb j.,2002,"COL title VAL spatial indexing of high-dimensional data based on relative approximation COL authors VAL y sakurai , m yoshikawa , s uemura , h kojima COL venue VAL vldb j. COL year VAL 2002"
2448,an authorization system for digital libraries,"e ferrari , n adam , v atluri , e bertino , u capuozzo",vldb j.,2002,"COL title VAL an authorization system for digital libraries COL authors VAL e ferrari , n adam , v atluri , e bertino , u capuozzo COL venue VAL vldb j. COL year VAL 2002"
2449,efficient retrieval of similar shapes,"d rafiei , a mendelzon",vldb j.,2002,"COL title VAL efficient retrieval of similar shapes COL authors VAL d rafiei , a mendelzon COL venue VAL vldb j. COL year VAL 2002"
2450,searching in metric spaces by spatial approximation,g navarro,vldb j.,2002,COL title VAL searching in metric spaces by spatial approximation COL authors VAL g navarro COL venue VAL vldb j. COL year VAL 2002
2451,indexing of now-relative spatio-bitemporal data,"s saltenis , c jensen",vldb j.,2002,"COL title VAL indexing of now-relative spatio-bitemporal data COL authors VAL s saltenis , c jensen COL venue VAL vldb j. COL year VAL 2002"
2452,query processing techniques for arrays,"a marathe , k salem",vldb j.,2002,"COL title VAL query processing techniques for arrays COL authors VAL a marathe , k salem COL venue VAL vldb j. COL year VAL 2002"
2453,locating and accessing data repositories with websemantics,"g mihaila , l raschid , a tomasic",vldb j.,2002,"COL title VAL locating and accessing data repositories with websemantics COL authors VAL g mihaila , l raschid , a tomasic COL venue VAL vldb j. COL year VAL 2002"
2454,global transaction support for workflow management systems : from formal specification to practical implementation,"p grefen , j vonk , p apers",vldb j.,2001,"COL title VAL global transaction support for workflow management systems : from formal specification to practical implementation COL authors VAL p grefen , j vonk , p apers COL venue VAL vldb j. COL year VAL 2001"
2455,answering queries using views : a survey,a halevy,vldb j.,2001,COL title VAL answering queries using views : a survey COL authors VAL a halevy COL venue VAL vldb j. COL year VAL 2001
2456,psoup : a system for streaming queries over streaming data,"s chandrasekaran , m franklin",vldb j.,2003,"COL title VAL psoup : a system for streaming queries over streaming data COL authors VAL s chandrasekaran , m franklin COL venue VAL vldb j. COL year VAL 2003"
2457,"watermarking relational data : framework , algorithms and analysis","r agrawal , p haas , j kiernan",vldb j.,2003,"COL title VAL watermarking relational data : framework , algorithms and analysis COL authors VAL r agrawal , p haas , j kiernan COL venue VAL vldb j. COL year VAL 2003"
2458,complex relationships and knowledge discovery support in the infoquilt system,"a sheth , s thacker , s patel",vldb j.,2003,"COL title VAL complex relationships and knowledge discovery support in the infoquilt system COL authors VAL a sheth , s thacker , s patel COL venue VAL vldb j. COL year VAL 2003"
2459,a bayesian decision model for cost optimal record matching,"v verykios , g moustakides , m elfeky",vldb j.,2003,"COL title VAL a bayesian decision model for cost optimal record matching COL authors VAL v verykios , g moustakides , m elfeky COL venue VAL vldb j. COL year VAL 2003"
2460,business-to-business interactions : issues and enabling technologies,"b medjahed , b benatallah , a bouguettaya , a ngu , a elmagarmid",vldb j.,2003,"COL title VAL business-to-business interactions : issues and enabling technologies COL authors VAL b medjahed , b benatallah , a bouguettaya , a ngu , a elmagarmid COL venue VAL vldb j. COL year VAL 2003"
2461,new partnership with acm and update on the journal,m жzsu,vldb j.,2003,COL title VAL new partnership with acm and update on the journal COL authors VAL m жzsu COL venue VAL vldb j. COL year VAL 2003
2462,lineage tracing for general data warehouse transformations,"y cui , j widom",vldb j.,2003,"COL title VAL lineage tracing for general data warehouse transformations COL authors VAL y cui , j widom COL venue VAL vldb j. COL year VAL 2003"
2463,efficient schemes for managing multiversionxml documents,"s chien , v tsotras , c zaniolo",vldb j.,2002,"COL title VAL efficient schemes for managing multiversionxml documents COL authors VAL s chien , v tsotras , c zaniolo COL venue VAL vldb j. COL year VAL 2002"
2464,efficient filtering of xml documents with xpath expressions,"c chan , p felber , m garofalakis , r rastogi",vldb j.,2002,"COL title VAL efficient filtering of xml documents with xpath expressions COL authors VAL c chan , p felber , m garofalakis , r rastogi COL venue VAL vldb j. COL year VAL 2002"
2465,an xml query engine for network-bound data,"z ives , a halevy , d weld",vldb j.,2002,"COL title VAL an xml query engine for network-bound data COL authors VAL z ives , a halevy , d weld COL venue VAL vldb j. COL year VAL 2002"
2466,guest editorial,,,2002,COL title VAL guest editorial COL authors VAL  COL venue VAL  COL year VAL 2002
2467,timber : a native xml database,"h jagadish , s al-khalifa , a chapman , l lakshmanan , a nierman , s paparizos , j patel , d srivastava , n wiwatwattana , y wu , c yu",vldb j.,2002,"COL title VAL timber : a native xml database COL authors VAL h jagadish , s al-khalifa , a chapman , l lakshmanan , a nierman , s paparizos , j patel , d srivastava , n wiwatwattana , y wu , c yu COL venue VAL vldb j. COL year VAL 2002"
2468,anatomy of a native xml base management system,"t fiebig , s helmer , c kanne , g moerkotte , j neumann , r schiele , t westmann",vldb j.,2002,"COL title VAL anatomy of a native xml base management system COL authors VAL t fiebig , s helmer , c kanne , g moerkotte , j neumann , r schiele , t westmann COL venue VAL vldb j. COL year VAL 2002"
2469,tree pattern query minimization,"s amer-yahia , s cho , l lakshmanan , d srivastava",vldb j.,2002,"COL title VAL tree pattern query minimization COL authors VAL s amer-yahia , s cho , l lakshmanan , d srivastava COL venue VAL vldb j. COL year VAL 2002"
2470,energy-performance trade-offs for spatial access methods on memory-resident data,"n an , s gurumurthi , a sivasubramaniam , n vijaykrishnan , m kandemir , m irwin",vldb j.,2002,"COL title VAL energy-performance trade-offs for spatial access methods on memory-resident data COL authors VAL n an , s gurumurthi , a sivasubramaniam , n vijaykrishnan , m kandemir , m irwin COL venue VAL vldb j. COL year VAL 2002"
2471,a formal perspective on the view selection problem,"r chirkova , a halevy , d suciu",vldb j.,2002,"COL title VAL a formal perspective on the view selection problem COL authors VAL r chirkova , a halevy , d suciu COL venue VAL vldb j. COL year VAL 2002"
2472,a graph-theoretic model for optimizing queries involving methods,"c lee , c shih , y chen",vldb j.,2001,"COL title VAL a graph-theoretic model for optimizing queries involving methods COL authors VAL c lee , c shih , y chen COL venue VAL vldb j. COL year VAL 2001"
2473,combining multi-visual features for efficient indexing in a large image database,"a ngu , q sheng , d huynh , r lei",vldb j.,2001,"COL title VAL combining multi-visual features for efficient indexing in a large image database COL authors VAL a ngu , q sheng , d huynh , r lei COL venue VAL vldb j. COL year VAL 2001"
2474,xml-enabled workflow management for e-services across heterogeneous platforms,"g shegalov , m gillmann , g weikum",vldb j.,2001,"COL title VAL xml-enabled workflow management for e-services across heterogeneous platforms COL authors VAL g shegalov , m gillmann , g weikum COL venue VAL vldb j. COL year VAL 2001"
2475,objectglobe : ubiquitous query processing on the internet,"r braumandl , m keidl , a kemper , d kossmann , a kreutz , s seltzsam , k stocker",vldb j.,2001,"COL title VAL objectglobe : ubiquitous query processing on the internet COL authors VAL r braumandl , m keidl , a kemper , d kossmann , a kreutz , s seltzsam , k stocker COL venue VAL vldb j. COL year VAL 2001"
2476,context-based prefetch - an optimization for implementing objects on relations,"p bernstein , s pal , d shutt",vldb j.,2000,"COL title VAL context-based prefetch - an optimization for implementing objects on relations COL authors VAL p bernstein , s pal , d shutt COL venue VAL vldb j. COL year VAL 2000"
2477,indexing very high-dimensional sparse and quasi-sparse vectors for similarity searches,"c wang , x wang",vldb j.,2001,"COL title VAL indexing very high-dimensional sparse and quasi-sparse vectors for similarity searches COL authors VAL c wang , x wang COL venue VAL vldb j. COL year VAL 2001"
2478,supporting efficient multimedia database exploration,"w li , k candan , k hirata , y hara",vldb j.,2001,"COL title VAL supporting efficient multimedia database exploration COL authors VAL w li , k candan , k hirata , y hara COL venue VAL vldb j. COL year VAL 2001"
2479,hmap - a temporal data model managing intervals with different granularities and indeterminacy from natural language sentences,"c combi , g pozzi",vldb j.,2001,"COL title VAL hmap - a temporal data model managing intervals with different granularities and indeterminacy from natural language sentences COL authors VAL c combi , g pozzi COL venue VAL vldb j. COL year VAL 2001"
2480,optimizing database architecture for the new bottleneck : memory access,"s manegold , p boncz , m kersten",vldb j.,2000,"COL title VAL optimizing database architecture for the new bottleneck : memory access COL authors VAL s manegold , p boncz , m kersten COL venue VAL vldb j. COL year VAL 2000"
2481,one-dimensional and multi-dimensional substring selectivity estimation,"h jagadish , o kapitskaia , r ng , d srivastava",vldb j.,2000,"COL title VAL one-dimensional and multi-dimensional substring selectivity estimation COL authors VAL h jagadish , o kapitskaia , r ng , d srivastava COL venue VAL vldb j. COL year VAL 2000"
2482,exploiting early sorting and early partitioning for decisionsupport query processing,"j clauпen , a kemper , d kossmann , c wiesner",vldb j.,2000,"COL title VAL exploiting early sorting and early partitioning for decisionsupport query processing COL authors VAL j clauпen , a kemper , d kossmann , c wiesner COL venue VAL vldb j. COL year VAL 2000"
2483,guest editorial,,,2000,COL title VAL guest editorial COL authors VAL  COL venue VAL  COL year VAL 2000
2484,dynamic vp-tree indexing for n-nearest neighbor search given pair-wise distances,"a fu , p chan , y cheung , y moon",vldb j.,2000,"COL title VAL dynamic vp-tree indexing for n-nearest neighbor search given pair-wise distances COL authors VAL a fu , p chan , y cheung , y moon COL venue VAL vldb j. COL year VAL 2000"
2485,checking the temporal integrity of interactive multimedia documents,"i mirbel , b pernici , t sellis , s tserkezoglou , m vazirgiannis",vldb j.,2000,"COL title VAL checking the temporal integrity of interactive multimedia documents COL authors VAL i mirbel , b pernici , t sellis , s tserkezoglou , m vazirgiannis COL venue VAL vldb j. COL year VAL 2000"
2486,progressive evaluation of nested aggregate queries,"k tan , c goh , b ooi",vldb j.,2000,"COL title VAL progressive evaluation of nested aggregate queries COL authors VAL k tan , c goh , b ooi COL venue VAL vldb j. COL year VAL 2000"
2487,online dynamic reordering,"v raman , b raman , j hellerstein",vldb j.,2000,"COL title VAL online dynamic reordering COL authors VAL v raman , b raman , j hellerstein COL venue VAL vldb j. COL year VAL 2000"
2488,monotonic complements for independent data warehouses,"d laurent , j lechtenbіrger , n spyratos , g vossen",vldb j.,2001,"COL title VAL monotonic complements for independent data warehouses COL authors VAL d laurent , j lechtenbіrger , n spyratos , g vossen COL venue VAL vldb j. COL year VAL 2001"
2489,efficiently publishing relational data as xml documents,"j shanmugasundaram , e shekita , r barr , m carey , b lindsay , h pirahesh , b reinwald",vldb j.,2001,"COL title VAL efficiently publishing relational data as xml documents COL authors VAL j shanmugasundaram , e shekita , r barr , m carey , b lindsay , h pirahesh , b reinwald COL venue VAL vldb j. COL year VAL 2001"
2490,a survey of approaches to automatic schema matching,"e rahm , p bernstein",vldb j.,2001,"COL title VAL a survey of approaches to automatic schema matching COL authors VAL e rahm , p bernstein COL venue VAL vldb j. COL year VAL 2001"
2491,semantic integrity support in sql : 1999 and commercial ( object - ) relational database management systems,"c tќrker , m gertz",vldb j.,2001,"COL title VAL semantic integrity support in sql : 1999 and commercial ( object - ) relational database management systems COL authors VAL c tќrker , m gertz COL venue VAL vldb j. COL year VAL 2001"
2492,guest editorial,,,2001,COL title VAL guest editorial COL authors VAL  COL venue VAL  COL year VAL 2001
2493,picodbms : scaling down database techniques for the smartcard,"p pucheral , l bouganim , p valduriez , c bobineau",vldb j.,2001,"COL title VAL picodbms : scaling down database techniques for the smartcard COL authors VAL p pucheral , l bouganim , p valduriez , c bobineau COL venue VAL vldb j. COL year VAL 2001"
2494,approximate query mapping : accounting for translation closeness,"k chang , h garcia-molina",vldb j.,2001,"COL title VAL approximate query mapping : accounting for translation closeness COL authors VAL k chang , h garcia-molina COL venue VAL vldb j. COL year VAL 2001"
2495,approximate query processing using wavelets,"k chakrabarti , m garofalakis , r rastogi , k shim",vldb j.,2001,"COL title VAL approximate query processing using wavelets COL authors VAL k chakrabarti , m garofalakis , r rastogi , k shim COL venue VAL vldb j. COL year VAL 2001"
2496,designing wrapper components for e-services in integrating heterogeneous systems,"m mecella , b pernici",vldb j.,2001,"COL title VAL designing wrapper components for e-services in integrating heterogeneous systems COL authors VAL m mecella , b pernici COL venue VAL vldb j. COL year VAL 2001"
2497,active rules for xml : a new paradigm for e-services,"a bonifati , s ceri , s paraboschi",vldb j.,2001,"COL title VAL active rules for xml : a new paradigm for e-services COL authors VAL a bonifati , s ceri , s paraboschi COL venue VAL vldb j. COL year VAL 2001"
2498,minicon : a scalable algorithm for answering queries using views,"r pottinger , a halevy",vldb j.,2001,"COL title VAL minicon : a scalable algorithm for answering queries using views COL authors VAL r pottinger , a halevy COL venue VAL vldb j. COL year VAL 2001"
2499,user-cognizant multidimensional analysis,s sarawagi,vldb j.,2001,COL title VAL user-cognizant multidimensional analysis COL authors VAL s sarawagi COL venue VAL vldb j. COL year VAL 2001
2500,e-services - guest editorial,,,2001,COL title VAL e-services - guest editorial COL authors VAL  COL venue VAL  COL year VAL 2001
2501,integrating and customizing heterogeneous e-commerce applications,"a eyal , t milo",vldb j.,2001,"COL title VAL integrating and customizing heterogeneous e-commerce applications COL authors VAL a eyal , t milo COL venue VAL vldb j. COL year VAL 2001"
2502,an internet-based negotiation server for e-commerce,"s su , c huang , j hammer , y huang , h li , l wang , y liu , c pluempitiwiriyawej , m lee , h lam",vldb j.,2001,"COL title VAL an internet-based negotiation server for e-commerce COL authors VAL s su , c huang , j hammer , y huang , h li , l wang , y liu , c pluempitiwiriyawej , m lee , h lam COL venue VAL vldb j. COL year VAL 2001"
2503,an architecture to support scalable online personalization on the web,"a datta , k dutta , d vandermeer , k ramamritham , s navathe",vldb j.,2001,"COL title VAL an architecture to support scalable online personalization on the web COL authors VAL a datta , k dutta , d vandermeer , k ramamritham , s navathe COL venue VAL vldb j. COL year VAL 2001"
2504,the gmap : a versatile tool for physical data independence,"o tsatalos , m solomon , y ioannidis",vldb j.,1996,"COL title VAL the gmap : a versatile tool for physical data independence COL authors VAL o tsatalos , m solomon , y ioannidis COL venue VAL vldb j. COL year VAL 1996"
2505,algebraic query optimisation for database programming languages,"a poulovassilis , c small",vldb j.,1996,"COL title VAL algebraic query optimisation for database programming languages COL authors VAL a poulovassilis , c small COL venue VAL vldb j. COL year VAL 1996"
2506,index nesting - an efficient approach to indexing in object-oriented databases,"b ooi , j han , h lu , k tan",vldb j.,1996,"COL title VAL index nesting - an efficient approach to indexing in object-oriented databases COL authors VAL b ooi , j han , h lu , k tan COL venue VAL vldb j. COL year VAL 1996"
2507,the design and implementation of k : a high-level knowledge-base programming language of osam * . kbms,"y shyy , j arroyo , s su , h lam",vldb j.,1996,"COL title VAL the design and implementation of k : a high-level knowledge-base programming language of osam * . kbms COL authors VAL y shyy , j arroyo , s su , h lam COL venue VAL vldb j. COL year VAL 1996"
2508,a taxonomy of correctness criteria in database applications,"k ramamritham , p chrysanthis",vldb j.,1996,"COL title VAL a taxonomy of correctness criteria in database applications COL authors VAL k ramamritham , p chrysanthis COL venue VAL vldb j. COL year VAL 1996"
2509,a predicate-based caching scheme for client-server database architectures,"a keller , j basu",vldb j.,1996,"COL title VAL a predicate-based caching scheme for client-server database architectures COL authors VAL a keller , j basu COL venue VAL vldb j. COL year VAL 1996"
2510,an experimental system for object-based sharing in federated databases,"d fang , s ghandeharizadeh",vldb j.,1996,"COL title VAL an experimental system for object-based sharing in federated databases COL authors VAL d fang , s ghandeharizadeh COL venue VAL vldb j. COL year VAL 1996"
2511,type-safe relaxing of schema consistency rules for flexible modeling in oodbms,"e amiel , m bellosta , e dujardin , e simon",vldb j.,1996,"COL title VAL type-safe relaxing of schema consistency rules for flexible modeling in oodbms COL authors VAL e amiel , m bellosta , e dujardin , e simon COL venue VAL vldb j. COL year VAL 1996"
2512,an asymptotically optimal multiversion b-tree,"b becker , s gschwind , t ohler , b seeger , p widmayer",vldb j.,1996,"COL title VAL an asymptotically optimal multiversion b-tree COL authors VAL b becker , s gschwind , t ohler , b seeger , p widmayer COL venue VAL vldb j. COL year VAL 1996"
2513,building knowledge base management systems,"j mylopoulos , v chaudhri , d plexousakis , a shrufi , t topaloglou",vldb j.,1996,"COL title VAL building knowledge base management systems COL authors VAL j mylopoulos , v chaudhri , d plexousakis , a shrufi , t topaloglou COL venue VAL vldb j. COL year VAL 1996"
2514,"the hb-pi-tree : a multi-attribute index supporting concurrency , recovery and node consolidation","g evangelidis , d lomet , b salzberg",vldb j.,1997,"COL title VAL the hb-pi-tree : a multi-attribute index supporting concurrency , recovery and node consolidation COL authors VAL g evangelidis , d lomet , b salzberg COL venue VAL vldb j. COL year VAL 1997"
2515,data placement in shared-nothing parallel database systems,"m mehta , d dewitt",vldb j.,1997,"COL title VAL data placement in shared-nothing parallel database systems COL authors VAL m mehta , d dewitt COL venue VAL vldb j. COL year VAL 1997"
2516,access path support for referential integrity in sql2,"t hфrder , j reinert",vldb j.,1996,"COL title VAL access path support for referential integrity in sql2 COL authors VAL t hфrder , j reinert COL venue VAL vldb j. COL year VAL 1996"
2517,a complete temporal relational algebra,"d dey , t barron , v storey",vldb j.,1996,"COL title VAL a complete temporal relational algebra COL authors VAL d dey , t barron , v storey COL venue VAL vldb j. COL year VAL 1996"
2518,semantic and schematic similarities between database objects : a context-based approach,"v kashyap , a sheth",vldb j.,1996,"COL title VAL semantic and schematic similarities between database objects : a context-based approach COL authors VAL v kashyap , a sheth COL venue VAL vldb j. COL year VAL 1996"
2519,query processing and optimization in oracle rdb,"g antoshenkov , m ziauddin",vldb j.,1996,"COL title VAL query processing and optimization in oracle rdb COL authors VAL g antoshenkov , m ziauddin COL venue VAL vldb j. COL year VAL 1996"
2520,the power of languages for the manipulation of complex values,"s abiteboul , c beeri",vldb j.,1995,"COL title VAL the power of languages for the manipulation of complex values COL authors VAL s abiteboul , c beeri COL venue VAL vldb j. COL year VAL 1995"
2521,fibonacci : a programming language for object databases,"a albano , g ghelli , r orsini",vldb j.,1995,"COL title VAL fibonacci : a programming language for object databases COL authors VAL a albano , g ghelli , r orsini COL venue VAL vldb j. COL year VAL 1995"
2522,quickstore : a high performance mapped object store,"s white , d dewitt",vldb j.,1995,"COL title VAL quickstore : a high performance mapped object store COL authors VAL s white , d dewitt COL venue VAL vldb j. COL year VAL 1995"
2523,historical queries along multiple lines of time evolution,"g landau , j schmidt , v tsotras",vldb j.,1995,"COL title VAL historical queries along multiple lines of time evolution COL authors VAL g landau , j schmidt , v tsotras COL venue VAL vldb j. COL year VAL 1995"
2524,tigukat : a uniform behavioral objectbase management system,"m жzsu , r peters , d szafron , b irani , a lipka , a muёoz",vldb j.,1995,"COL title VAL tigukat : a uniform behavioral objectbase management system COL authors VAL m жzsu , r peters , d szafron , b irani , a lipka , a muёoz COL venue VAL vldb j. COL year VAL 1995"
2525,thщmis : a database programming language handling integrity constraints,"v benzaken , a doucet",vldb j.,1995,"COL title VAL thщmis : a database programming language handling integrity constraints COL authors VAL v benzaken , a doucet COL venue VAL vldb j. COL year VAL 1995"
2526,"title , preface to the special issue on persistent object systems",,,1995,"COL title VAL title , preface to the special issue on persistent object systems COL authors VAL  COL venue VAL  COL year VAL 1995"
2527,orthogonally persistent object systems,"m atkinson , r morrison",vldb j.,1995,"COL title VAL orthogonally persistent object systems COL authors VAL m atkinson , r morrison COL venue VAL vldb j. COL year VAL 1995"
2528,mariposa : a wide-area distributed database system,"m stonebraker , p aoki , w litwin , a pfeffer , a sah , j sidell , c staelin , a yu",vldb j.,1996,"COL title VAL mariposa : a wide-area distributed database system COL authors VAL m stonebraker , p aoki , w litwin , a pfeffer , a sah , j sidell , c staelin , a yu COL venue VAL vldb j. COL year VAL 1996"
2529,join algorithm costs revisited,"e harris , k ramamohanarao",vldb j.,1996,"COL title VAL join algorithm costs revisited COL authors VAL e harris , k ramamohanarao COL venue VAL vldb j. COL year VAL 1996"
2530,parallelising oodbms traversals : a performance evaluation,"d dewitt , j naughton , j shafer , s venkataraman",vldb j.,1996,"COL title VAL parallelising oodbms traversals : a performance evaluation COL authors VAL d dewitt , j naughton , j shafer , s venkataraman COL venue VAL vldb j. COL year VAL 1996"
2531,priority assignment in real-time active databases,"r sivasankaran , j stankovic , d towsley , b purimetla , k ramamritham",vldb j.,1996,"COL title VAL priority assignment in real-time active databases COL authors VAL r sivasankaran , j stankovic , d towsley , b purimetla , k ramamritham COL venue VAL vldb j. COL year VAL 1996"
2532,"title , foreword , vldb journal to be published electronically , index vol . 4",,,1995,"COL title VAL title , foreword , vldb journal to be published electronically , index vol . 4 COL authors VAL  COL venue VAL  COL year VAL 1995"
2533,sleepers and workaholics : caching strategies in mobile environments,"d barbarс , t imielinski",vldb j.,1995,"COL title VAL sleepers and workaholics : caching strategies in mobile environments COL authors VAL d barbarс , t imielinski COL venue VAL vldb j. COL year VAL 1995"
2534,alphasort : a cache-sensitive parallel external sort,"c nyberg , t barclay , z cvetanovic , j gray , d lomet",vldb j.,1995,"COL title VAL alphasort : a cache-sensitive parallel external sort COL authors VAL c nyberg , t barclay , z cvetanovic , j gray , d lomet COL venue VAL vldb j. COL year VAL 1995"
2535,estimating page fetches for index scans with finite lru buffers,"a swami , k schiefer",vldb j.,1995,"COL title VAL estimating page fetches for index scans with finite lru buffers COL authors VAL a swami , k schiefer COL venue VAL vldb j. COL year VAL 1995"
2536,hyperfile : a data and query model for documents,"c clifton , h garcia-molina , d bloom",vldb j.,1995,"COL title VAL hyperfile : a data and query model for documents COL authors VAL c clifton , h garcia-molina , d bloom COL venue VAL vldb j. COL year VAL 1995"
2537,the software information base : a server for reuse,"p constantopoulos , m jarke , j mylopoulos , y vassiliou",vldb j.,1995,"COL title VAL the software information base : a server for reuse COL authors VAL p constantopoulos , m jarke , j mylopoulos , y vassiliou COL venue VAL vldb j. COL year VAL 1995"
2538,an introduction to spatial database systems,r gќting,vldb j.,1994,COL title VAL an introduction to spatial database systems COL authors VAL r gќting COL venue VAL vldb j. COL year VAL 1994
2539,ordered shared locks for real-time databases,"d agrawal , a abbadi , r jeffers , l lin",vldb j.,1995,"COL title VAL ordered shared locks for real-time databases COL authors VAL d agrawal , a abbadi , r jeffers , l lin COL venue VAL vldb j. COL year VAL 1995"
2540,"title , foreword , preface to the special issue on spatial database systems , index vol . 3",,,1994,"COL title VAL title , foreword , preface to the special issue on spatial database systems , index vol . 3 COL authors VAL  COL venue VAL  COL year VAL 1994"
2541,a semantic modeling approach for image retrieval by content,"w chu , i ieong , r taira",vldb j.,1994,"COL title VAL a semantic modeling approach for image retrieval by content COL authors VAL w chu , i ieong , r taira COL venue VAL vldb j. COL year VAL 1994"
2542,qualitative representation of spatial knowledge in two-dimensional space,"d papadias , t sellis",vldb j.,1994,"COL title VAL qualitative representation of spatial knowledge in two-dimensional space COL authors VAL d papadias , t sellis COL venue VAL vldb j. COL year VAL 1994"
2543,management of multidimensional discrete data,p baumann,vldb j.,1994,COL title VAL management of multidimensional discrete data COL authors VAL p baumann COL venue VAL vldb j. COL year VAL 1994
2544,title,,,1995,COL title VAL title COL authors VAL  COL venue VAL  COL year VAL 1995
2545,"adaptable pointer swizzling strategies in object bases : design , realization , and quantitative analysis","a kemper , d kossmann",vldb j.,1995,"COL title VAL adaptable pointer swizzling strategies in object bases : design , realization , and quantitative analysis COL authors VAL a kemper , d kossmann COL venue VAL vldb j. COL year VAL 1995"
2546,updating knowledge bases while maintaining their consistency,"e teniente , a olivщ",vldb j.,1995,"COL title VAL updating knowledge bases while maintaining their consistency COL authors VAL e teniente , a olivщ COL venue VAL vldb j. COL year VAL 1995"
2547,data model for extensible support of explicit relationships in design databases,"j peckham , b mackellar , m doherty",vldb j.,1995,"COL title VAL data model for extensible support of explicit relationships in design databases COL authors VAL j peckham , b mackellar , m doherty COL venue VAL vldb j. COL year VAL 1995"
2548,interviso : dealing with the complexity of federated database access,"m templeton , h henley , e maros , d buer",vldb j.,1995,"COL title VAL interviso : dealing with the complexity of federated database access COL authors VAL m templeton , h henley , e maros , d buer COL venue VAL vldb j. COL year VAL 1995"
2549,realm-based spatial data types : the rose algebra,"r gќting , m schneider",vldb j.,1995,"COL title VAL realm-based spatial data types : the rose algebra COL authors VAL r gќting , m schneider COL venue VAL vldb j. COL year VAL 1995"
2550,"title , announcement",,,1995,"COL title VAL title , announcement COL authors VAL  COL venue VAL  COL year VAL 1995"
2551,characterization of database access pattern for analytic prediction of buffer hit probability,"a dan , p yu , j chung",vldb j.,1995,"COL title VAL characterization of database access pattern for analytic prediction of buffer hit probability COL authors VAL a dan , p yu , j chung COL venue VAL vldb j. COL year VAL 1995"
2552,"the glue-nail deductive database system : design , implementation , and evaluation","m derr , s morishita , g phipps",vldb j.,1994,"COL title VAL the glue-nail deductive database system : design , implementation , and evaluation COL authors VAL m derr , s morishita , g phipps COL venue VAL vldb j. COL year VAL 1994"
2553,the coral deductive system,"r ramakrishnan , d srivastava , s sudarshan , p seshadri",vldb j.,1994,"COL title VAL the coral deductive system COL authors VAL r ramakrishnan , d srivastava , s sudarshan , p seshadri COL venue VAL vldb j. COL year VAL 1994"
2554,the aditi deductive database system,"j vaghani , k ramamohanarao , d kemp , z somogyi , p stuckey , t leask , j harland",vldb j.,1994,"COL title VAL the aditi deductive database system COL authors VAL j vaghani , k ramamohanarao , d kemp , z somogyi , p stuckey , t leask , j harland COL venue VAL vldb j. COL year VAL 1994"
2555,chronological scheduling of transactions with temporal dependencies,"d georgakopoulos , m rusinkiewicz , w litwin",vldb j.,1994,"COL title VAL chronological scheduling of transactions with temporal dependencies COL authors VAL d georgakopoulos , m rusinkiewicz , w litwin COL venue VAL vldb j. COL year VAL 1994"
2556,dynamic maintenance of data distribution for selectivity estimation,"k whang , s kim , g wiederhold",vldb j.,1994,"COL title VAL dynamic maintenance of data distribution for selectivity estimation COL authors VAL k whang , s kim , g wiederhold COL venue VAL vldb j. COL year VAL 1994"
2557,a pattern-based object calculus,"n kamel , p wu , s su",vldb j.,1994,"COL title VAL a pattern-based object calculus COL authors VAL n kamel , p wu , s su COL venue VAL vldb j. COL year VAL 1994"
2558,"title , foreword",,,1994,"COL title VAL title , foreword COL authors VAL  COL venue VAL  COL year VAL 1994"
2559,versioning and configuration management in an object-oriented data model,e sciore,vldb j.,1994,COL title VAL versioning and configuration management in an object-oriented data model COL authors VAL e sciore COL venue VAL vldb j. COL year VAL 1994
2560,the tv-tree : an index structure for high-dimensional data,"k lin , h jagadish , c faloutsos",vldb j.,1994,"COL title VAL the tv-tree : an index structure for high-dimensional data COL authors VAL k lin , h jagadish , c faloutsos COL venue VAL vldb j. COL year VAL 1994"
2561,efficiently instantiating view-objects from remote relational databases,"b lee , g wiederhold",vldb j.,1994,"COL title VAL efficiently instantiating view-objects from remote relational databases COL authors VAL b lee , g wiederhold COL venue VAL vldb j. COL year VAL 1994"
2562,"title , foreword",,,1994,"COL title VAL title , foreword COL authors VAL  COL venue VAL  COL year VAL 1994"
2563,the demarcation protocol : a technique for maintaining constraints in distributed database systems,"d barbarс , h garcia-molina",vldb j.,1994,"COL title VAL the demarcation protocol : a technique for maintaining constraints in distributed database systems COL authors VAL d barbarс , h garcia-molina COL venue VAL vldb j. COL year VAL 1994"
2564,index configuration in object-oriented databases,e bertino,vldb j.,1994,COL title VAL index configuration in object-oriented databases COL authors VAL e bertino COL venue VAL vldb j. COL year VAL 1994
2565,an introduction to deductive database languages and systems,"k ramamohanarao , j harland",vldb j.,1994,"COL title VAL an introduction to deductive database languages and systems COL authors VAL k ramamohanarao , j harland COL venue VAL vldb j. COL year VAL 1994"
2566,declare and sds : early efforts to commercialize deductive database technology,"w kieпling , h schmidt , w strauп , g dќnzinger",vldb j.,1994,"COL title VAL declare and sds : early efforts to commercialize deductive database technology COL authors VAL w kieпling , h schmidt , w strauп , g dќnzinger COL venue VAL vldb j. COL year VAL 1994"
2567,"title , foreword , special issue editorial",,,1994,"COL title VAL title , foreword , special issue editorial COL authors VAL  COL venue VAL  COL year VAL 1994"
2568,sampling large databases for association rules,h toivonen,vldb,1996,COL title VAL sampling large databases for association rules COL authors VAL h toivonen COL venue VAL vldb COL year VAL 1996
2569,tods reviewers,,,2003,COL title VAL tods reviewers COL authors VAL  COL venue VAL  COL year VAL 2003
2570,editor 's notes,l liu,sigmod record,2003,COL title VAL editor 's notes COL authors VAL l liu COL venue VAL sigmod record COL year VAL 2003
2571,reordering query execution in tertiary memory databases,"s sarawagi , m stonebraker",vldb,1996,"COL title VAL reordering query execution in tertiary memory databases COL authors VAL s sarawagi , m stonebraker COL venue VAL vldb COL year VAL 1996"
2572,query processing techniques for multiversion access methods,"j bercken , b seeger",vldb,1996,"COL title VAL query processing techniques for multiversion access methods COL authors VAL j bercken , b seeger COL venue VAL vldb COL year VAL 1996"
2573,a graphical query language for mobile information systems,y chang,sigmod record,2003,COL title VAL a graphical query language for mobile information systems COL authors VAL y chang COL venue VAL sigmod record COL year VAL 2003
2574,pesto : an integrated query/browser for object databases,"m carey , l haas , v maganty , j williams",vldb,1996,"COL title VAL pesto : an integrated query/browser for object databases COL authors VAL m carey , l haas , v maganty , j williams COL venue VAL vldb COL year VAL 1996"
2575,a multi-paradigm querying approach for a generic multimedia database management system,"j wen , q li , w ma , h zhang",sigmod record,2003,"COL title VAL a multi-paradigm querying approach for a generic multimedia database management system COL authors VAL j wen , q li , w ma , h zhang COL venue VAL sigmod record COL year VAL 2003"
2576,report on the 17th brazilian symposium on database systems ( sbbd 2002 ),,,2003,COL title VAL report on the 17th brazilian symposium on database systems ( sbbd 2002 ) COL authors VAL  COL venue VAL  COL year VAL 2003
2577,query decomposition and view maintenance for query languages for unstructured data,d suciu,vldb,1996,COL title VAL query decomposition and view maintenance for query languages for unstructured data COL authors VAL d suciu COL venue VAL vldb COL year VAL 1996
2578,xml schema,"c campbell , a eisenberg , j melton",sigmod record,2003,"COL title VAL xml schema COL authors VAL c campbell , a eisenberg , j melton COL venue VAL sigmod record COL year VAL 2003"
2579,schemasql - a language for interoperability in relational multi-database systems,"l lakshmanan , f sadri , i subramanian",vldb,1996,"COL title VAL schemasql - a language for interoperability in relational multi-database systems COL authors VAL l lakshmanan , f sadri , i subramanian COL venue VAL vldb COL year VAL 1996"
2580,time management for new faculty,"a ailamaki , j gehrke",sigmod record,2003,"COL title VAL time management for new faculty COL authors VAL a ailamaki , j gehrke COL venue VAL sigmod record COL year VAL 2003"
2581,querying heterogeneous information sources using source descriptions,"a levy , a rajaraman , j ordille",vldb,1996,"COL title VAL querying heterogeneous information sources using source descriptions COL authors VAL a levy , a rajaraman , j ordille COL venue VAL vldb COL year VAL 1996"
2582,two-body job searches,"m winslett , x ma , t yu",sigmod record,2003,"COL title VAL two-body job searches COL authors VAL m winslett , x ma , t yu COL venue VAL sigmod record COL year VAL 2003"
2583,supporting state-wide immunisation tracking using multi-paradigm workflow technology,"a sheth , k kochut , j miller , d worah , s das , c lin , d palaniswami , j lynch , i shevchenko",vldb,1996,"COL title VAL supporting state-wide immunisation tracking using multi-paradigm workflow technology COL authors VAL a sheth , k kochut , j miller , d worah , s das , c lin , d palaniswami , j lynch , i shevchenko COL venue VAL vldb COL year VAL 1996"
2584,practical issues with commercial use of federated databases,j kleewein,vldb,1996,COL title VAL practical issues with commercial use of federated databases COL authors VAL j kleewein COL venue VAL vldb COL year VAL 1996
2585,chair 's message,,,2002,COL title VAL chair 's message COL authors VAL  COL venue VAL  COL year VAL 2002
2586,an early look at xquery,"j melton , a eisenberg",sigmod record,2002,"COL title VAL an early look at xquery COL authors VAL j melton , a eisenberg COL venue VAL sigmod record COL year VAL 2002"
2587,integrating triggers and declarative constraints in sql database sytems,"r cochrane , h pirahesh , n mattos",vldb,1996,"COL title VAL integrating triggers and declarative constraints in sql database sytems COL authors VAL r cochrane , h pirahesh , n mattos COL venue VAL vldb COL year VAL 1996"
2588,guest editor 's introduction,,,2002,COL title VAL guest editor 's introduction COL authors VAL  COL venue VAL  COL year VAL 2002
2589,scalablity and availability in oracle7 7.3,d gawlick,vldb,1996,COL title VAL scalablity and availability in oracle7 7.3 COL authors VAL d gawlick COL venue VAL vldb COL year VAL 1996
2590,"rights of tods readers , authors and reviewers",r snodgrass,sigmod record,2002,"COL title VAL rights of tods readers , authors and reviewers COL authors VAL r snodgrass COL venue VAL sigmod record COL year VAL 2002"
2591,supporting procedural constructs in sql compilers,n mattos,vldb,1996,COL title VAL supporting procedural constructs in sql compilers COL authors VAL n mattos COL venue VAL vldb COL year VAL 1996
2592,emergent semantics and the multimedia semantic web,"w grosky , d sreenath , f fotouhi",sigmod record,2002,"COL title VAL emergent semantics and the multimedia semantic web COL authors VAL w grosky , d sreenath , f fotouhi COL venue VAL sigmod record COL year VAL 2002"
2593,the xps approach to loading and unloading terabyte databases,s atal,vldb,1996,COL title VAL the xps approach to loading and unloading terabyte databases COL authors VAL s atal COL venue VAL vldb COL year VAL 1996
2594,a framework for semantic gossiping,"k aberer , p cudrщ-mauroux , m hauswirth",sigmod record,2002,"COL title VAL a framework for semantic gossiping COL authors VAL k aberer , p cudrщ-mauroux , m hauswirth COL venue VAL sigmod record COL year VAL 2002"
2595,large databases for remote sensing and gis,a dasgupta,vldb,1996,COL title VAL large databases for remote sensing and gis COL authors VAL a dasgupta COL venue VAL vldb COL year VAL 1996
2596,using referential integrity to easily define consistent subset replicas,b hammond,vldb,1996,COL title VAL using referential integrity to easily define consistent subset replicas COL authors VAL b hammond COL venue VAL vldb COL year VAL 1996
2597,amicalola report : database and information system research challenges and opportunities in semantic web and enterprises,"a sheth , r meersman",sigmod record,2002,"COL title VAL amicalola report : database and information system research challenges and opportunities in semantic web and enterprises COL authors VAL a sheth , r meersman COL venue VAL sigmod record COL year VAL 2002"
2598,book review column,k aberer,sigmod record,2002,COL title VAL book review column COL authors VAL k aberer COL venue VAL sigmod record COL year VAL 2002
2599,how system 11 sql server became fast,t rengarajan,vldb,1996,COL title VAL how system 11 sql server became fast COL authors VAL t rengarajan COL venue VAL vldb COL year VAL 1996
2600,supporting periodic authorizations and temporal reasoning in database access control,"e bertino , c bettini , e ferrari , p samarati",vldb,1996,"COL title VAL supporting periodic authorizations and temporal reasoning in database access control COL authors VAL e bertino , c bettini , e ferrari , p samarati COL venue VAL vldb COL year VAL 1996"
2601,data modelling versus ontology engineering,"p spyns , r meersman , m jarrar",sigmod record,2002,"COL title VAL data modelling versus ontology engineering COL authors VAL p spyns , r meersman , m jarrar COL venue VAL sigmod record COL year VAL 2002"
2602,intra-transaction parallelism in the mapping of an object model to a relational multi-processor system,"m rys , m norrie , h schek",vldb,1996,"COL title VAL intra-transaction parallelism in the mapping of an object model to a relational multi-processor system COL authors VAL m rys , m norrie , h schek COL venue VAL vldb COL year VAL 1996"
2603,editor 's notes,l liu,sigmod record,2002,COL title VAL editor 's notes COL authors VAL l liu COL venue VAL sigmod record COL year VAL 2002
2604,on the computation of multidimensional aggregates,"s agarwal , r agrawal , p deshpande , a gupta , j naughton , r ramakrishnan , s sarawagi",vldb,1996,"COL title VAL on the computation of multidimensional aggregates COL authors VAL s agarwal , r agrawal , p deshpande , a gupta , j naughton , r ramakrishnan , s sarawagi COL venue VAL vldb COL year VAL 1996"
2605,conceptual model of web service reputation,"e maximilien , m singh",sigmod record,2002,"COL title VAL conceptual model of web service reputation COL authors VAL e maximilien , m singh COL venue VAL sigmod record COL year VAL 2002"
2606,querying a multilevel database : a logical analysis,f cuppens,vldb,1996,COL title VAL querying a multilevel database : a logical analysis COL authors VAL f cuppens COL venue VAL vldb COL year VAL 1996
2607,a conceptual architecture for semantic web enabled web services,"c bussler , d fensel , a maedche",sigmod record,2002,"COL title VAL a conceptual architecture for semantic web enabled web services COL authors VAL c bussler , d fensel , a maedche COL venue VAL sigmod record COL year VAL 2002"
2608,report on the first international workshop an efficient web-based information systems,,,2003,COL title VAL report on the first international workshop an efficient web-based information systems COL authors VAL  COL venue VAL  COL year VAL 2003
2609,information retrieval from an incomplete data cube,c dyreson,vldb,1996,COL title VAL information retrieval from an incomplete data cube COL authors VAL c dyreson COL venue VAL vldb COL year VAL 1996
2610,reminiscences an influential papers,,,2003,COL title VAL reminiscences an influential papers COL authors VAL  COL venue VAL  COL year VAL 2003
2611,storage estimation for multidimensional aggregates in the presence of hierarchies,"a shukla , p deshpande , j naughton , k ramasamy",vldb,1996,"COL title VAL storage estimation for multidimensional aggregates in the presence of hierarchies COL authors VAL a shukla , p deshpande , j naughton , k ramasamy COL venue VAL vldb COL year VAL 1996"
2612,call for book reviews,,,2003,COL title VAL call for book reviews COL authors VAL  COL venue VAL  COL year VAL 2003
2613,modeling design versions,"r ramakrishnan , d ram",vldb,1996,"COL title VAL modeling design versions COL authors VAL r ramakrishnan , d ram COL venue VAL vldb COL year VAL 1996"
2614,sprint : a scalable parallel classifier for data mining,"j shafer , r agrawal , m mehta",vldb,1996,"COL title VAL sprint : a scalable parallel classifier for data mining COL authors VAL j shafer , r agrawal , m mehta COL venue VAL vldb COL year VAL 1996"
2615,"report on the first international conference on ontologies , databases and applications of semantics",,,2003,"COL title VAL report on the first international conference on ontologies , databases and applications of semantics COL authors VAL  COL venue VAL  COL year VAL 2003"
