id1,id2,sim_score
27442156,64511013,0.9995833
79821099,3447561,0.9959649
25877530,30674519,0.9949264
79788718,35583855,0.9941528
5603029,23211539,0.9938415
23211539,5603029,0.9938415
70986060,50903406,0.9914213
47751906,82583255,0.99113715
29553137,11409646,0.9902122
36022457,47146148,0.98990977
9016004,19411291,0.9898184
5137860,53641305,0.98679686
81212084,24351127,0.98156404
26301462,97657130,0.9812028
25877530,36803847,0.981178
46010816,89243104,0.98073405
36803847,30674519,0.97960967
30674519,36803847,0.97960967
5092599,53521572,0.97943866
48484532,36803847,0.9792039
87322400,66129710,0.977646
45633828,84528711,0.97755486
84528711,45633828,0.97755486
1046934,21963707,0.9768759
54500223,36986473,0.97636396
48484532,25877530,0.9763234
30674519,48484532,0.97557026
48484532,30674519,0.97557026
18500821,9232364,0.974705
1647419,81356812,0.9744541
30674519,2282686,0.9738335
25877530,2282686,0.9726163
2282686,25877530,0.9726163
516433,79625472,0.97186667
88398980,81954319,0.97175384
31803140,38344216,0.97052664
38344216,31803140,0.97052664
64511013,10214898,0.97012436
37065951,70702847,0.96868956
70702847,37065951,0.96868956
10214898,27442156,0.96832275
90603941,49605449,0.96817255
18666720,74461011,0.96696115
9746845,89243104,0.9660339
49092761,69406607,0.96588457
51683015,22211135,0.96586967
52993309,36986473,0.96501976
1741624,91126559,0.9637285
66053411,8565641,0.96369916
31558480,36803847,0.9634821
97396039,16529934,0.96327484
64692163,39833087,0.963253
54500223,52993309,0.96227
52993309,54500223,0.96227
53072167,18666720,0.96215594
25593960,45946412,0.96142435
90806148,31531912,0.96051776
70880620,48521210,0.96032166
31276154,51733905,0.95967567
59585994,29929454,0.95945203
10719102,17629924,0.95897037
28224541,24494324,0.95841676
29064292,22211135,0.9582195
22211135,29064292,0.9582195
30141859,25593960,0.9555382
31558480,30674519,0.95550764
12524915,62368315,0.9554883
62368315,12524915,0.9554883
31558480,25877530,0.9552241
12650660,81408609,0.9546524
9748896,81356812,0.95462984
55393360,16529934,0.9540505
96037332,50775039,0.9533572
48484532,2282686,0.95333326
2282686,48484532,0.95333326
36803847,2282686,0.95319396
2282686,36803847,0.95319396
50789754,35809370,0.9531846
88398980,63386383,0.9530109
82583255,38344216,0.9527819
38344216,82583255,0.9527819
18666720,52425202,0.95274985
37254069,51810284,0.95270526
51810284,37254069,0.95270526
82583255,88945662,0.9525622
88945662,82583255,0.9525622
88773659,34388814,0.9524287
34388814,88773659,0.9524287
6721540,14576497,0.9514121
31558480,48484532,0.9511433
22211135,20145574,0.9510938
12650660,27195828,0.9510116
48138837,62293619,0.9509181
47751906,88945662,0.95054954
12389785,22007806,0.94985116
6721540,29064292,0.94968337
14128915,31276154,0.94946325
51733905,88957207,0.9491124
55393360,97396039,0.9485165
7883208,41182463,0.9480714
26736430,97657130,0.94790494
25593960,79821099,0.9468943
79821099,25593960,0.9468943
79821099,45946412,0.9466448
45946412,79821099,0.9466448
45145764,8315719,0.94541895
28129178,12524915,0.94530463
12524915,28129178,0.94530463
1647419,9748896,0.945126
9748896,1647419,0.945126
43932865,27365404,0.9450964
74461011,53072167,0.94467086
53072167,74461011,0.94467086
3167871,50920560,0.9444088
20145574,29064292,0.94431865
29064292,20145574,0.94431865
71957793,77338417,0.944129
31420404,47200708,0.9440384
47200708,31420404,0.9440384
26301462,26736430,0.9439243
26736430,26301462,0.9439243
22109936,19949293,0.9433863
47751906,38344216,0.9433801
38344216,47751906,0.9433801
55393360,11022309,0.9432535
8315719,66437726,0.94325197
9746845,46010816,0.94308174
46010816,9746845,0.94308174
15787372,79475473,0.9430629
79475473,15787372,0.9430629
41485546,37955791,0.94301236
63984980,53905543,0.9430077
6480791,30526558,0.94255614
30526558,6480791,0.94255614
81954319,63386383,0.9415297
63386383,81954319,0.94152963
10999896,24052138,0.9412731
24052138,10999896,0.9412731
52425202,74461011,0.94114864
27365404,14345451,0.9405699
90183159,27347346,0.94056535
93836358,61794834,0.94050777
61794834,93836358,0.94050777
7020103,48791418,0.94047356
3447561,25593960,0.9400774
25593960,3447561,0.9400774
50944416,38344216,0.9394164
38344216,88945662,0.9391828
88945662,38344216,0.9391828
3807651,27365404,0.93914676
28129178,62368315,0.9391178
62368315,28129178,0.9391178
96636315,13174650,0.938674
516433,47389275,0.93794644
79625472,75249284,0.9372947
90603941,62578226,0.9369361
36425270,1329026,0.9361231
1329026,36425270,0.9361231
51683015,29064292,0.9358627
3889666,28656579,0.93578386
81439789,48305046,0.93559813
25870078,87824933,0.93556595
81603750,12291734,0.93556094
80725760,87459276,0.9350952
50769372,29339493,0.9350527
67614478,43411151,0.93496656
64692163,84459988,0.93489957
41485546,97168711,0.933799
19462081,76497591,0.9337734
45946412,3447561,0.9333799
87259085,61794834,0.93307674
61794834,87259085,0.93307674
27195828,81408609,0.932914
81408609,27195828,0.932914
12389785,3447561,0.93241835
3447561,12389785,0.93241835
66564908,1329026,0.93235904
96098511,74490598,0.93218297
41485546,15678458,0.9320316
15678458,41485546,0.9320316
31803140,82583255,0.9319117
82583255,31803140,0.9319117
31803140,50944416,0.93169916
50944416,31803140,0.93169916
2208630,98857946,0.9316814
98857946,2208630,0.9316814
53072167,52425202,0.93149877
52425202,53072167,0.93149877
70702847,47070583,0.9311681
79821099,12389785,0.931054
12389785,79821099,0.931054
55393360,35759560,0.9307881
35759560,55393360,0.9307881
62578226,49605449,0.9306892
49605449,62578226,0.9306892
3736831,61154808,0.9300812
62242636,15306268,0.9300375
15774916,97634734,0.92987645
36868284,7717624,0.9296937
48580118,4284864,0.9296813
96636315,5092599,0.9296006
62368315,1644190,0.9289853
45946412,22007806,0.9288782
84459988,12959047,0.92878616
93674071,6480791,0.9282884
6480791,93674071,0.9282884
68173491,1741624,0.9281243
1741624,68173491,0.9281243
97168711,37955791,0.9280893
13142970,48580118,0.9280486
16529934,11022309,0.9277582
11022309,16529934,0.9277582
71957793,93836358,0.92771035
20145574,83724071,0.9276606
1136383,47293324,0.92763585
6721540,22211135,0.9275043
22211135,6721540,0.9275043
91929224,12051271,0.9274907
52851091,33365078,0.92745584
33365078,52851091,0.92745584
29339493,7020103,0.9273988
7020103,29339493,0.9273988
31803140,47751906,0.9272875
47751906,31803140,0.9272875
25135333,52249526,0.9272706
52249526,25135333,0.9272706
14654897,66564908,0.927137
14345451,3807651,0.926916
3807651,14345451,0.926916
44884689,75255299,0.9265905
75255299,44884689,0.9265905
6480791,90945536,0.9264232
89258775,27365404,0.9263833
27365404,89258775,0.9263833
30141859,45946412,0.9263818
83724071,51683015,0.92598844
66437726,45145764,0.9250755
45145764,66437726,0.9250755
47070583,37065951,0.9249873
37065951,47070583,0.9249873
1136383,52799959,0.9249514
52799959,1136383,0.9249514
47389275,79625472,0.92450804
30526558,23211539,0.9242153
62089162,3170005,0.92419004
87317188,64518758,0.9240926
64518758,87317188,0.9240926
516433,75249284,0.923764
48102422,18147366,0.9235565
56475885,416796,0.9234293
23007161,81408609,0.92341334
81408609,23007161,0.92341334
38344216,25135333,0.92322254
87824933,84514463,0.9231298
84514463,87824933,0.9231298
50944416,25135333,0.9228724
26736430,86176880,0.9226534
36425270,66564908,0.9226018
66564908,36425270,0.9226018
29914496,415992,0.92231214
35978749,62368315,0.922286
83555610,83013356,0.9222555
22992322,18331466,0.92217743
18331466,22992322,0.92217743
92894304,77094922,0.9220204
77094922,92894304,0.9220204
51946981,12051271,0.9219229
12051271,51946981,0.9219229
11708101,35424032,0.9218986
30526558,5603029,0.92189765
10229909,23007161,0.92185605
35759560,16529934,0.921662
16529934,35759560,0.921662
54377216,38071613,0.9216446
14519075,26736430,0.92145085
26736430,14519075,0.92145085
92858368,43411151,0.9209558
78504458,57337098,0.9208541
70331081,48734649,0.92071414
69996428,79475473,0.9204813
8565641,21755591,0.9201549
89258775,14345451,0.9201038
14345451,89258775,0.9201038
54500223,45145764,0.91979134
45145764,54500223,0.91979134
13238453,52992150,0.9197074
52992150,13238453,0.9197074
6721540,20145574,0.9195523
20145574,6721540,0.9195523
23775322,27074490,0.91954494
27021728,88398980,0.91947794
28224541,7020103,0.9191323
54550733,89814977,0.9191033
87824933,27843837,0.9190001
27843837,87824933,0.9190001
51683015,20145574,0.91897225
20145574,51683015,0.91897225
30526558,66625804,0.91847306
66625804,30526558,0.91847306
12291734,84459988,0.9184234
84459988,12291734,0.9184234
35759560,97396039,0.91832465
97396039,35759560,0.91832465
21044132,4486003,0.91817915
4486003,21044132,0.91817915
86176880,14519075,0.9179795
14519075,86176880,0.9179795
2158913,31276154,0.91787493
35978749,12524915,0.9178448
12524915,35978749,0.9178448
76569969,84249757,0.91762114
37955791,15678458,0.91755617
15678458,37955791,0.91755617
15787372,69996428,0.9174793
69996428,15787372,0.9174793
43932865,89258775,0.91740274
89258775,43932865,0.91740274
57298257,7437957,0.91725826
7437957,57298257,0.91725826
47784049,22007806,0.9171961
22007806,47784049,0.9171961
29064292,67318157,0.91718686
25025467,20847407,0.91694295
20847407,25025467,0.91694295
51946981,71490927,0.9168003
71490927,51946981,0.9168003
28603694,56383083,0.91676414
56383083,28603694,0.91676414
52249526,31803140,0.91655505
24494324,2024149,0.91651636
59536106,9513553,0.9164488
17103408,75132289,0.91632277
44483408,35759560,0.9162085
35759560,44483408,0.9162085
50944416,82583255,0.9158753
29064292,83724071,0.91583735
78504458,78504449,0.9157699
68173491,18862066,0.91573757
18862066,68173491,0.91573757
12032039,66810868,0.9157146
66810868,12032039,0.9157146
30141859,79821099,0.9156934
79821099,30141859,0.9156934
75297744,32658304,0.91498774
32658304,75297744,0.91498774
92858368,72819377,0.9148794
72819377,92858368,0.9148794
28224541,2024149,0.9147811
2024149,28224541,0.9147811
72819377,43411151,0.9147036
43411151,72819377,0.9147036
64223023,48790334,0.91460836
48790334,64223023,0.91460836
31803140,88945662,0.9145318
45014189,84899710,0.9143389
84899710,45014189,0.9143389
62287971,22109936,0.9143089
22109936,62287971,0.9143089
50944416,88945662,0.9141248
88945662,50944416,0.9141248
14654897,18480165,0.9140538
64323838,40208952,0.913923
40208952,64323838,0.913923
98554509,95781094,0.9137429
66129710,54377216,0.9131969
68173491,91126559,0.913181
21044132,84465814,0.9131598
84465814,21044132,0.9131598
67614478,72819377,0.9129301
72819377,67614478,0.9129301
22211135,83724071,0.9128576
83724071,22211135,0.9128576
19006949,54798530,0.9128267
78223883,50944416,0.9128227
13174650,65028129,0.91274846
40845396,35759560,0.91274464
1741624,19102781,0.9127296
19102781,1741624,0.9127296
93836358,94106554,0.9123874
94106554,93836358,0.9123874
52249526,38344216,0.91237146
38344216,52249526,0.91237146
4486003,84465814,0.91223204
53521572,65028129,0.91221535
47948274,57337098,0.9121922
17681625,17869090,0.91217196
41902860,28603694,0.9121045
28603694,41902860,0.9121045
83274921,3420227,0.91200376
3420227,83274921,0.91200376
87322400,38071613,0.9118626
30141859,3447561,0.9118339
3447561,30141859,0.9118339
28224541,50769372,0.91180384
48791418,42779659,0.91167635
7020103,51683015,0.9114729
51683015,7020103,0.9114729
14654897,9513553,0.9112911
87572356,47613152,0.9112314
47613152,87572356,0.9112314
46987758,8315719,0.9111055
8315719,46987758,0.9111055
64518758,12853731,0.9110031
41987114,52851091,0.9109978
87637930,64518758,0.9109782
11620368,8565641,0.9109709
8565641,11620368,0.9109709
3348619,54992750,0.91086227
66053411,21755591,0.91085756
21755591,66053411,0.91085756
87824933,22109936,0.91083324
62891962,81408609,0.9108294
18480165,36425270,0.91074985
36425270,18480165,0.91074985
87259085,93836358,0.91074634
12389785,30141859,0.91053
30141859,12389785,0.91053
8315719,78196838,0.910509
78196838,8315719,0.910509
25135333,27074490,0.91049856
27074490,25135333,0.91049856
96636315,65028129,0.9103305
46246978,21122556,0.9101683
50156673,88398980,0.9100838
88398980,50156673,0.9100838
31803140,25135333,0.9100439
25135333,31803140,0.9100439
23007161,27195828,0.9098184
27195828,23007161,0.9098184
34259452,53464814,0.90976596
11620368,66053411,0.90963566
66053411,11620368,0.90963566
14519075,28656579,0.9094925
28656579,14519075,0.9094925
93674071,30526558,0.90947795
30526558,93674071,0.90947795
19102781,68173491,0.9094018
31373426,77146001,0.9094
88168633,51946981,0.9093969
51946981,88168633,0.9093969
90795718,18331466,0.9088974
18331466,90795718,0.9088974
18666720,2952392,0.9088562
2952392,18666720,0.9088562
67614478,92858368,0.90871716
87281733,35759560,0.90867287
18480165,1329026,0.90865904
1329026,18480165,0.90865904
67556867,21122556,0.9086193
36027066,96636315,0.90849423
96636315,36027066,0.90849423
47814705,27923177,0.9083824
27923177,47814705,0.9083824
87637930,87317188,0.9083779
87317188,87637930,0.9083779
40116448,29914496,0.90836966
23007161,12650660,0.9082425
12650660,23007161,0.9082425
96142257,71716796,0.9077084
3495669,1647419,0.9076983
1647419,3495669,0.9076983
48790334,30502153,0.9074698
76024362,16871572,0.9074683
16871572,76024362,0.9074683
62368315,8994298,0.9074478
8994298,62368315,0.9074478
51733905,17103408,0.9073224
17103408,51733905,0.9073224
77146001,96142257,0.90710336
96142257,77146001,0.90710336
10385523,29914496,0.90703744
29914496,10385523,0.90703744
75749012,98554509,0.9070215
81239989,36868284,0.9069276
15725521,17629924,0.90691686
47146148,88773659,0.9065876
91929224,51946981,0.9065219
51946981,91929224,0.9065219
92894304,41234714,0.90642226
28284405,33206318,0.9063799
33206318,28284405,0.9063799
71555853,87824933,0.9063052
87824933,71555853,0.9063052
87322400,54377216,0.90611804
54377216,87322400,0.90611804
2046148,10385523,0.9059832
10385523,2046148,0.9059832
83724071,67318157,0.905938
67318157,83724071,0.905938
53737120,74908666,0.905913
27021728,11676180,0.90589964
66129710,38071613,0.9054867
38071613,66129710,0.9054867
46441935,74659398,0.9053896
91929224,27043300,0.90538645
90945536,98124674,0.90531814
77338417,93836358,0.9052395
52851091,77020269,0.90520847
50769372,24494324,0.9051241
24494324,50769372,0.9051241
78223883,25135333,0.9051085
25135333,78223883,0.9051085
53521572,13174650,0.90504277
17103408,63000389,0.9050384
2158913,14128915,0.9045967
48791418,51683015,0.90457463
51683015,48791418,0.90457463
16871572,80529811,0.9045326
51683015,6721540,0.90452224
6721540,51683015,0.90452224
70403624,93725418,0.9044506
98124674,23211539,0.90408033
98554509,54798530,0.90358055
12051271,27043300,0.90354425
27043300,12051271,0.90354425
29339493,28224541,0.9033627
28224541,29339493,0.9033627
36425270,47814705,0.9033507
47814705,36425270,0.9033507
48791418,29339493,0.90330714
29339493,48791418,0.90330714
34259452,23055402,0.9033018
19949293,87824933,0.9032917
87824933,19949293,0.9032917
7021169,83592973,0.90324664
83592973,7021169,0.90324664
15678458,97168711,0.9031734
97168711,15678458,0.9031734
18862066,1741624,0.9031638
56383083,98554509,0.9030187
38823136,21044132,0.90293646
56383083,75749012,0.90285444
80963811,6978466,0.902847
6978466,80963811,0.902847
47146148,34388814,0.9028467
30674519,30454889,0.9027462
13174650,5092599,0.9027171
5092599,13174650,0.90271705
76024362,84429009,0.90261066
88398980,11676180,0.9025775
5603029,93674071,0.9024958
69167600,8565641,0.90248156
8565641,69167600,0.90248156
48791418,28224541,0.90232724
28224541,48791418,0.90232724
30336988,76657775,0.9023006
76657775,30336988,0.9023006
84438504,84977888,0.90227455
84977888,84438504,0.90227455
19102781,91126559,0.90225804
91126559,19102781,0.90225804
27843837,22109936,0.9022416
22109936,27843837,0.9022416
7736538,41530379,0.90212935
71555853,19949293,0.90205514
19949293,71555853,0.90205514
36803847,30454889,0.9019516
45145764,36986473,0.9017552
30526558,98124674,0.9016628
98124674,30526558,0.9016628
80753512,65372331,0.9016533
7383991,72838471,0.90163046
43904710,54798530,0.9015481
16871572,84429009,0.901394
84429009,16871572,0.901394
90183159,36425270,0.90124094
36425270,90183159,0.90124094
12389785,45946412,0.90120554
7574514,61066243,0.9011053
91126559,18862066,0.9010499
13502365,3736831,0.90103817
87459276,89243104,0.9010254
89243104,87459276,0.9010254
28224541,42779659,0.90080154
42779659,28224541,0.90080154
80963811,25980770,0.9007602
51683015,67318157,0.9007523
67318157,51683015,0.9007523
80963811,80753512,0.90067637
80753512,80963811,0.90067637
27043300,51946981,0.90056837
51946981,27043300,0.90056837
6721540,83724071,0.9005064
83724071,6721540,0.9005064
75551932,9951028,0.9003496
46987758,66437726,0.9003245
66437726,46987758,0.9003245
23211539,93674071,0.90029645
93674071,23211539,0.90029645
22007806,79821099,0.9002636
79821099,22007806,0.9002636
59536106,36425270,0.9001651
48484532,30454889,0.9000417
39417365,71957793,0.8997459
81954319,50156673,0.8996568
50156673,81954319,0.8996567
47751906,36986473,0.89952695
50944416,47751906,0.8994489
27843837,19949293,0.89936197
19949293,27843837,0.89936197
66437726,82583255,0.89925414
82583255,66437726,0.89925414
22211135,67318157,0.8992307
67318157,22211135,0.8992307
8315719,54500223,0.8989335
54500223,8315719,0.8989335
25593960,12389785,0.8987752
12389785,25593960,0.8987752
6480791,66625804,0.8987137
66625804,6480791,0.8987137
43932865,3807651,0.8985957
3807651,43932865,0.8985957
14224876,76569969,0.898553
59536106,66564908,0.89846635
9016004,3223487,0.89845204
3223487,9016004,0.89845204
51733905,63000389,0.89842784
63000389,51733905,0.89842784
84459988,39833087,0.8984064
98124674,66625804,0.89837956
66625804,98124674,0.89837956
11022309,97396039,0.8981863
97396039,11022309,0.8981863
20900807,27700752,0.89811623
84459988,81603750,0.8981142
81603750,84459988,0.8981142
50769372,7020103,0.8980922
7020103,50769372,0.8980922
25593960,22007806,0.89797306
22007806,25593960,0.89797306
14654897,59536106,0.897907
53660770,53451198,0.8979058
53451198,53660770,0.8979058
82583255,36986473,0.89781374
20900807,3420227,0.8977194
61066243,56884127,0.8976526
56884127,61066243,0.8976526
8315719,36986473,0.8975831
91980346,45001854,0.897583
45001854,91980346,0.897583
12109505,53451198,0.8975651
2208630,7931274,0.8974929
25870078,71555853,0.8973806
28129178,35978749,0.8972881
35978749,28129178,0.8972881
18289538,12650660,0.8972353
93674071,98124674,0.89715433
98124674,93674071,0.89715433
88168633,12051271,0.8971342
12051271,88168633,0.8971342
66625804,23211539,0.8970971
23211539,66625804,0.8970971
66625804,5603029,0.8970271
6480791,23211539,0.8970231
10999896,15787372,0.89689064
15787372,10999896,0.89689064
44483408,55393360,0.89687675
55393360,44483408,0.89687675
10937592,77969198,0.8966967
20900807,83274921,0.8965746
79475473,10999896,0.8965063
10999896,79475473,0.8965063
8315719,38071613,0.8964618
38071613,8315719,0.8964618
98124674,5603029,0.8963978
5603029,98124674,0.8963978
5603029,6480791,0.8963741
6480791,5603029,0.8963741
50769372,2024149,0.8963325
2024149,50769372,0.8963325
11665937,35809370,0.8962818
18137846,13718289,0.8962573
47751906,54500223,0.8961974
54500223,47751906,0.8961974
47784049,12389785,0.89619184
12389785,47784049,0.89619184
65372331,80963811,0.89612293
32904204,16785446,0.8960887
16785446,32904204,0.8960887
3762458,18331466,0.8960375
18331466,3762458,0.8960375
22007806,30141859,0.89591914
30141859,22007806,0.89591914
2046148,55645397,0.8959007
55645397,2046148,0.8959007
78223883,76657775,0.89580965
54500223,66437726,0.89580643
66437726,54500223,0.89580643
7717624,36133874,0.8957415
98124674,6480791,0.89567584
6480791,98124674,0.89567584
36027066,13174650,0.89564633
13174650,36027066,0.89564633
41902860,54798530,0.89528644
2952392,74461011,0.8952842
74461011,2952392,0.8952842
81962548,56736608,0.89526
50278024,67028945,0.89519054
25980770,80753512,0.8951876
80753512,25980770,0.8951876
34301207,86775292,0.89510816
86775292,34301207,0.89510816
47751906,66437726,0.89480984
66437726,47751906,0.89480984
24557096,80753512,0.8947606
96142257,6800809,0.89468145
6800809,96142257,0.89468145
33078108,29553137,0.8946663
29553137,33078108,0.8946663
18480165,66564908,0.8946419
52993309,66437726,0.8945536
66437726,52993309,0.8945536
14128915,51733905,0.8944411
51733905,14128915,0.8944411
58599683,76195289,0.8943902
13142970,4284864,0.8943646
81954319,11676180,0.8942578
82583255,25135333,0.8942504
25135333,82583255,0.8942504
70495926,9862290,0.8942491
57337098,50278024,0.89421546
50278024,57337098,0.89421535
3762458,71442235,0.8940627
71442235,3762458,0.8940627
67614478,13238453,0.89395916
13238453,67614478,0.89395916
78223883,31803140,0.8938744
85887866,5312650,0.8938457
5312650,85887866,0.8938457
26425849,66564908,0.8935703
59536106,1329026,0.89349145
35759560,11022309,0.8933732
11022309,35759560,0.8933732
45145764,78196838,0.8933648
78196838,45145764,0.8933648
52993309,8315719,0.8932934
8315719,52993309,0.8932934
12524915,8994298,0.89323604
18874158,72314218,0.8932295
54829738,67275979,0.8930712
45759535,30454889,0.89293283
18456007,61794834,0.8928427
55645397,75157949,0.8928208
75157949,55645397,0.8928208
74972794,1136383,0.8927504
1136383,74972794,0.8927504
10557104,25945492,0.892733
29064292,14576497,0.8926697
14576497,29064292,0.8926697
25135333,88945662,0.89256865
88945662,25135333,0.89256865
25135333,23775322,0.8925265
23775322,25135333,0.8925265
43904710,75749012,0.89242494
75749012,43904710,0.89242494
81954319,27021728,0.8923813
27021728,81954319,0.8923812
88945662,78223883,0.8922774
78223883,88945662,0.8922774
12772810,80725760,0.8921723
80725760,12772810,0.8921723
3762458,22992322,0.8920849
22992322,3762458,0.8920849
74461011,15678458,0.892055
15678458,74461011,0.892055
69996428,13887167,0.8920438
13887167,69996428,0.8920438
1644190,8994298,0.89181817
8994298,1644190,0.89181817
87459276,9746845,0.891711
9746845,87459276,0.891711
87281733,40845396,0.8916301
40845396,87281733,0.8916301
75157949,2046148,0.89161515
2046148,75157949,0.89161515
53521572,96636315,0.8916143
96636315,53521572,0.8916143
25025467,93725418,0.89158446
93725418,25025467,0.89158446
53737120,55918296,0.8915625
81351830,90603941,0.89155704
90603941,81351830,0.89155704
57082229,77094922,0.89147997
46441935,8298432,0.89140004
8298432,46441935,0.89140004
48138837,36133874,0.8913555
78223883,52249526,0.89135313
34301207,27843837,0.8913066
27843837,34301207,0.8913066
41987114,33365078,0.8912569
21469105,76426260,0.8912413
89258775,3807651,0.8912391
3807651,89258775,0.8912391
38071613,66437726,0.891181
92858368,13238453,0.89117444
13238453,92858368,0.89117444
22007806,3447561,0.8908117
3447561,22007806,0.8908117
82583255,54500223,0.8907895
54500223,82583255,0.8907895
90945536,30526558,0.89073086
30526558,90945536,0.89073086
75749012,28603694,0.8906612
28603694,75749012,0.8906612
22992322,90795718,0.8905906
90795718,22992322,0.8905906
31276154,17103408,0.89055884
17103408,31276154,0.89055884
71555853,84514463,0.89052546
84514463,71555853,0.89052546
415992,55645397,0.8904885
25877530,30454890,0.8903692
45880639,73248952,0.8902135
50007186,47613152,0.89019954
7020103,22211135,0.8901596
22211135,7020103,0.8901596
47293324,52799959,0.8901287
24224044,3420227,0.89009345
24494324,29339493,0.88991916
13238453,43411151,0.8898972
48430039,84875057,0.88972557
78223883,38344216,0.8896073
51946981,62891962,0.88946915
62891962,51946981,0.88946915
75596485,70495926,0.889403
62891962,10385523,0.8892417
10385523,62891962,0.8892417
42779659,7020103,0.88921475
7020103,42779659,0.88921475
88957207,17103408,0.8890667
17103408,88957207,0.8890667
28656579,86176880,0.8890625
86176880,28656579,0.8890625
19006949,41902860,0.8890611
50005399,31803140,0.88899827
51683015,28224541,0.8889645
62242636,18922461,0.88896066
79625472,27700752,0.8888974
27700752,79625472,0.8888974
75132289,63000389,0.88887036
63000389,75132289,0.88887036
36022457,34388814,0.8888111
34388814,36022457,0.8888111
56383083,41902860,0.88875
88773659,36022457,0.8886458
17282907,48521210,0.8885515
3495669,81356812,0.8885445
87281733,16529934,0.8885398
16529934,87281733,0.8885398
25657556,4484537,0.8884943
75749012,41902860,0.8884251
41902860,75749012,0.8884251
8994298,28129178,0.88840044
28129178,8994298,0.88840044
13174650,7871753,0.88835967
7871753,13174650,0.88835967
24557096,65372331,0.8883586
51733905,75132289,0.88828814
75132289,51733905,0.88828814
87459276,46010816,0.88827705
50005399,25135333,0.88826036
97396039,44483408,0.88825774
44483408,97396039,0.88825774
19411291,3223487,0.88824517
3223487,19411291,0.88824517
29914496,55645397,0.8881161
2952392,29204789,0.8880821
50005399,38344216,0.88806534
2952392,65655694,0.8880315
65655694,2952392,0.8880315
42341716,19411291,0.8880062
7871753,96636315,0.8880049
45313699,66680332,0.887877
18289538,81408609,0.8878164
33078108,11409646,0.88776016
11409646,33078108,0.88776016
66053411,75249284,0.88773596
29064292,28224541,0.8876982
45145764,52993309,0.88767916
52993309,45145764,0.88767916
30674519,30454890,0.8876358
45880639,10373250,0.88761854
10385523,415992,0.88758147
415992,10385523,0.88758147
88957207,31276154,0.88749975
31276154,88957207,0.88749975
70558780,64223023,0.8874796
87317188,28224541,0.88745165
44483408,16529934,0.88743997
96279287,80159309,0.88732135
12291734,12959047,0.88720727
13238453,72819377,0.8871813
18666720,65655694,0.8871672
65655694,18666720,0.8871672
75799899,46809516,0.8868829
43932865,14345451,0.8868332
14345451,43932865,0.8868332
77094922,41234714,0.88682663
41234714,77094922,0.88682663
67318157,6721540,0.8867361
91137581,62145678,0.88661605
32413380,7413764,0.8865117
15725521,10719102,0.88648665
10719102,15725521,0.88648665
66053411,69167600,0.886394
69167600,66053411,0.886394
39833087,12959047,0.88628674
12959047,39833087,0.88628674
29064292,48791418,0.8861976
48791418,29064292,0.8861976
42341716,9016004,0.88618267
22211135,28224541,0.8860251
64223023,10373250,0.88599896
24557096,25980770,0.885993
18666720,15678458,0.8859656
15678458,18666720,0.8859656
71957793,94106554,0.88593316
94106554,71957793,0.88593316
67028945,57337098,0.88589966
57337098,67028945,0.88589966
53426556,81439789,0.88581085
28603694,54798530,0.885802
48484532,30454890,0.88578486
78223883,82583255,0.88576466
82583255,78223883,0.88576466
64323838,38344216,0.88552296
29064292,7020103,0.88540673
7020103,29064292,0.88540673
48791418,22211135,0.8853812
22211135,48791418,0.8853812
52993309,47751906,0.88536215
47751906,52993309,0.88536215
14519075,26301462,0.8853382
64323838,31803140,0.8852703
91929224,88168633,0.88518965
88168633,91929224,0.88518965
45313699,7158327,0.88506633
47751906,25135333,0.88504803
69996428,10999896,0.8849611
43904710,41902860,0.88494116
23491163,91126559,0.88488495
91126559,23491163,0.88488495
45145764,74756753,0.8848785
29553137,80103776,0.8848256
96142257,10214898,0.8848125
10214898,96142257,0.8848125
69366044,22770211,0.884809
78196838,66437726,0.8847798
66625804,93674071,0.88477343
39417365,77338417,0.884701
75132289,31276154,0.8846077
31276154,75132289,0.8846077
18331466,10999896,0.8845041
65372331,25980770,0.88446057
25980770,65372331,0.88446057
18480165,90183159,0.8843841
90183159,18480165,0.8843841
5519409,47293324,0.88428056
34259452,58763783,0.8841825
58763783,34259452,0.8841825
52425202,2952392,0.8841725
2952392,52425202,0.8841725
87637930,28224541,0.8841698
2491460,64003605,0.88415545
18346724,36027066,0.88405526
36027066,18346724,0.88405526
52425202,29204789,0.88403285
29204789,52425202,0.88403285
13253151,47070583,0.88400114
6612505,70269940,0.8839356
50944416,52249526,0.88391113
52249526,50944416,0.88391113
98793471,53426556,0.8838169
81524454,6978466,0.88379484
68689972,84249757,0.88370335
30336988,52249526,0.8836725
52249526,30336988,0.8836725
78196838,46987758,0.88365865
46987758,78196838,0.88365865
43780660,48580118,0.8836329
48580118,43780660,0.8836329
10385523,75157949,0.8835467
75157949,10385523,0.8835467
12524915,1644190,0.88352937
1644190,12524915,0.88352937
90795718,3762458,0.8834144
3762458,90795718,0.8834144
90945536,93674071,0.8833506
25870078,62318417,0.88332593
76569969,15678458,0.88329077
15678458,76569969,0.88329077
69236418,32904204,0.8832853
26425849,1329026,0.8832745
27468857,75749012,0.8831896
75749012,27468857,0.8831896
40208952,8315719,0.883124
84875057,31803140,0.88310695
76657775,38344216,0.8829719
20900807,24224044,0.88295865
3420227,27429904,0.88291556
53641305,97987485,0.8828862
2282686,30454890,0.8828519
25870078,22109936,0.8826821
19006949,98554509,0.88268197
98554509,19006949,0.88268197
69167600,21755591,0.88264096
21755591,69167600,0.88264096
27923177,27843837,0.8826304
27843837,27923177,0.8826304
98554509,41902860,0.8825861
41902860,98554509,0.8825861
18289538,23007161,0.882586
24224044,24802094,0.88250107
24802094,24224044,0.88250107
69996428,50920560,0.88206404
3598671,97987485,0.8819807
97987485,3598671,0.8819807
7020103,24494324,0.88196385
24494324,7020103,0.88196385
52993309,82583255,0.88191956
84249757,14224876,0.8817809
14224876,84249757,0.8817809
64518758,28224541,0.88165665
75157949,29914496,0.8814589
29914496,75157949,0.8814589
22770211,96098511,0.8814407
96098511,22770211,0.8814407
57337098,82676601,0.8813808
11149251,18666720,0.88131255
36803847,30454890,0.88122535
56884127,18835729,0.88111246
52425202,93978472,0.8810815
51946981,71230660,0.8810424
71230660,51946981,0.8810424
5603029,90945536,0.8808532
90945536,5603029,0.8808532
42779659,83724071,0.8808399
83724071,42779659,0.8808399
89961053,63386383,0.8807684
83592973,48138837,0.8807443
48138837,83592973,0.8807443
23211539,90945536,0.8806608
90945536,23211539,0.8806608
30102088,77094922,0.88057756
13142970,31177984,0.8805061
27700752,75249284,0.88046783
88286371,61964427,0.88044745
76657775,50944416,0.88039553
87281733,55393360,0.88038844
55393360,87281733,0.88038844
29467728,10385523,0.8803499
83592973,81239989,0.88034165
81239989,83592973,0.88034165
73591660,83152267,0.88032323
63386383,50156673,0.88027936
50156673,63386383,0.88027936
93978472,18666720,0.8802737
62318417,93168786,0.88025236
62891962,23007161,0.8802141
23007161,62891962,0.8802141
42779659,50769372,0.88015866
50769372,42779659,0.88015866
7158327,66680332,0.8801378
18289538,27195828,0.88006806
51823526,54818129,0.8799852
74461011,93978472,0.8799113
68874465,84745207,0.87990093
57082229,30102088,0.8798265
50007186,87572356,0.87977415
51683015,29339493,0.87958854
67556867,59324937,0.87957543
52249526,88945662,0.87956285
88945662,52249526,0.87956285
87637930,12853731,0.8794927
12853731,87637930,0.8794927
90183159,1329026,0.87947834
48293393,8882504,0.87943316
8882504,48293393,0.87943316
56383083,19006949,0.8793834
19006949,56383083,0.8793834
42210935,50775039,0.8793769
3762458,10999896,0.87932956
57298257,3223487,0.8792888
50769372,51683015,0.87921464
51683015,50769372,0.87921464
20900807,60624891,0.87917733
516433,27700752,0.8790552
27700752,516433,0.8790552
67556867,17813216,0.8790074
77020269,33365078,0.8790018
33365078,77020269,0.8790018
2282686,30454889,0.8789264
22000442,69366044,0.8788654
69366044,22000442,0.8788654
18289538,94512766,0.87870085
84668470,70159856,0.87862855
90795718,10999896,0.8786053
10999896,90795718,0.8786053
48791418,87317188,0.8785854
87317188,48791418,0.8785854
53072167,2952392,0.8785392
2952392,53072167,0.8785392
42779659,51683015,0.87850285
7020103,2024149,0.87842464
2024149,7020103,0.87842464
15787372,50920560,0.8784057
50920560,15787372,0.8784057
27442156,96142257,0.8782972
96142257,27442156,0.8782972
67318157,20145574,0.87820876
20145574,67318157,0.87820876
43932865,49678723,0.8781882
31558480,30454889,0.8781684
48430039,50944416,0.87816775
3420227,27700752,0.8780446
27700752,3420227,0.8780446
50005399,82583255,0.877922
22109936,47814705,0.8779197
47814705,22109936,0.8779197
52425202,65655694,0.877886
65655694,52425202,0.877886
64511013,96142257,0.87783927
96142257,64511013,0.87783927
53464814,31510768,0.87781334
31510768,53464814,0.87781334
67318157,2024149,0.87781155
2024149,67318157,0.87781155
5519409,41520329,0.87777525
15678458,53072167,0.8777497
53072167,15678458,0.8777497
93770909,62891962,0.87772906
81351830,62578226,0.87772834
62578226,81351830,0.87772834
50005399,47751906,0.8776947
90921158,18331466,0.87761074
43904710,28603694,0.8774667
28603694,43904710,0.8774667
75255299,28224541,0.8774321
62293619,36868284,0.8774077
90183159,66564908,0.8774016
9923090,63016126,0.8773829
83592973,7717624,0.8773668
19006949,28603694,0.8773512
28603694,19006949,0.8773512
62318417,36425270,0.8773036
31276154,63000389,0.8772299
63000389,31276154,0.8772299
14576497,22211135,0.87721014
7931274,98857946,0.8771142
27468857,98554509,0.8770771
98554509,27468857,0.8770771
31177984,48580118,0.87701696
48580118,31177984,0.87701696
24557096,6978466,0.87697613
57337098,78504449,0.87688726
8994298,35978749,0.876869
35978749,8994298,0.876869
30007794,96677424,0.87681174
19949293,62287971,0.87676215
62287971,19949293,0.87676215
14128915,17103408,0.87675774
17103408,14128915,0.87675774
84875057,38344216,0.8766582
81349254,33653915,0.8766322
5092599,7871753,0.8765968
7871753,5092599,0.8765968
24927328,15678458,0.8765905
4284864,31177984,0.8765357
31177984,4284864,0.8765357
43904710,56383083,0.87650764
56383083,43904710,0.87650764
27468857,54798530,0.87638927
76657775,31803140,0.8763471
87317188,2024149,0.87631595
2024149,87317188,0.87631595
29339493,8882504,0.8763015
8882504,29339493,0.8763015
94106554,77338417,0.8762603
77338417,94106554,0.8762603
58893463,35809370,0.876222
35809370,58893463,0.876222
58599683,77146001,0.876203
83152267,77356650,0.87619054
41485546,76569969,0.8761642
76569969,41485546,0.8761642
18693009,15267149,0.8761084
40208952,66437726,0.8759828
9513553,66564908,0.875952
95781094,56383083,0.87580806
35978749,1644190,0.87578475
1741624,23491163,0.8757703
23491163,1741624,0.8757703
12650660,62891962,0.87572014
62891962,12650660,0.87572014
87317188,51683015,0.8755808
10229909,12650660,0.8754361
12650660,10229909,0.8754361
15787372,3167871,0.87541384
3167871,15787372,0.87541384
52249526,82583255,0.875368
27074490,50944416,0.87536263
28603694,27468857,0.87535965
64692163,12959047,0.87534094
12959047,64692163,0.87534094
62318417,87824933,0.87533474
40876435,14345451,0.87533045
14345451,40876435,0.87533045
8939620,81239989,0.8753132
69918467,93651578,0.875216
2046148,415992,0.87519974
415992,2046148,0.87519974
6721540,8882504,0.8751409
8882504,6721540,0.8751409
81408609,10385523,0.8750508
15787372,13887167,0.8750392
13887167,15787372,0.8750392
54377216,74756753,0.8750241
74756753,54377216,0.8750241
73248952,10373250,0.8749795
24224044,83274921,0.874885
83274921,24224044,0.874885
42516046,10373250,0.8748542
71490927,12051271,0.87483454
12051271,71490927,0.87483454
31510768,34259452,0.8748259
34259452,31510768,0.8748259
28284405,15880732,0.87479746
18922461,15306268,0.87477994
15306268,18922461,0.87477994
64323838,82583255,0.874591
46987758,31803140,0.87457776
24494324,64518758,0.87452954
415992,29467728,0.87435406
29467728,415992,0.87435406
38071613,38344216,0.87435234
52249526,47751906,0.87431467
24224044,27700752,0.8742888
27700752,24224044,0.8742888
27700752,93168786,0.8742769
6480791,19411291,0.8741309
19411291,6480791,0.8741309
45880639,42516046,0.87411624
42516046,45880639,0.87411624
25870078,19949293,0.8741044
95781094,27468857,0.87407345
27468857,95781094,0.87407345
12853731,87317188,0.8740609
20152457,3957020,0.8739789
43780660,61154808,0.87397677
61154808,43780660,0.87397677
3223487,21668308,0.8739645
21668308,3223487,0.8739645
41253009,30336988,0.8738712
36868284,36133874,0.8738361
50005399,50944416,0.87381345
51909448,70331081,0.8737409
52249526,8315719,0.87367684
75132289,88957207,0.8736754
88957207,75132289,0.8736754
75157949,415992,0.8736526
415992,75157949,0.8736526
2046148,40116448,0.87363243
40116448,2046148,0.87363243
90945536,66625804,0.8736139
66625804,90945536,0.8736139
79788718,87572356,0.87352216
52799959,41520329,0.8733968
11149251,74461011,0.8733787
67275979,90603941,0.87337375
90603941,67275979,0.87337375
1130275,97112728,0.8732134
97112728,1130275,0.8732134
12853731,48293393,0.8731662
64323838,66437726,0.87308884
59324937,17813216,0.87305146
17813216,59324937,0.87305146
84514463,19949293,0.8730222
19949293,84514463,0.8730222
34402785,81603750,0.8728861
87259085,94106554,0.8727145
94106554,87259085,0.8727145
24284489,13502365,0.8726397
13502365,24284489,0.8726397
8281130,66768594,0.87261397
66768594,8281130,0.87261397
41570143,76569969,0.8726054
76569969,41570143,0.8726054
46987758,45145764,0.87256527
18693009,87076936,0.8725092
87076936,18693009,0.8725092
149175,23605781,0.8724557
23605781,149175,0.8724557
23276195,76569969,0.8724376
25025467,70403624,0.8724355
70403624,25025467,0.8724355
40845396,44483408,0.87239754
26237955,24802094,0.8723949
66692743,23775322,0.8723321
23775322,66692743,0.8723321
63000389,14128915,0.8723211
14128915,63000389,0.8723211
75255299,8882504,0.87229514
43932865,12432797,0.8722828
12432797,43932865,0.8722828
39833087,12291734,0.8720919
12291734,39833087,0.8720919
7871753,53521572,0.8720437
53521572,7871753,0.8720437
31373426,96142257,0.8718967
35583855,87572356,0.8718535
87572356,35583855,0.8718535
96989593,80159309,0.8717442
80159309,96989593,0.8717442
87137236,28284405,0.8717312
26009855,2701835,0.8717135
2701835,26009855,0.8717135
77146001,6800809,0.8717083
6800809,77146001,0.8717083
39417365,61794834,0.87166595
97657130,14519075,0.87163097
14519075,97657130,0.87163097
97987485,5137860,0.87158144
80753512,6978466,0.87151396
6978466,80753512,0.87151396
62145678,830512,0.87148845
87317188,42779659,0.8714444
39417365,87259085,0.8713527
67318157,64518758,0.87134826
25945492,61787029,0.8713269
61787029,25945492,0.8713269
67318157,28224541,0.87108123
48138837,7021169,0.8710215
7021169,48138837,0.8710215
62293619,7717624,0.8709208
7717624,62293619,0.8709208
415992,62891962,0.8709058
7717624,48138837,0.8708081
48138837,7717624,0.8708081
85887866,149175,0.87080073
149175,85887866,0.87080073
23007161,94512766,0.87079847
94512766,23007161,0.87079847
1644190,9561888,0.8707062
9561888,1644190,0.8707062
27043300,23007161,0.8706732
23007161,27043300,0.8706732
40208952,36133874,0.87066007
23775322,50944416,0.8706157
44483408,87281733,0.8705647
5938532,32904204,0.87043977
12650660,10385523,0.8703965
12109505,53660770,0.87032163
53464814,23055402,0.8703073
619357,15813840,0.8702488
15813840,619357,0.8702488
2024149,75255299,0.8702328
11620368,21755591,0.870167
21755591,11620368,0.870167
28129178,1644190,0.8701656
29467728,29914496,0.8701476
72314218,87459276,0.8700319
87459276,72314218,0.8700319
70702847,13253151,0.86998194
13253151,70702847,0.86998194
81239989,36133874,0.8699399
95781094,75749012,0.86992013
27074490,38344216,0.8699107
30336988,46987758,0.8698561
46987758,30336988,0.8698561
30336988,8315719,0.8698443
80963811,29716234,0.86976177
29716234,80963811,0.86976177
55645397,10385523,0.8697555
76024362,21670568,0.8696712
38071613,46987758,0.8696444
46987758,38071613,0.8696444
47814705,1329026,0.8695379
19102781,18862066,0.8693892
18862066,19102781,0.8693892
9513553,36425270,0.8692621
81954319,89961053,0.86924386
30336988,25135333,0.8692031
90183159,59536106,0.86904895
34259452,15041298,0.8690361
69817830,90795718,0.86900145
93836358,72558082,0.86898696
8882504,82583255,0.8689721
23775322,38344216,0.8689333
29714425,87824933,0.8688648
80103776,11409646,0.86886424
11409646,80103776,0.86886424
78504458,82676601,0.86875147
82676601,78504458,0.86875147
18346724,7871753,0.8687508
54685720,79851703,0.8687464
79851703,54685720,0.8687464
43189520,57337098,0.8687417
14128915,75132289,0.86871326
75132289,14128915,0.86871326
27074490,31803140,0.8686809
79475473,50920560,0.868679
50920560,79475473,0.868679
66047716,71290070,0.86852276
26736430,28656579,0.86852276
71290070,66047716,0.86852276
49605449,81351830,0.8684922
81351830,49605449,0.8684922
36027066,76426260,0.8684907
49067884,87824933,0.8684646
35191236,88730603,0.86841065
88398980,89961053,0.86839724
89961053,88398980,0.86839724
43411151,82090972,0.86839145
82090972,43411151,0.86839145
8882504,14576497,0.8682857
14576497,8882504,0.8682857
84875057,78223883,0.868282
37955791,76569969,0.8681988
76569969,37955791,0.8681988
28603694,95781094,0.8681656
95781094,28603694,0.8681656
62242632,10385523,0.86809886
64323838,47751906,0.868088
48791418,50769372,0.8680673
28656579,14345451,0.86806375
14345451,28656579,0.86806375
7717624,81239989,0.8680403
81239989,7717624,0.8680403
16871572,5708838,0.86778605
5708838,16871572,0.86778605
71555853,22109936,0.8677342
22109936,71555853,0.8677342
8174351,60638240,0.86772597
8939620,36133874,0.86768126
81603750,12959047,0.8676145
12959047,81603750,0.8676145
90916504,66652299,0.8675347
43780660,4284864,0.8674731
4284864,43780660,0.8674731
74908666,55918296,0.867473
40845396,55393360,0.86746705
55393360,40845396,0.86746705
22992322,15787372,0.86739445
27923177,87824933,0.8673185
54377216,8315719,0.86731744
38383881,51823526,0.86727333
51823526,38383881,0.86727333
7979158,6236857,0.86712754
6236857,7979158,0.86712754
43904710,98554509,0.86711246
98554509,43904710,0.86711246
32701286,22000442,0.8670683
45759535,93033011,0.8669605
93033011,45759535,0.8669605
80086981,56034511,0.8668809
46987758,52249526,0.8667947
89258775,40876435,0.86670566
41253009,76657775,0.86668825
64323838,46987758,0.8666643
74490598,22770211,0.86664265
22770211,74490598,0.86664265
962259,17007886,0.8666226
32701286,96098511,0.8665861
96098511,32701286,0.8665861
2046148,29914496,0.8664423
12291734,64692163,0.8664343
64692163,12291734,0.8664343
64607522,37865200,0.8663788
27923177,36425270,0.8663679
53426556,85887866,0.86632687
85887866,53426556,0.86632687
27195828,10385523,0.8662709
15678458,93978472,0.8662328
93978472,15678458,0.8662328
18666720,29204789,0.86618924
29204789,18666720,0.86618924
78196838,87322400,0.8661636
87322400,78196838,0.8661636
41182463,56831449,0.86609435
56831449,41182463,0.86609423
86775292,27843837,0.86595345
50005399,52249526,0.8659506
44141044,77356650,0.8658498
77356650,44141044,0.8658498
83274921,60624891,0.865847
2158913,51733905,0.8658428
8939620,83592973,0.8658393
83592973,8939620,0.8658393
76657775,82583255,0.8656703
71555853,1741624,0.8655251
23276195,98600039,0.865483
98600039,23276195,0.865483
38071613,45145764,0.86535144
78504458,47948274,0.86530405
47948274,78504458,0.86530405
2158913,75132289,0.86528516
75132289,2158913,0.86528516
78504458,67028945,0.8652613
67028945,78504458,0.8652613
54685720,95222715,0.8651401
11149251,2952392,0.8651318
87137236,3170005,0.86511934
13253151,37065951,0.86506855
37065951,13253151,0.86506855
72314218,12772810,0.86500657
12772810,72314218,0.86500657
67614478,52992150,0.86498296
47814705,87824933,0.86496717
64323838,84875057,0.86496556
84875057,64323838,0.86496556
73248952,85333987,0.8649493
85333987,73248952,0.8649493
88168633,62891962,0.8648758
43904710,27468857,0.8648445
10229909,62891962,0.8647765
40208952,38344216,0.86472094
79475473,24052138,0.8646971
24052138,79475473,0.8646971
96691496,53905543,0.8646066
27043300,88168633,0.8645899
88168633,27043300,0.8645899
65655694,29204789,0.8645797
8939620,36868284,0.8644638
36868284,8939620,0.8644638
19248199,18693009,0.8643967
18693009,19248199,0.8643967
18346724,96636315,0.8643779
98554509,28603694,0.8642826
28603694,98554509,0.8642826
74756753,8315719,0.86424947
39833087,81603750,0.864232
81603750,39833087,0.864232
7873500,45880639,0.8642092
45880639,7873500,0.8642092
66129710,78196838,0.86420184
78196838,66129710,0.86420184
38117313,21755591,0.8641752
44483408,11022309,0.864154
11022309,44483408,0.864154
69167600,11620368,0.8639987
11620368,69167600,0.8639987
14576497,67318157,0.86399627
58599683,10214898,0.8639927
27347346,66564908,0.8639877
23775322,31803140,0.86393297
66129710,46987758,0.86383986
50005399,88945662,0.8637899
88945662,50005399,0.8637899
21670568,16871572,0.8637234
16871572,21670568,0.8637234
71957793,61794834,0.86370593
61794834,71957793,0.86370593
46950967,94512766,0.8636725
94512766,46950967,0.8636725
93978472,53072167,0.86356336
53072167,93978472,0.86356336
18835729,61066243,0.8635435
47814705,18480165,0.8635087
7717624,7021169,0.8635049
12432797,89258775,0.8634928
89258775,12432797,0.8634928
35759560,48169914,0.8633025
48169914,35759560,0.8633025
8882504,28224541,0.863227
7021169,62293619,0.8632114
62293619,7021169,0.8632114
89258775,49678723,0.8631036
49678723,89258775,0.8631036
96712384,50903406,0.86306274
50903406,96712384,0.86306274
7021169,36868284,0.8630569
36868284,7021169,0.8630569
70880620,17282907,0.863056
17282907,70880620,0.863056
81408609,415992,0.8630132
81408609,27043300,0.86297095
27043300,81408609,0.86297095
79475473,90795718,0.86295027
21668308,9016004,0.8629131
33365078,24561369,0.8628482
24561369,33365078,0.8628482
63386383,11676180,0.8628474
14345451,12432797,0.8628442
12432797,14345451,0.8628442
74756753,54500223,0.8628205
62287971,47814705,0.86278576
53641305,81351830,0.86269724
55645397,29467728,0.86264503
29467728,55645397,0.86264503
24494324,87317188,0.86262727
94106554,72558082,0.8626141
87259085,71957793,0.8625973
71957793,87259085,0.8625973
3764542,77117519,0.86259675
77117519,3764542,0.86259675
49092761,39833087,0.8625603
28656579,26301462,0.86248505
26301462,28656579,0.86248505
36868284,61869387,0.86243755
21668308,19411291,0.862337
47389275,75249284,0.8622253
96712384,70986060,0.8621546
70986060,96712384,0.8621546
8882504,47751906,0.8621459
45633828,47200708,0.86211056
48293393,14576497,0.8620972
14576497,48293393,0.8620972
23605781,81439789,0.8620945
64692163,81603750,0.86207175
94106554,61794834,0.86207044
36027066,7871753,0.861997
7871753,36027066,0.861997
41704902,82583255,0.86196065
3170005,18865753,0.8618991
18865753,3170005,0.8618991
36868284,48138837,0.8618452
48138837,36868284,0.8618452
27347346,36425270,0.8617311
59324937,21122556,0.8616268
21122556,59324937,0.8616268
8939620,61869387,0.8616247
7274546,12432797,0.86159813
23007161,51946981,0.8615883
98793471,59536106,0.8615576
77220996,30007794,0.86153054
30007794,77220996,0.86153054
66129710,8315719,0.86147773
80159309,18915981,0.8614367
23605781,66053411,0.8613506
27429904,83274921,0.86127806
83274921,27429904,0.86127806
19042808,23007161,0.8611362
20145574,28224541,0.861132
21122556,43876521,0.8611157
62242632,12650660,0.8610483
27347346,18480165,0.8610363
84668470,18693009,0.8610164
5030809,77926243,0.8609823
88957207,63000389,0.86097753
63000389,88957207,0.86097753
27043300,62891962,0.8609531
80725760,72314218,0.8608508
72314218,80725760,0.8608508
58893463,11665937,0.86071706
11665937,58893463,0.86071706
3764542,82830386,0.8606776
97657130,86176880,0.86066693
86176880,97657130,0.86066693
39417365,94106554,0.8606528
47613152,79788718,0.86054957
10737119,30007794,0.8605437
9951028,12190772,0.8604307
12190772,9951028,0.8604307
9069903,2687477,0.8603667
2687477,9069903,0.8603667
86176880,26301462,0.86034334
26301462,86176880,0.86034334
64223023,80086981,0.86025184
80086981,64223023,0.86025184
28656579,3807651,0.86018765
3807651,28656579,0.86018765
5312650,149175,0.8601238
89961053,27021728,0.85990393
27021728,89961053,0.85990393
32328366,85333987,0.85980964
19042808,62891962,0.8597903
2952392,88727182,0.85977435
88727182,2952392,0.85977435
84249757,95251916,0.8596784
95251916,84249757,0.8596784
65372331,6978466,0.85966724
6978466,65372331,0.85966724
58755004,11410512,0.8596171
11410512,58755004,0.8596171
64223023,98430609,0.85956115
64223023,7873500,0.8594997
7873500,64223023,0.8594997
54818129,38383881,0.8594896
38383881,54818129,0.8594896
71490927,27043300,0.85948676
27043300,71490927,0.85948676
56064924,25025467,0.8594839
25025467,56064924,0.8594839
78504449,82676601,0.8594551
82676601,78504449,0.8594551
85333987,10373250,0.85945183
17813216,46246978,0.85935235
46246978,17813216,0.85935235
5137860,81351830,0.8591964
40521037,50775039,0.8591728
67275979,49605449,0.85917234
49605449,67275979,0.85917234
48790334,7873500,0.85910916
7873500,48790334,0.85910916
149175,53426556,0.85907054
7883208,55037683,0.8588983
87322400,46987758,0.8587635
83592973,36868284,0.85866505
36868284,83592973,0.85866505
31510768,15041298,0.85855305
23605781,48305046,0.85855126
48305046,23605781,0.85855126
24052138,15787372,0.8584552
14639066,21658813,0.8584498
8882504,48791418,0.85839355
92704095,11199708,0.85825515
11199708,92704095,0.85825515
77220996,10737119,0.85819185
10737119,77220996,0.85819185
18865753,62089162,0.85810184
62089162,18865753,0.85810184
53426556,48305046,0.8579823
48305046,53426556,0.8579823
11149251,93978472,0.857978
50005399,46987758,0.8579687
87137236,33206318,0.8578945
41570143,37955791,0.8578904
37955791,41570143,0.8578904
83211359,90391225,0.8578287
90391225,83211359,0.8578287
64223023,60088869,0.85776603
43411151,81439789,0.85773575
81439789,43411151,0.85773575
95781094,54798530,0.8577276
83152267,44141044,0.8575486
44141044,83152267,0.8575486
78504458,50278024,0.85746413
50278024,78504458,0.8574641
12761549,66564908,0.8574445
43411151,52992150,0.8574138
52992150,43411151,0.8574138
16529934,40845396,0.8573504
40845396,16529934,0.8573504
30675144,71957793,0.8573469
71957793,30675144,0.8573469
10214898,77146001,0.85731244
71230660,71490927,0.8572649
28824028,74525970,0.8572403
14128915,88957207,0.8572215
88957207,14128915,0.8572215
41704902,47751906,0.85718644
8939620,40208952,0.85715675
87322400,8315719,0.85714316
97168711,41570143,0.8571272
41570143,97168711,0.8571272
42516046,73248952,0.8571216
46246978,43876521,0.8570773
29685693,44025931,0.85703963
89961053,11676180,0.85703003
42181153,70665219,0.8570235
36985401,57534412,0.85698485
57534412,36985401,0.85698485
26425849,27923177,0.8569026
65655694,74461011,0.85687864
74461011,65655694,0.85687864
81439789,67614478,0.8568156
67614478,81439789,0.8568156
7021169,61869387,0.85680723
61869387,7021169,0.85680723
70558780,56034511,0.8567655
52851091,24561369,0.8566494
24561369,52851091,0.8566494
62287971,27843837,0.8565773
98600039,35737919,0.856553
18874158,80725760,0.85651433
80725760,18874158,0.85651433
3889666,14519075,0.856472
14519075,3889666,0.856472
56884127,84745207,0.8563986
18874158,12772810,0.8563503
12032039,6236857,0.8563266
6236857,12032039,0.8563266
71490927,88168633,0.8563161
28824028,66053411,0.8562957
43932865,88027729,0.8562032
90921158,22992322,0.85618997
55918296,82830386,0.8561697
9561888,54536046,0.8561641
9513553,1329026,0.85613835
41704902,18666720,0.8560971
59324937,47146148,0.85603666
86176880,3889666,0.8559932
3889666,86176880,0.8559932
90603941,53641305,0.8559461
61154808,31177984,0.8559377
31177984,61154808,0.8559377
34689442,31886989,0.8558296
95251916,68689972,0.8557412
71442235,22992322,0.85573745
97657130,28656579,0.85570776
83274921,93168786,0.8554599
75431386,47613152,0.85540366
30675144,77338417,0.8553183
77338417,30675144,0.8553183
57812056,63513295,0.85527617
56459937,38552937,0.8552646
62318417,49067884,0.85525775
29204789,53072167,0.8552575
53072167,29204789,0.8552575
89258775,88027729,0.855245
27195828,10229909,0.8551788
10229909,27195828,0.8551788
69817830,18331466,0.8550509
84514463,22109936,0.8550309
7883208,1781011,0.85502154
5312650,23605781,0.854987
58970863,16871572,0.8549214
47613152,35583855,0.8549051
35583855,47613152,0.8549051
40116448,10385523,0.854905
52425202,15678458,0.8548568
79475473,3762458,0.854566
56064924,20847407,0.8544017
8298432,74659398,0.85432494
74659398,8298432,0.85432494
69996428,3167871,0.8541186
3167871,69996428,0.8541186
10229909,81408609,0.85405636
23775322,82583255,0.8540274
89258775,28656579,0.8539432
47613152,66047716,0.8538461
27074490,50005399,0.8538174
59585994,56619455,0.8537705
56619455,59585994,0.8537705
95781094,43904710,0.8537376
81239989,48138837,0.8534989
74756753,52993309,0.8533213
50920560,18331466,0.8533188
75157949,40116448,0.853288
40116448,75157949,0.853288
18137846,12991173,0.85328496
27468857,41902860,0.85315937
27700752,26237955,0.8531433
97396039,87281733,0.8531145
87281733,97396039,0.8531145
23491163,71555853,0.85305995
80086981,22685310,0.85298353
3495669,9748896,0.8529576
9748896,3495669,0.8529576
16421267,6930754,0.8529519
93770909,10385523,0.8529396
18289538,10385523,0.8527864
56884127,6020197,0.85277706
6020197,56884127,0.85277706
3167871,13887167,0.8527559
13887167,3167871,0.8527559
92858368,52992150,0.8526778
52992150,92858368,0.8526778
27449862,27166337,0.8525876
27166337,27449862,0.8525876
8939620,25135333,0.85257477
22770211,11708101,0.85255665
11708101,22770211,0.85255665
76569969,18666720,0.8524071
23055402,15041298,0.8524043
47251006,66053411,0.85234606
30102415,31531912,0.85231113
7979158,66810868,0.852289
66810868,7979158,0.852289
11149251,53072167,0.85226667
30502153,10373250,0.85211825
62242632,62891962,0.8521054
27468857,56383083,0.8520004
8939620,7021169,0.85187006
27021728,50156673,0.851862
50156673,27021728,0.851862
63386383,27021728,0.85179794
27021728,63386383,0.85179794
41253009,36133874,0.851713
64511013,77146001,0.85166633
36027066,5092599,0.851621
5092599,36027066,0.8516209
24360041,43409810,0.8516015
43409810,24360041,0.8516015
27442156,77146001,0.8514842
12432797,619357,0.8512178
619357,12432797,0.8512178
68874465,88286371,0.8511929
93978472,24927328,0.8510139
24927328,93978472,0.8510139
91929224,71490927,0.85097396
94512766,10385523,0.8509567
75255299,24494324,0.85085773
1017836,70159856,0.85085213
59585994,97535509,0.85084426
97535509,59585994,0.85084426
42210935,96037332,0.85082984
90921158,90795718,0.85069287
48521210,57141050,0.8505782
47251006,81439789,0.8505045
81439789,47251006,0.8505045
27074490,88945662,0.85049593
57791020,38823136,0.85045254
87322400,66437726,0.85037583
69817830,15787372,0.85034
97987485,88286371,0.8501231
88286371,97987485,0.8501231
31510768,58763783,0.850122
47251006,8565641,0.85010785
38339458,40764402,0.84992063
38823136,4486003,0.84991604
4486003,38823136,0.84991604
3167871,79475473,0.8497856
11149251,65655694,0.84961104
18289538,10229909,0.84956044
80086981,98430609,0.8495106
25877530,45759535,0.84946764
45759535,25877530,0.84946764
40116448,55645397,0.8494676
7413764,830512,0.8494539
830512,7413764,0.8494539
30502153,64223023,0.84939456
64223023,30502153,0.84939456
65655694,53072167,0.84938884
53072167,65655694,0.84938884
96098511,22000442,0.8493146
22000442,96098511,0.8493146
94512766,81408609,0.8492563
37865200,79558814,0.84922266
18346724,65028129,0.84903026
90921158,3762458,0.8490102
29714425,84514463,0.8489126
13142970,61154808,0.84891105
63513295,56884127,0.84888506
56884127,63513295,0.84888506
18865753,97035417,0.8488827
10214898,76195289,0.84886575
83592973,40208952,0.8488376
24927328,74461011,0.84875655
6236857,66810868,0.84875286
66810868,6236857,0.84875286
48430039,27074490,0.84863204
36295476,46441935,0.84862685
46441935,36295476,0.84862685
29553137,15774916,0.8486255
15774916,29553137,0.8486255
97547150,52948864,0.8486242
35424032,74490598,0.8484726
74490598,35424032,0.8484726
84249757,23276195,0.8484528
23276195,84249757,0.8484528
12772810,87459276,0.84836113
87459276,12772810,0.84836113
57298257,9016004,0.84832114
58763783,53464814,0.84830904
48430039,82583255,0.8482154
68142605,60392051,0.84821355
50789754,11665937,0.84814113
87572356,66047716,0.8481357
66047716,87572356,0.8481357
149175,81439789,0.84807515
53641305,49605449,0.848056
49605449,53641305,0.848056
27365404,28656579,0.8479693
41253009,84875057,0.8479662
7883208,56831449,0.84792155
48430039,38344216,0.84787756
83274921,27700752,0.84787357
85333987,7873500,0.8478618
7873500,85333987,0.8478618
45946412,20847407,0.8477869
20847407,45946412,0.8477869
22000442,41148564,0.84766084
27365404,12432797,0.8475666
12432797,27365404,0.8475666
43932865,28656579,0.84749186
44141044,28603694,0.8474902
26425849,47814705,0.8474295
88773659,59324937,0.84742296
59324937,88773659,0.84742296
36985401,10385523,0.84739065
30102415,90806148,0.8473876
90806148,30102415,0.8473876
59324937,46246978,0.847342
46246978,59324937,0.847342
63513295,84745207,0.84733915
56619455,29929454,0.84731853
29929454,56619455,0.84731853
12051271,62891962,0.8472928
34301207,27923177,0.8472631
32701286,69366044,0.8472007
69366044,32701286,0.8472007
50920560,10999896,0.84718406
14519075,15813840,0.8471792
15813840,14519075,0.8471792
87076936,19248199,0.847065
19248199,87076936,0.847065
3167871,18331466,0.8470343
19042808,81408609,0.8470211
26736430,3889666,0.8469867
3889666,26736430,0.8469867
87137236,62089162,0.8469611
7717624,8939620,0.84691024
13142970,43780660,0.8468633
90945536,19949293,0.84685814
62287971,87824933,0.8468222
47251006,11620368,0.84675276
41704902,38344216,0.84667003
56884127,68874465,0.8466505
68874465,56884127,0.8466505
47948274,78504449,0.8465996
78504449,47948274,0.8465996
91929224,62891962,0.8465347
58902636,24574240,0.84645355
19006949,27468857,0.84642935
27468857,19006949,0.84642935
3495669,48521210,0.8464172
48521210,3495669,0.8464172
15774916,33078108,0.84641075
33078108,15774916,0.84641075
29714425,71555853,0.84639215
44884689,8882504,0.8463756
74756753,36986473,0.84630525
68770838,70331081,0.84630436
70331081,68770838,0.84630436
61154808,4284864,0.84625506
4284864,61154808,0.84625506
65655694,24927328,0.8462494
24927328,65655694,0.8462494
26736430,15813840,0.8462315
15813840,26736430,0.8462315
92858368,81439789,0.8462236
96712384,54214061,0.8461825
46578488,14576497,0.8461646
95781094,19006949,0.84615827
19006949,95781094,0.84615827
23775322,47751906,0.84615594
35469349,29006523,0.8461414
29006523,35469349,0.8461414
45759535,48484532,0.84610456
48484532,45759535,0.84610456
38117313,66053411,0.84609413
22770211,62842391,0.8459735
62842391,22770211,0.8459735
22000442,16154426,0.84596074
3495669,56904801,0.84586525
41704902,15678458,0.8458401
3420227,93168786,0.84579873
62242632,94512766,0.8457604
94512766,62242632,0.8457604
54377216,78196838,0.8456206
15725521,32904204,0.84556586
32904204,15725521,0.84556586
74756753,78196838,0.8455435
75255299,87637930,0.845445
24268406,91980346,0.84539163
91980346,24268406,0.84539163
11022309,40845396,0.8453609
30674519,45759535,0.8452763
45759535,30674519,0.8452763
48430039,31803140,0.84527576
47317909,63513295,0.84522665
32979461,65953977,0.84521985
65953977,32979461,0.84521985
62242632,51946981,0.8451786
48734649,68770838,0.84516406
81351830,67275979,0.8451493
67275979,81351830,0.8451493
50007186,36425270,0.8450581
7873500,73248952,0.84496903
81069691,4284864,0.8449662
22770211,22000442,0.8449571
94512766,62891962,0.84493315
13718289,48521210,0.8448648
48521210,13718289,0.8448648
20456341,57298257,0.8447927
48293393,6721540,0.8447771
5137860,90603941,0.8447672
13887167,79475473,0.8447269
91929224,10229909,0.84465414
10229909,91929224,0.84465414
66129710,66437726,0.8445462
18346724,13174650,0.8445268
13174650,18346724,0.8445268
52490674,55918296,0.8444707
48293393,28224541,0.8444679
18327954,93674071,0.8444612
19042808,27195828,0.84444666
24927328,52425202,0.84439564
52425202,24927328,0.84439564
27429904,60624891,0.84438384
96384448,415992,0.8443572
69817830,79475473,0.84428954
41704902,74461011,0.8442457
9561888,40357787,0.84415764
46578488,50769372,0.84406376
61154808,48580118,0.8439723
73180792,34168295,0.8439373
3736831,24284489,0.8438929
24284489,3736831,0.8438929
38339458,5312650,0.8438475
38447746,32931015,0.84383816
32931015,38447746,0.84383816
7873500,42516046,0.8438337
42516046,7873500,0.8438337
57298257,19411291,0.84373415
57141050,7180445,0.8436776
54377216,52249526,0.8436408
29716234,80753512,0.8436044
69918467,87824933,0.84357953
47948274,82676601,0.8434863
82676601,47948274,0.8434863
69236418,15725521,0.84348166
15725521,69236418,0.84348166
5030809,2208630,0.8434412
2208630,5030809,0.8434412
78989521,96888760,0.84338033
96888760,78989521,0.84338033
32701286,41148564,0.84337896
23491163,68173491,0.8433384
13887167,50920560,0.8433099
5030809,22211135,0.84329754
71957793,72558082,0.84298587
48293393,60571140,0.84287167
97168711,76569969,0.8428377
50156673,11676180,0.84278095
47388064,415992,0.8427768
43189520,78504458,0.84273434
78504458,43189520,0.84273434
41182463,55037683,0.8427017
55037683,41182463,0.8427017
50007186,66047716,0.842652
46950967,62242632,0.84260565
48138837,8939620,0.84240013
24927328,18666720,0.8423786
7883208,51733905,0.8423176
7717624,46987758,0.8423122
19006949,75749012,0.8422129
28824028,8565641,0.8421704
80529811,76024362,0.8420988
47784049,79821099,0.8420769
86176880,619357,0.8420279
619357,86176880,0.8420279
10229909,27043300,0.8420255
88168633,71230660,0.8418349
40116448,415992,0.84168077
36985401,75157949,0.84167624
54978736,57812056,0.8416131
84528711,47200708,0.84150887
47200708,84528711,0.84150887
93770909,81408609,0.84135675
29714425,9016004,0.8413218
31886989,5030809,0.84127784
5030809,31886989,0.84127784
48430039,50005399,0.8412441
36803847,45759535,0.8411714
45759535,36803847,0.8411714
27365404,88027729,0.8408576
70665219,12991173,0.84085226
12991173,70665219,0.84085226
29167528,66680332,0.8406741
21668308,57298257,0.84064746
10229909,51946981,0.84061253
85033463,8939620,0.8405107
81524454,80753512,0.84048676
3170005,33206318,0.8404809
3167871,10999896,0.84033906
31531912,48484532,0.8403337
48484532,31531912,0.8403337
2952392,15678458,0.8402748
65655694,15678458,0.8401589
96098511,41148564,0.84015465
26237955,38383881,0.84013784
38383881,26237955,0.84013784
58599683,64511013,0.8401048
67614478,47251006,0.84007764
47251006,67614478,0.84007764
23605781,8565641,0.84007704
77094922,55031719,0.8400543
55031719,77094922,0.8400543
69918467,1741624,0.84004426
88168633,10385523,0.8400301
79625472,66053411,0.8399924
27347346,1329026,0.83992845
41570143,41485546,0.83990675
34583798,76024362,0.8398614
37439609,19411291,0.83984804
5708838,80529811,0.83980405
80529811,5708838,0.83980405
619357,14519075,0.8398025
68874465,6020197,0.8397784
24052138,69996428,0.8396206
24927328,41485546,0.8395851
41485546,24927328,0.8395851
24224044,60624891,0.8395369
50903406,55718937,0.839494
55718937,50903406,0.839494
48305046,149175,0.83947253
149175,48305046,0.83947253
3024917,69167600,0.8394685
19462081,8882504,0.8394153
18147366,51033513,0.83938295
29716234,25980770,0.8392981
24802094,47282882,0.8392935
92858368,47251006,0.8392793
47251006,92858368,0.8392793
41182463,1781011,0.8392583
1781011,41182463,0.83925825
54829738,90603941,0.8392478
90603941,54829738,0.8392478
49678723,14345451,0.83919245
12890760,46809516,0.839188
46809516,12890760,0.839188
37955791,52425202,0.8391843
58599683,27442156,0.83912176
47784049,45946412,0.8390865
32701286,62842391,0.83905834
91929224,23007161,0.8390055
43189520,78504449,0.83899266
78504449,43189520,0.83899266
40876435,49678723,0.8387871
49678723,40876435,0.8387871
69236418,17629924,0.83876616
17629924,69236418,0.83876616
25025467,79821099,0.8387456
46578488,2024149,0.83871394
52490674,3764542,0.83866227
3764542,52490674,0.83866227
34073206,3762458,0.8385521
6800809,10214898,0.8385464
87998765,81920536,0.8384968
37955791,74461011,0.83840847
75431386,79788718,0.8384073
79788718,75431386,0.8384073
90391225,38818158,0.8383849
38818158,90391225,0.8383849
7883208,31276154,0.8383497
72819377,52992150,0.8383262
18500821,63899324,0.8382131
46950967,10385523,0.83819216
24284489,51400506,0.8381895
51400506,24284489,0.8381895
71442235,18331466,0.83808017
69167600,74525970,0.8380163
32701286,74490598,0.83798814
74490598,32701286,0.83798814
48305046,85887866,0.83795244
36803847,90806148,0.8378554
90806148,36803847,0.8378554
83211359,38818158,0.8378497
38818158,83211359,0.8378497
83013356,16154426,0.8377627
16154426,83013356,0.8377627
34388814,59324937,0.837736
81356812,70880620,0.8377311
70880620,81356812,0.8377311
93725418,20847407,0.8377241
20847407,93725418,0.8377241
25025467,25593960,0.83767617
25593960,25025467,0.83767617
47784049,3447561,0.83767235
3447561,47784049,0.83767235
48430039,25135333,0.8376648
31558480,90806148,0.8376484
20900807,27429904,0.8376266
60571140,23757092,0.8376204
18862066,23491163,0.8375566
23491163,18862066,0.8375566
25980770,6978466,0.8375397
48521210,42604445,0.83750796
42604445,48521210,0.83750796
30675144,93836358,0.8374909
93836358,30675144,0.8374909
34301207,87824933,0.8374871
75799899,12890760,0.8374226
12890760,75799899,0.8374226
46578488,82583255,0.8373598
5137860,49605449,0.83722275
49605449,5137860,0.83722275
73180792,73315956,0.83719593
62842391,69366044,0.8371676
69366044,62842391,0.8371676
18456007,87259085,0.837121
71442235,90795718,0.83710873
37439609,9016004,0.83706534
35583855,75431386,0.83697367
75431386,35583855,0.83697367
69918467,68173491,0.8369212
62089162,97035417,0.83691406
97035417,62089162,0.83691406
96279287,18915981,0.8368739
18915981,96279287,0.8368739
15774916,11409646,0.8368611
11409646,15774916,0.8368611
54214061,24224044,0.8365207
24224044,54214061,0.8365207
44141044,20737266,0.83650947
20737266,44141044,0.83650947
57141050,70880620,0.83649397
70880620,57141050,0.83649397
79625472,3420227,0.836483
3420227,79625472,0.836483
57082229,64029523,0.8364693
21668308,37439609,0.8362771
37439609,21668308,0.8362771
10557104,61787029,0.8362559
61787029,10557104,0.8362559
96888760,43780660,0.8361813
43780660,96888760,0.8361813
84668470,15267149,0.83613753
30674519,90806148,0.8361331
90806148,30674519,0.8361331
29204789,74461011,0.8360606
48790334,85333987,0.8360395
85333987,48790334,0.8360395
28282387,41456801,0.83603793
41456801,28282387,0.83603793
97987485,81351830,0.83587444
41191422,56064924,0.83586335
56064924,41191422,0.83586335
72314218,89243104,0.8358276
97502452,36985401,0.8358094
36985401,97502452,0.8358094
84465814,38823136,0.835804
38823136,84465814,0.835804
96098511,83013356,0.8357915
41704902,31803140,0.8356824
82676601,67028945,0.83566785
67028945,82676601,0.83566785
70100785,88727182,0.8356561
88727182,70100785,0.8356561
12432797,28656579,0.8356539
18346724,21469105,0.8356187
21469105,18346724,0.8356187
53660770,63741667,0.835613
63741667,53660770,0.835613
34073206,22992322,0.83559567
87459276,18874158,0.83558524
18874158,87459276,0.83558524
17103408,2158913,0.8355752
2158913,17103408,0.8355752
98857946,67318157,0.8355582
61154808,13502365,0.83553475
13502365,61154808,0.83553475
34388814,63386383,0.83543205
52992150,66053411,0.8354288
97657130,3889666,0.835335
3889666,97657130,0.835335
7021169,81239989,0.8353258
81239989,7021169,0.8353258
61794834,77338417,0.8352995
53426556,23605781,0.8352614
72314218,9746845,0.8352543
46578488,6721540,0.83521163
46441935,29553137,0.8351994
95781094,41902860,0.83519816
83274921,47282882,0.835181
30102088,92894304,0.8351487
92894304,30102088,0.8351487
25877530,90806148,0.8350415
90806148,25877530,0.8350415
55136447,23491163,0.83503157
67028945,78504449,0.83499336
78504449,67028945,0.83499336
41485546,18666720,0.83498037
41485546,74461011,0.8349463
49127797,1286250,0.8348889
1286250,49127797,0.8348889
20737266,77356650,0.8347833
77356650,20737266,0.8347833
32904204,562267,0.8347528
32701286,22770211,0.8346965
22770211,32701286,0.8346965
73591660,20737266,0.83462226
64351459,25725051,0.8346074
25725051,64351459,0.8346074
19248199,15267149,0.8345277
35737919,47818268,0.83444995
57812056,56884127,0.8344407
41570143,84249757,0.83441246
84249757,41570143,0.83441246
75431386,36425270,0.8343996
2952392,41485546,0.8343254
29467728,2046148,0.83428645
71442235,34073206,0.83414817
34073206,71442235,0.83414817
46950967,51946981,0.83411473
17813216,34388814,0.8340808
34388814,17813216,0.8340808
63513295,23007161,0.8340656
9862290,24268406,0.8339884
24268406,9862290,0.8339884
47784049,25025467,0.8339608
25025467,47784049,0.8339608
6800809,76195289,0.83395904
3764542,21506250,0.83395
40876435,3807651,0.83388996
85887866,81439789,0.83387125
87076936,15267149,0.83384967
47251006,27700752,0.8337947
84668470,19248199,0.83378977
79625472,11620368,0.83377045
19042808,62242632,0.8337035
84438504,12761549,0.8336393
12761549,84438504,0.8336393
57298257,1367517,0.83362746
93725418,56064924,0.8336004
56064924,93725418,0.8336004
30102415,47200708,0.8335525
47200708,30102415,0.8335525
70880620,9748896,0.83355176
70880620,1647419,0.8335277
1647419,70880620,0.8335277
17813216,47146148,0.83349395
62842391,22000442,0.83346325
22000442,62842391,0.83346325
62578226,67275979,0.8334428
67275979,62578226,0.8334428
64029523,30102088,0.8333578
69817830,69996428,0.8332982
72819377,81439789,0.83329004
18456007,93836358,0.8332862
19042808,10229909,0.83315676
96691496,48580118,0.833125
7717624,61869387,0.83310837
61869387,7717624,0.83310837
18137846,43742368,0.83306956
31510768,81441228,0.8330643
81441228,31510768,0.8330643
6800809,71716796,0.8330469
79851703,95222715,0.83292127
95222715,79851703,0.83292127
41570143,15678458,0.83287275
98857946,29064292,0.832824
98793471,90183159,0.8328172
77492364,27449862,0.8328125
69918467,23491163,0.83279383
63513295,24927054,0.8327879
24802094,3420227,0.8327599
6236857,53464814,0.8327178
31531912,25877530,0.83268726
25877530,31531912,0.83268726
47431263,43453350,0.83268607
57812056,53081061,0.832662
53081061,57812056,0.832662
12959047,56475885,0.83265543
21469105,36027066,0.8326546
33972604,43481409,0.8325479
70558780,98430609,0.8325442
49092761,64692163,0.8325292
62293619,83592973,0.83250767
516433,11620368,0.83250713
21469105,13174650,0.83249694
13174650,21469105,0.83249694
62293619,36133874,0.8323977
57082229,92894304,0.8323567
18137846,70174967,0.8323066
70174967,18137846,0.8323066
55037683,1781011,0.83228636
1781011,55037683,0.83228636
40876435,27365404,0.8321003
97535509,29929454,0.8320856
29929454,97535509,0.8320856
15725521,562267,0.8319945
88727182,18666720,0.831986
90921158,15787372,0.8319509
34689442,22211135,0.8319094
77338417,87259085,0.8318771
87259085,77338417,0.8318771
56603137,83211359,0.8318306
83211359,56603137,0.8318306
26301462,3889666,0.8317696
3889666,26301462,0.8317696
83013356,22000442,0.83171487
54978736,68874465,0.83168375
68874465,54978736,0.83168375
43780660,31177984,0.83164716
31177984,43780660,0.83164716
57534412,2046148,0.83160484
54550733,12109505,0.8315516
12109505,54550733,0.8315516
90921158,3167871,0.83153486
35737919,90916504,0.83141017
6800809,27442156,0.8312744
27442156,6800809,0.8312744
24927328,53072167,0.83119583
87046884,24360041,0.83109504
93770909,94512766,0.83102715
49066670,92704095,0.8309543
92704095,49066670,0.8309543
96712384,55718937,0.8308365
55718937,96712384,0.8308365
28284405,12432797,0.8308288
46578488,29064292,0.8307967
88957207,2158913,0.8306904
47948274,43189520,0.8306522
43189520,47948274,0.8306522
88727182,74461011,0.8306052
31531912,30674519,0.83058786
30674519,31531912,0.83058786
55136447,47814705,0.8304874
75596485,9862290,0.8304818
9862290,75596485,0.8304818
21658813,47784049,0.8304489
58970863,76024362,0.83042026
84977888,12761549,0.8303385
37955791,18666720,0.8303321
54214061,55718937,0.83032763
55718937,54214061,0.83032763
25025467,3447561,0.8302375
6800809,64511013,0.83023596
64511013,6800809,0.83023596
11410512,93978472,0.830227
93978472,11410512,0.830227
12615558,78504458,0.8302148
1017836,19248199,0.8302111
34168295,73315956,0.83019435
69918467,19102781,0.8301475
93978472,2952392,0.8301293
60088869,22685310,0.8301151
5092599,18346724,0.83011174
18346724,5092599,0.83011174
4486003,17465629,0.83009607
36022457,59324937,0.8300946
59324937,36022457,0.8300946
7871753,21469105,0.8300688
21469105,7871753,0.8300688
53737120,82830386,0.8300644
46950967,62891962,0.83003116
84429009,58970863,0.8299537
47784049,25593960,0.82995176
55718937,70986060,0.8299488
70986060,55718937,0.8299488
86775292,87824933,0.829782
73591660,44025931,0.82977366
18137846,49810009,0.8297736
11564664,68891313,0.8297422
16529934,48169914,0.82969916
42604445,70880620,0.82966053
70880620,42604445,0.82966053
36803847,31531912,0.8296342
31531912,36803847,0.8296342
3764542,48580118,0.8295908
20847407,79821099,0.8295883
68527967,7413764,0.8294721
36985401,43006963,0.8294376
43006963,36985401,0.8294376
22770211,35424032,0.82943714
35424032,22770211,0.82943714
45880639,85333987,0.82943356
85333987,45880639,0.82943356
43481409,47613152,0.8294274
49067884,71555853,0.82942665
51823526,2491460,0.82941276
2491460,51823526,0.82941276
61786686,1644190,0.82941186
64351459,44141044,0.82922757
49067884,84514463,0.829192
31558480,31531912,0.8291857
13238453,82090972,0.82913744
82090972,13238453,0.82913744
69918467,84514463,0.8291363
11022309,87281733,0.82911265
87281733,11022309,0.82911265
55136447,27923177,0.82908046
516433,66053411,0.8290551
1017836,15267149,0.82903755
30502153,7873500,0.8290105
7873500,30502153,0.8290105
61794834,72558082,0.8289799
68891313,43411151,0.8289449
34168295,5030809,0.82890725
41987114,24561369,0.8288995
49678723,27365404,0.8288132
37955791,24927328,0.8287761
24927328,37955791,0.8287761
97168711,2952392,0.828696
8281130,62287971,0.8285961
49678723,12432797,0.8284056
28824028,40208952,0.8283948
77926243,56603137,0.8282684
9951028,2687477,0.8281435
20456341,1367517,0.8281338
38117313,8565641,0.8280944
1017836,87076936,0.8278967
48169914,97396039,0.8278148
97396039,48169914,0.8278148
65372331,82676601,0.82779455
82676601,65372331,0.82779455
86775292,35469349,0.82777965
35469349,86775292,0.82777965
26049981,70331081,0.8277426
37439609,30526558,0.82765675
24052138,18331466,0.8275676
36022457,88398980,0.8274625
11708101,74490598,0.8274591
74490598,11708101,0.8274591
9232364,47293324,0.82742834
58893463,50789754,0.827413
83013356,41148564,0.82737565
98793471,9513553,0.8273577
20847407,25593960,0.82721245
34402785,84459988,0.8271934
83555610,41148564,0.82713246
41191422,93725418,0.8271128
93725418,41191422,0.8271128
48102422,51033513,0.8270992
44884689,28224541,0.8270769
96712384,3420227,0.82702637
23055402,31510768,0.82697284
31510768,23055402,0.82697284
79148737,37862083,0.8268916
81069691,48580118,0.8268765
41987114,42604445,0.826868
55037683,56831449,0.82679856
56831449,55037683,0.82679856
35737919,76569969,0.8267962
27429904,24224044,0.8267137
75551932,9069903,0.8267093
5137860,3598671,0.82666385
11409646,46441935,0.82665384
49067884,93168786,0.8266487
54829738,62578226,0.8266405
62578226,54829738,0.8266405
97168711,93978472,0.8266294
26009855,31143310,0.8265952
93033011,30454890,0.82658577
45759535,2282686,0.8264948
35737919,14224876,0.8264303
14224876,35737919,0.8264303
50278024,78504449,0.826419
10719102,49127797,0.8263806
49127797,10719102,0.8263806
47293324,18500821,0.8263787
18500821,47293324,0.8263787
41191422,20847407,0.82632375
97396039,40845396,0.82628775
40845396,97396039,0.82628775
63513295,81408609,0.8262155
85887866,98793471,0.82612824
74490598,69366044,0.82602334
69366044,74490598,0.82602334
562267,10719102,0.8259279
10719102,562267,0.8259279
34532774,18960736,0.82590663
18960736,34532774,0.82590663
68891313,62287971,0.8258648
11708101,96098511,0.8257723
24927328,41704902,0.82575715
21044132,79334302,0.825715
79334302,21044132,0.825715
52356483,68173491,0.82567537
32979461,16403660,0.82556045
90806148,48484532,0.8254807
92704095,43409810,0.825456
43409810,92704095,0.825456
34689442,5030809,0.82541466
3764542,61154808,0.8253456
61154808,3764542,0.8253456
66652299,46441935,0.82534504
34583798,12164188,0.82533145
16403660,9016004,0.8252827
17629924,5938532,0.82527006
5938532,17629924,0.82527006
21506250,77117519,0.8252088
77117519,21506250,0.8252088
97168711,74461011,0.8252084
34532774,91980346,0.825162
7274546,11676180,0.82515943
80725760,89243104,0.82509005
89243104,80725760,0.82509005
98793471,36425270,0.8250712
95282914,4284864,0.82501733
62293619,8939620,0.8249188
43409810,11199708,0.82485104
77308213,73315956,0.8248385
73315956,77308213,0.8248385
70100785,29204789,0.8247969
29204789,70100785,0.8247969
29716234,65372331,0.82469964
57812056,68874465,0.82465005
68874465,57812056,0.82465005
10496,77094922,0.8246482
8281130,24268406,0.8246479
24268406,8281130,0.8246479
77969198,15267149,0.8245718
42341716,21668308,0.82456434
17128193,2046148,0.8245082
85033463,40208952,0.8244229
30675144,72558082,0.82432663
24268406,45001854,0.82416475
45001854,24268406,0.82416475
60397145,83724071,0.824155
36022457,17813216,0.8241544
1017836,18693009,0.82413816
84668470,87076936,0.8241313
66768594,68891313,0.8241103
68891313,66768594,0.8241103
14224876,41485546,0.8240863
51823526,26237955,0.82405937
26237955,51823526,0.82405937
56676909,71230660,0.8240491
96384448,75157949,0.82400167
23351642,12032039,0.82378954
12032039,23351642,0.82378954
27166337,31531912,0.8236854
31531912,27166337,0.8236854
61964427,97987485,0.8235985
97987485,61964427,0.8235985
35599020,20847407,0.82358646
20847407,35599020,0.82358646
69366044,96098511,0.8235109
47293324,74972794,0.8234194
74972794,47293324,0.8234194
31886989,98857946,0.8233975
88727182,15678458,0.82332474
69406607,64692163,0.82329834
63000389,2158913,0.82325405
2158913,63000389,0.82325405
44025931,44141044,0.82316417
17813216,88773659,0.82313746
88773659,17813216,0.82313746
3170005,97035417,0.82301426
97035417,3170005,0.82301426
68891313,82090972,0.82297736
82090972,68891313,0.82297736
62293619,81239989,0.82285213
81239989,62293619,0.82285213
64351459,15448834,0.8228167
24052138,22992322,0.8227937
46741147,9951028,0.822729
9951028,46741147,0.822729
61869387,81239989,0.8227117
81239989,61869387,0.8227117
79415655,44557157,0.822621
56676909,12051271,0.8225565
7180445,9748896,0.8224902
9748896,7180445,0.8224901
3889666,43932865,0.8224809
72819377,68891313,0.82243735
6020197,57812056,0.8224318
57812056,6020197,0.8224318
82090972,92858368,0.8223551
48734649,9862290,0.8223543
9862290,48734649,0.8223543
83555610,62842391,0.82230127
62842391,83555610,0.82230127
46950967,23007161,0.8220487
5708838,34583798,0.82204294
34583798,5708838,0.82204294
53521572,18346724,0.82193583
70100785,97168711,0.82188344
89323553,5717009,0.8218779
16154426,62842391,0.8217883
62842391,16154426,0.8217883
7180445,81356812,0.821707
81356812,7180445,0.82170695
62842391,41148564,0.8216662
47389275,27700752,0.8216136
46950967,81408609,0.82152176
84977888,83418921,0.8214365
83418921,84977888,0.8214365
81628037,84249757,0.8213476
96989593,96279287,0.821192
96279287,96989593,0.821192
83555610,16154426,0.82117754
16154426,83555610,0.82117754
33671496,98430609,0.82115626
16403660,87824933,0.8211474
47388064,29914496,0.82109857
87259085,72558082,0.8210852
11708101,32701286,0.82103306
37955791,93978472,0.8210273
48734649,51909448,0.8209888
51909448,48734649,0.8209888
73315956,5030809,0.82090104
25725051,15448834,0.82086074
69866884,75840459,0.8208394
17813216,21122556,0.8207805
23276195,41570143,0.82075965
24802094,70291557,0.8207215
29716234,6978466,0.82066584
43742368,3495669,0.82050884
3495669,43742368,0.82050884
63928436,47431263,0.8205048
34689442,20145574,0.82035255
62842391,96098511,0.82027656
68689972,41570143,0.8202654
41570143,68689972,0.8202654
16403660,19411291,0.82026446
5708838,76024362,0.82024837
88924072,40845396,0.82023454
14639066,3447561,0.8200878
29553137,74659398,0.820076
8298432,66652299,0.8200561
66652299,8298432,0.8200561
63513295,27195828,0.8200397
6020197,84745207,0.8200084
68689972,76569969,0.8199891
12615558,47948274,0.819983
27429904,27700752,0.8199786
34532774,85333987,0.8199592
54214061,24802094,0.8199543
24802094,54214061,0.8199543
62293619,61869387,0.8199374
61869387,62293619,0.8199374
88727182,29204789,0.8199363
35424032,69366044,0.8199109
69366044,35424032,0.8199109
47388064,75157949,0.8198711
38785326,31143310,0.8198245
31143310,38785326,0.8198245
69866884,84745207,0.81981486
53641305,62578226,0.8198042
75431386,26425849,0.81958926
1647419,24268406,0.8195802
24268406,1647419,0.8195802
95052001,24574240,0.8195705
68891313,92858368,0.81956506
90806148,47200708,0.81956136
30141859,47784049,0.81955165
47784049,30141859,0.81955165
61791022,74021002,0.81946415
74021002,61791022,0.81946415
20060104,2046148,0.81935656
3024917,8565641,0.8192855
70558780,60088869,0.8191793
13718289,43742368,0.8191638
1781011,51733905,0.8191323
11410512,93548558,0.81910276
93548558,11410512,0.81910276
70558780,48790334,0.8190506
61787029,21924094,0.81899536
3024917,11620368,0.81895113
71442235,15787372,0.8189274
12850168,47251006,0.8188349
53521572,36027066,0.81879294
16154426,32701286,0.81877804
81948691,2701835,0.8187417
18922461,83992680,0.8186804
83992680,18922461,0.8186804
66768594,11564664,0.8185613
11564664,66768594,0.8185613
24802094,27700752,0.81854546
40764402,5312650,0.81854355
5312650,40764402,0.81854355
24927328,2952392,0.8185348
81424577,34301207,0.8184365
35424032,96098511,0.81841874
416796,84459988,0.8183186
7383991,77220996,0.8183093
14224876,37955791,0.8182381
16327022,49067884,0.8181914
18915981,82531103,0.8180738
14224876,93978472,0.8180419
55136447,36425270,0.8180094
38546562,65827191,0.81800115
7979158,9748896,0.8179698
9748896,7979158,0.8179698
66692743,25135333,0.8179452
44025931,77356650,0.8179349
23351642,31510768,0.8177626
31510768,23351642,0.8177626
85887866,23605781,0.817582
53641305,3598671,0.81754315
3598671,53641305,0.81754315
14639066,24268406,0.8175372
8281130,19949293,0.81748843
5938532,16785446,0.81746894
16785446,5938532,0.81746894
35424032,41148564,0.81728673
76426260,13174650,0.8172313
16403660,84514463,0.81721723
20060104,75157949,0.8172142
9561888,8994298,0.8172135
88727182,97168711,0.81714934
47146148,88398980,0.81713414
79334302,84465814,0.8170997
84465814,79334302,0.8170997
26049981,51909448,0.8170809
15813840,86176880,0.81696683
53737120,52490674,0.8169451
52490674,53737120,0.8169451
83152267,20737266,0.81694096
20737266,83152267,0.81694096
60397145,22211135,0.81692445
68527967,32413380,0.81679577
69236418,1286250,0.8167632
1286250,69236418,0.8167632
5938532,15725521,0.8167055
75384375,2046148,0.81668586
77308213,7020103,0.8166777
31531912,48521210,0.8165991
48521210,31531912,0.8165991
90806148,2282686,0.816558
93770909,23007161,0.8163702
56676909,71490927,0.81636715
21658813,12389785,0.81629825
8281130,22109936,0.81626165
42516046,85333987,0.8159843
34402785,12291734,0.81595385
31373426,10214898,0.815796
81628037,76569969,0.81578684
1136383,9232364,0.8157165
34583798,16871572,0.81564665
80103776,46441935,0.81564164
88286371,6020197,0.815446
6020197,88286371,0.815446
48138837,64323838,0.81544554
6236857,31510768,0.81539357
35424032,32701286,0.81538236
73315956,40617635,0.81534064
16403660,71555853,0.8153065
32979461,9016004,0.81526303
97535509,56619455,0.8152431
56619455,97535509,0.8152431
62145678,32413380,0.8151956
14639066,79821099,0.8150065
75384375,10385523,0.81499183
30102088,55031719,0.8149893
62945209,28284405,0.8149798
5938532,10719102,0.81492805
10719102,5938532,0.81492805
80529811,84429009,0.81489193
5312650,53426556,0.8148259
77926243,83211359,0.81478846
83211359,77926243,0.81478846
29553137,97634734,0.8147134
35793904,23605781,0.81460273
47293324,41520329,0.81457853
74490598,22000442,0.8145188
35737919,66652299,0.8145108
66652299,35737919,0.8145108
1781011,31276154,0.8144889
68874465,63513295,0.8144517
47200708,31531912,0.8144071
80159309,82531103,0.8143028
12127235,97165175,0.8142734
17128193,10385523,0.8142533
7979158,1647419,0.81420124
1647419,7979158,0.81420124
55037683,51733905,0.8141889
21075521,1046934,0.8141607
1046934,21075521,0.8141607
11409646,74659398,0.8141248
30007794,66680332,0.8140271
66680332,30007794,0.8140271
48169914,44483408,0.81397355
63741667,53451198,0.8139689
17629924,562267,0.8139629
562267,17629924,0.8139629
75431386,38344216,0.8138891
66692743,27074490,0.81385124
18862066,7021169,0.81384176
30102415,27166337,0.81382436
27166337,30102415,0.81382436
34402785,39833087,0.8137001
96691496,63984980,0.81360996
63984980,96691496,0.81360996
66652299,23276195,0.8135776
23276195,66652299,0.8135776
53081061,84745207,0.81348747
56034511,64223023,0.8134204
95251916,76569969,0.8134173
48169914,55393360,0.8134066
31247528,77117519,0.81329215
75384375,62242632,0.81316847
562267,16785446,0.8131093
16785446,562267,0.8131093
24284489,7383990,0.81303793
7383990,24284489,0.81303793
11708101,41148564,0.8130295
16855766,35424032,0.81291676
35424032,16855766,0.81291676
89102922,18693009,0.8128488
7274546,49678723,0.8128272
47388064,10385523,0.8128238
27429904,79625472,0.81280375
8298432,35737919,0.81273544
50278024,82676601,0.81267273
56064924,45946412,0.81267
81356812,48521210,0.81258243
35599020,30141859,0.8125792
11564664,92858368,0.8125416
42604445,49810009,0.812521
49810009,42604445,0.812521
46010816,80725760,0.8124471
10937592,19248199,0.81242913
2208630,20145574,0.8123952
35599020,45946412,0.8123851
76497591,7020103,0.812364
98600039,66652299,0.8123612
66652299,98600039,0.8123612
20060104,55645397,0.81221056
32658304,85333987,0.8119799
83555610,22000442,0.8119424
20060104,10385523,0.81191415
60397145,29064292,0.8118887
17465629,84465814,0.81186527
32979461,19411291,0.811847
98600039,8298432,0.81182486
23276195,14224876,0.81172395
72314218,46010816,0.8116105
46010816,72314218,0.8116105
89814977,12109505,0.81159043
12109505,89814977,0.81159043
18567164,2158913,0.811571
2158913,18567164,0.811571
47389275,3420227,0.81149983
2208630,31886989,0.8114429
89814977,53451198,0.81143653
53451198,89814977,0.81143653
9746845,80725760,0.81133014
44557157,58970863,0.8111937
58970863,44557157,0.8111937
87572356,36425270,0.8111571
16785446,15725521,0.81115603
35599020,25025467,0.8110794
11022309,88924072,0.8110137
91137581,830512,0.81098735
830512,91137581,0.81098735
60397145,67318157,0.8109674
12032039,7979158,0.81094515
80103776,33078108,0.810861
33078108,80103776,0.810861
7158327,29167528,0.8108353
47389275,24224044,0.81081045
12615558,43189520,0.81078887
40617635,77308213,0.8107306
80876204,74021002,0.8105167
74021002,80876204,0.8105167
1046934,54992750,0.8105152
54992750,1046934,0.8105152
54829738,49605449,0.81040835
49605449,54829738,0.81040835
416796,64692163,0.81034005
10737119,43932865,0.81028944
80103776,15774916,0.8102393
15774916,80103776,0.8102393
96384448,36985401,0.8101568
46100236,51823526,0.81011665
71442235,10999896,0.8100598
9748896,48521210,0.81001735
75297744,74927976,0.80997515
77926243,31886989,0.80995035
61787029,56619455,0.80989754
89102922,19248199,0.8098575
7437957,3223487,0.80984753
25945492,47431263,0.80984366
47431263,25945492,0.80984366
24284489,38552937,0.8097621
84977888,66564908,0.8097495
35599020,30212626,0.80972934
30212626,35599020,0.80972934
51909448,68770838,0.8096985
68770838,51909448,0.8096985
4486003,79334302,0.8096836
39417365,30675144,0.8095771
44763957,44557157,0.80944574
10719102,69236418,0.80943537
962259,81870804,0.8094064
81870804,962259,0.8094064
75384375,94512766,0.809374
77117519,82830386,0.8093619
5938532,562267,0.8093579
562267,5938532,0.8093579
5938532,69236418,0.80933094
68731207,6256141,0.8092775
6256141,68731207,0.8092775
7180445,1647419,0.8092692
2965203,15267149,0.8092439
47070583,70291557,0.8091758
57141050,17282907,0.80917394
17282907,57141050,0.80917394
962259,70880620,0.80916214
73248952,48790334,0.80907434
28465006,97035417,0.80906546
34402785,64692163,0.80898345
17629924,32904204,0.8087788
32904204,17629924,0.8087788
35599020,12389785,0.80871236
85033463,81239989,0.80864996
70100785,2952392,0.80858535
91625850,64607522,0.8085784
7274546,89258775,0.80854523
619357,26736430,0.8085288
80086981,48790334,0.8085115
21963707,21075521,0.80850005
57083116,30102415,0.80842435
30102415,57083116,0.80842435
62631842,7437957,0.808301
24360041,11199708,0.808293
16403660,1237125,0.80823755
81628037,88727182,0.80819046
3024917,66053411,0.8081013
6020197,63513295,0.80792534
56064924,25593960,0.8078873
64607522,72145468,0.80784786
10557104,56619455,0.80783
56619455,10557104,0.80783
81424577,19102781,0.8077986
40764402,85887866,0.80779165
44884689,2024149,0.80778146
57534412,10385523,0.8077002
55037683,63000389,0.80768466
21670568,80529811,0.8076594
80529811,21670568,0.8076594
32658304,74927976,0.8076349
12194096,79334302,0.8076345
79334302,12194096,0.8076345
47317909,84745207,0.80762684
88924072,35759560,0.8075546
45313699,77220996,0.80753475
34073206,90795718,0.8073267
34532774,45001854,0.80715394
45001854,34532774,0.80715394
7180445,3495669,0.80715245
80500885,56619455,0.8070117
56619455,80500885,0.8070117
62578226,5137860,0.8069705
81349254,71490927,0.80695176
7158327,77220996,0.80689746
41182463,31276154,0.8068625
8281130,29825517,0.80684173
83362334,48102422,0.8068301
48102422,83362334,0.8068301
95282914,31177984,0.8068233
57083116,27166337,0.80679494
64351459,77356650,0.80679274
96691496,96888760,0.80677927
96888760,96691496,0.80677927
32328366,73248952,0.8067763
55031719,10496,0.8066537
10496,55031719,0.8066537
28465006,40876435,0.806643
41570143,14224876,0.80663615
61869387,48138837,0.80642056
89814977,31143310,0.80640996
31143310,89814977,0.80640996
63984980,48580118,0.8063646
90916504,84249757,0.80629593
13502365,7383990,0.80626625
7383990,13502365,0.80626625
17465629,21044132,0.8062407
21044132,17465629,0.8062407
30500904,63513295,0.8061687
63928436,10557104,0.8061538
84429009,21670568,0.80602753
21670568,84429009,0.80602753
74490598,41148564,0.80598915
93651578,68173491,0.8059875
54214061,47282882,0.8059814
97112728,56831449,0.8059588
56831449,97112728,0.8059588
45633828,90806148,0.80593705
41182463,51733905,0.8058596
80159309,16958158,0.8058368
16958158,80159309,0.8058368
50278024,47948274,0.805789
16855766,69366044,0.8057441
97634734,11409646,0.8057377
47388064,27195828,0.8056592
17282907,12110339,0.80554014
12110339,17282907,0.80554014
6236857,34259452,0.8055401
7488025,8939620,0.80545807
1286250,5938532,0.8054297
5938532,1286250,0.8054297
7574514,56884127,0.805338
16785446,10719102,0.8053355
35599020,79821099,0.8053202
35599020,22007806,0.8051834
19462081,50769372,0.8051816
63984980,95282914,0.8050664
10737119,27365404,0.8050318
11410512,53072167,0.80497825
56574761,82830386,0.80486184
52799959,18500821,0.80478454
34073206,24268406,0.804608
10557104,47431263,0.804606
47431263,10557104,0.804606
84429009,34583798,0.8044998
61869387,83592973,0.8043911
41191422,25025467,0.8043374
93651578,1741624,0.8043026
61786686,62368315,0.8042437
14639066,30141859,0.8042253
61786686,12524915,0.8041777
26237955,24224044,0.80414
93033011,36803847,0.8040463
9232364,52799959,0.8040364
52799959,9232364,0.8040364
67275979,53641305,0.8040087
21668308,7437957,0.80399877
61869387,36133874,0.8039217
98600039,47818268,0.8039111
18327954,6480791,0.8038875
83555610,22770211,0.8038428
18922461,24268406,0.80379844
23351642,34259452,0.8034937
57082229,41234714,0.80341536
46100236,3024917,0.80331635
52356483,19102781,0.8032085
92318972,26502310,0.80313027
26502310,92318972,0.80313027
5519409,9232364,0.8030746
19462081,42779659,0.8030462
75384375,29914496,0.803044
98600039,76569969,0.80304325
47317909,57812056,0.80303144
48169914,87281733,0.8029111
14639066,12389785,0.8028177
83992680,24268406,0.80275
5519409,18500821,0.80271864
24742825,91137581,0.80267036
91137581,24742825,0.80267036
89243104,12772810,0.8026241
41456801,94512766,0.8025331
38383881,24802094,0.8025248
2965203,18693009,0.80244976
96691496,4284864,0.80244875
16958158,96279287,0.8024218
96279287,16958158,0.8024218
54550733,53451198,0.80228937
53451198,54550733,0.80228937
89102922,87076936,0.80225146
43876521,59324937,0.8021662
36295476,33078108,0.8021549
96888760,48580118,0.80207616
23351642,53464814,0.8020325
56475885,49092761,0.8018773
49092761,56475885,0.8018773
81524454,80963811,0.80181676
45313699,96677424,0.80163205
80103776,97634734,0.80141324
97634734,80103776,0.80141324
27429904,516433,0.8013491
1283491,51033513,0.8012817
53905543,48580118,0.8010858
15813840,87410064,0.80096495
54536046,61786686,0.8009572
61786686,54536046,0.8009572
46100236,38339458,0.80073994
57534412,43006963,0.8007308
45633828,31420404,0.8006103
31420404,45633828,0.8006103
20456341,9016004,0.80057096
68731207,74756753,0.80045694
98600039,84249757,0.8004481
18327954,48035811,0.80044365
35793904,95282914,0.8004177
93033011,48484532,0.8004161
58970863,5708838,0.8003998
5708838,58970863,0.8003998
45880639,48790334,0.80038506
55031719,6612505,0.80037904
6612505,55031719,0.80037904
34073206,76024362,0.80026233
31585097,14519075,0.8002605
7158327,30007794,0.8002062
66768594,19949293,0.80020106
54992750,21075521,0.8001977
21075521,54992750,0.8001977
95282914,48580118,0.8001572
55037683,31276154,0.80011505
26237955,54214061,0.8000518
18500821,1136383,0.7998276
1136383,18500821,0.7998276
60397145,20145574,0.79977727
16327022,27843837,0.7997067
32931015,26301462,0.7996938
16154426,96098511,0.79956496
91717987,70495926,0.79955024
24360041,92704095,0.79933244
92704095,24360041,0.79933244
7274546,97657130,0.79927874
1283491,83362334,0.7992028
41182463,75132289,0.7991711
43876521,47146148,0.799158
55157414,53081061,0.7991169
53081061,55157414,0.7991169
23055402,58763783,0.79893583
58763783,23055402,0.79893583
20456341,19411291,0.7989109
34532774,73248952,0.7988554
35599020,25593960,0.79857564
76497591,42779659,0.7985469
61964427,6020197,0.798429
61791022,80876204,0.7983289
80876204,61791022,0.7983289
66810868,45014189,0.7981254
45014189,66810868,0.7981254
49127797,69236418,0.79812217
16327022,22109936,0.7979989
89814977,38785326,0.79794955
38785326,89814977,0.79794955
70558780,80086981,0.797802
52799959,63899324,0.797772
80500885,10557104,0.79773486
21670568,5708838,0.79772747
84528711,31531912,0.79769397
81424577,1367517,0.79765946
58755004,93548558,0.7974956
93548558,58755004,0.7974956
4287952,81948691,0.79744804
28465006,61201533,0.7974014
61201533,28465006,0.7974014
56831449,1781011,0.79737836
81441228,34259452,0.7973257
48658824,74722865,0.797286
55037683,1130275,0.79720134
64607522,79558814,0.797081
79558814,64607522,0.797081
80086981,10373250,0.79701513
85033463,83592973,0.79695046
18835729,7574514,0.7968612
66047716,43481409,0.7967816
43481409,66047716,0.7967816
7383991,80102860,0.79676557
70174967,2282686,0.796764
17128193,75157949,0.7967349
29929454,61787029,0.7966088
61787029,29929454,0.7966088
72838471,77220996,0.7964882
98859135,54978736,0.79648274
54978736,98859135,0.79648274
28282387,62891962,0.7963738
70174967,48484532,0.7963426
66652299,81628037,0.796242
81628037,66652299,0.796242
74972794,52799959,0.7961999
48435137,91625850,0.7960227
91625850,48435137,0.7960227
62422382,42604445,0.79601455
18147366,83362334,0.7957306
83362334,18147366,0.7957306
97502452,75157949,0.79571575
66692743,8939620,0.7957027
47317909,12051271,0.79569846
47317909,77220996,0.7956108
23757092,8882504,0.79560685
30212626,20847407,0.79549575
70100785,41485546,0.79544246
11410512,76569969,0.79536843
94106554,18456007,0.79513824
83418921,66564908,0.79511106
35583855,26425849,0.79511005
7931274,42779659,0.7950887
12190772,2687477,0.79508793
2687477,12190772,0.79508793
16327022,19949293,0.794961
54829738,81351830,0.79491353
24927054,29914496,0.79488075
79707438,29467728,0.7948591
21469105,65028129,0.7948531
30500904,10385523,0.7946992
56676909,27043300,0.79468495
83013356,62842391,0.79468346
96888760,3764542,0.79462874
66768594,7979158,0.794546
54978736,56884127,0.79449046
83013356,22770211,0.79445374
58755004,20467137,0.79444134
20467137,58755004,0.79444134
80086981,45880639,0.79432964
47317909,56884127,0.79429495
18327954,5603029,0.7942406
70495926,48734649,0.79420763
48734649,70495926,0.79420763
7931274,5030809,0.7940525
81441228,30502153,0.79400754
416796,49092761,0.79398084
49092761,416796,0.79398084
33365078,42604445,0.7939373
70174967,25877530,0.79389083
54685720,48734649,0.7938335
48734649,54685720,0.7938335
64351459,29685693,0.79383135
29685693,64351459,0.79383135
26786850,33365078,0.79370797
33365078,26786850,0.79370797
77969198,1017836,0.79370624
28282387,27043300,0.79369754
83013356,32701286,0.7936585
54550733,38785326,0.7936512
38785326,54550733,0.7936512
32931015,86176880,0.7936274
3348619,21963707,0.79355705
81424577,27843837,0.7935316
10937592,18693009,0.7935245
62631842,57298257,0.79344094
15774916,46441935,0.793388
81628037,35737919,0.7931341
3348619,1046934,0.793031
98859135,77220996,0.79301214
16855766,11708101,0.79298484
1237125,67318157,0.7929169
38383881,64003605,0.792877
64003605,38383881,0.792877
88286371,53641305,0.7928176
84528711,90806148,0.7927944
66652299,14224876,0.792783
2965203,19248199,0.79278135
81424577,55136447,0.7927554
92894304,55031719,0.79271007
55031719,92894304,0.79271007
84977888,1329026,0.7926632
7274546,43932865,0.7926238
52404977,61296263,0.79260415
61296263,52404977,0.79260415
38447746,26301462,0.79258716
76426260,7871753,0.7925836
21469105,53521572,0.79257584
53521572,21469105,0.79257584
21469105,48521210,0.792213
10557104,59585994,0.79216856
77806817,54685720,0.79212946
7158327,96677424,0.7921175
96888760,61154808,0.7921025
1286250,10719102,0.7920894
45633828,30102415,0.79196894
79788718,26425849,0.7917458
12190772,35809370,0.7915951
30102088,10496,0.79134035
13502365,51400506,0.79132044
70174967,30674519,0.7912104
76426260,18346724,0.79116297
75297744,85333987,0.7911121
12991173,13718289,0.791063
13718289,12991173,0.791063
18327954,23211539,0.79099494
52948864,91137581,0.7909673
91137581,52948864,0.7909673
80500885,21924094,0.7909106
21924094,80500885,0.7909106
23351642,6236857,0.790808
35583855,36425270,0.79075277
90916504,76569969,0.7906698
12110339,67462269,0.79054755
962259,48521210,0.7904568
41456801,27195828,0.79045343
48169914,11022309,0.79042494
12991173,90806148,0.79038185
59585994,61787029,0.7902452
61787029,59585994,0.7902452
92318972,47282882,0.79020464
30675144,94106554,0.79014647
94106554,30675144,0.79014647
56475885,69406607,0.7900522
69406607,56475885,0.7900522
61787029,80500885,0.7900477
80500885,61787029,0.7900477
77020269,42604445,0.7899746
48102422,5964390,0.7899215
88286371,5137860,0.7899144
45014189,12032039,0.78991044
416796,69406607,0.78986216
69406607,416796,0.78986216
16154426,69366044,0.78983444
81441228,1647419,0.7898189
67275979,5137860,0.78979844
26502310,24802094,0.78979003
35793904,63984980,0.78966284
6930754,12032039,0.7896278
33653915,56676909,0.7896043
43481409,87572356,0.7895913
11564664,13238453,0.7895718
83418921,84438504,0.78941643
81524454,65372331,0.7894051
79788718,8882504,0.78936493
16421267,45014189,0.78930676
45014189,16421267,0.78930676
97112728,2158913,0.78925735
10557104,97535509,0.7892247
58763783,15041298,0.7891598
80103776,74659398,0.7891184
26237955,93168786,0.7891134
1286250,16785446,0.78906214
16785446,1286250,0.78906214
8343900,43780660,0.7889873
90916504,98600039,0.7889453
69866884,68874465,0.78880894
23351642,66810868,0.78878367
35793904,47389275,0.78875875
95251916,14224876,0.7887495
27449862,31531912,0.78869647
20456341,6256141,0.78858936
6256141,20456341,0.78858936
32413380,830512,0.7884681
830512,32413380,0.7884681
35793904,53905543,0.7884265
27166337,90806148,0.78836673
68689972,14224876,0.78830254
9561888,62368315,0.78822553
18865753,11625823,0.788208
11625823,18865753,0.788208
76497591,6721540,0.7881142
1286250,17629924,0.7881019
21963707,54992750,0.78804773
54992750,21963707,0.78804773
21469105,42604445,0.78799284
80159309,25657556,0.7878788
25657556,80159309,0.7878788
95282914,96691496,0.7877583
96691496,95282914,0.7877583
41456801,10385523,0.7877028
61066243,6020197,0.7876537
17681625,10385523,0.78756964
86775292,19949293,0.7875656
55157414,6020197,0.787557
3736831,31177984,0.78754556
66692743,50944416,0.7875453
21469105,5092599,0.78750163
5092599,21469105,0.7875015
23351642,7979158,0.7874972
25725051,44141044,0.7874244
1237125,2024149,0.7873965
62945209,15880732,0.7873369
41456801,93770909,0.7873073
81441228,53464814,0.7872896
55918296,3764542,0.78724337
29929454,10557104,0.7871995
70331081,70495926,0.78715837
70495926,70331081,0.78715837
79415655,21670568,0.7870902
77969198,87076936,0.7870717
51823526,24802094,0.7870641
37007640,8482438,0.7869874
53081061,56884127,0.78688335
23276195,18666720,0.7868048
23757092,14576497,0.7866998
18327954,98124674,0.7866618
6930754,45014189,0.7865455
85033463,7021169,0.78652483
97502452,2046148,0.78648376
10937592,24268406,0.78647065
15813840,97657130,0.78644645
62631842,21668308,0.7864368
54550733,31143310,0.7864337
31143310,54550733,0.7864337
6930754,84899710,0.78641605
84899710,6930754,0.78641605
70558780,10373250,0.78638864
86924416,65827191,0.7863803
30500904,94512766,0.7863432
55157414,68874465,0.78629273
70558780,30502153,0.78625494
37862083,11427812,0.7861136
81441228,81356812,0.7860868
40521037,43409810,0.78605545
77492364,30102415,0.78593457
57534412,40116448,0.785845
12615558,82676601,0.7857645
15648,62089162,0.78574324
66047716,79788718,0.78569037
42181153,70174967,0.78567946
1237125,83724071,0.7856283
9561888,35978749,0.78554547
75462645,30675144,0.7855023
30675144,75462645,0.7855023
56603137,73180792,0.7851677
60088869,30502153,0.78507113
60088869,80086981,0.78486776
71290070,87572356,0.7847493
54685720,2158913,0.7846601
61786686,35978749,0.78446746
81424577,87824933,0.7844135
35793904,79625472,0.7843977
12850168,66768594,0.78433007
80529811,58970863,0.7843177
47818268,90916504,0.7842058
90916504,47818268,0.7842058
6256141,45014189,0.7841623
16785446,69236418,0.7841576
23055402,81441228,0.7841341
17681625,93094504,0.78411615
85033463,61869387,0.7840384
61869387,85033463,0.7840384
41456801,62242632,0.7840204
9069903,58893463,0.7838243
63928436,59585994,0.7838049
54685720,31276154,0.7837883
2491460,54818129,0.78373855
54818129,2491460,0.78373855
16785446,17629924,0.7836404
35469349,34301207,0.78359103
60088869,23605781,0.7834267
56459937,5717009,0.78307366
62945209,26301462,0.78286344
70174967,36803847,0.7827671
88924072,55393360,0.7827083
1515409,27449862,0.78259706
27449862,1515409,0.78259706
16958158,18915981,0.7822073
18915981,16958158,0.7822073
40521037,24360041,0.78214437
42181153,9242778,0.7821031
9561888,61786686,0.782045
61786686,9561888,0.782045
8343900,5717009,0.7819779
5717009,8343900,0.7819779
70174967,12991173,0.78192526
64351459,44025931,0.7817255
44025931,64351459,0.7817255
7383991,96677424,0.7815853
3598671,81351830,0.7815827
81948691,26009855,0.7815802
26009855,81948691,0.7815802
21658813,3447561,0.78146994
81424577,68173491,0.78136766
37865200,48435137,0.78133535
48435137,37865200,0.78133535
81920536,24802094,0.7811883
33609155,62891962,0.781158
57082229,10496,0.7808124
18137846,48521210,0.7806925
7488025,81239989,0.780675
24927054,62891962,0.7806611
60088869,48790334,0.7805752
61964427,53641305,0.7805078
17282907,962259,0.78046787
962259,17282907,0.78046787
74021002,2392632,0.7804251
2392632,74021002,0.7804251
66692743,46987758,0.7804037
18327954,30526558,0.7803329
63741667,12109505,0.7802279
81920536,26502310,0.7801663
75551932,46741147,0.7801114
33365078,32867763,0.78006124
96989593,18915981,0.78003776
79707438,20060104,0.78000915
46100236,26237955,0.77991056
83992680,62242636,0.7798777
62242636,83992680,0.7798777
2701835,61794834,0.77983165
97940008,17172533,0.7798245
63016126,12194096,0.7798101
12194096,63016126,0.7798101
50789754,12190772,0.77963936
12190772,50789754,0.77963936
42516046,30502153,0.7796353
49092761,12959047,0.77960145
77492364,90806148,0.77951276
31420404,84528711,0.7794569
84528711,31420404,0.7794569
31420404,30102415,0.7793834
70331081,9862290,0.7793586
29167528,45313699,0.77933276
31585097,86176880,0.77917325
7737233,98241359,0.77916473
88855243,60397145,0.7790568
83211359,73180792,0.7790159
24561369,26786850,0.7789721
26786850,24561369,0.7789721
21924094,10557104,0.7788932
24927054,56884127,0.7788805
56574761,77117519,0.7787254
77117519,56574761,0.7787254
11564664,72819377,0.77867776
24927054,415992,0.77864724
46010816,12772810,0.77859986
30212626,25025467,0.77859545
83418921,12761549,0.7785902
95222715,81441228,0.778479
69866884,56884127,0.77839124
21658813,79821099,0.7783141
95251916,90916504,0.77824914
77969198,18693009,0.7782406
15648,3170005,0.7782302
55031719,70269940,0.778105
70269940,55031719,0.778105
52356483,87824933,0.7780882
18567164,31276154,0.77786255
85033463,52249526,0.77783597
1515409,81356812,0.7778187
97112728,55037683,0.7776154
79415655,5708838,0.7775755
13718289,70880620,0.7775471
48169914,40845396,0.7775121
39130017,13024596,0.77745247
12890760,43189520,0.77731
92318972,3420227,0.7772371
47818268,41704902,0.7772141
62945209,33206318,0.77703726
7437957,19411291,0.77693975
26502310,26237955,0.77682126
62145678,7413764,0.7768159
15648,33206318,0.7766345
61964427,5137860,0.7765428
62945209,3170005,0.7765093
38383881,2491460,0.77644175
2491460,38383881,0.77644175
87998765,24802094,0.7764392
12850168,8281130,0.7763206
12127235,52851091,0.7762927
52851091,12127235,0.7762927
32328366,10373250,0.77614903
41234714,30102088,0.77610147
30102088,41234714,0.77610147
17282907,42604445,0.7760999
63984980,4284864,0.7760288
77020269,24561369,0.77600193
24561369,77020269,0.77600193
57534412,29914496,0.7759703
33653915,36985401,0.7757042
31247528,56574761,0.7756959
56574761,31247528,0.7756959
77806817,95222715,0.7756953
37387828,18147366,0.77568686
18147366,37387828,0.77568686
52851091,42604445,0.7756728
13253151,26502310,0.77564144
26502310,13253151,0.77564144
62945209,62089162,0.77560675
9746845,12772810,0.7754242
55031719,64029523,0.7751449
70403624,20847407,0.7749853
93548558,68689972,0.7748385
79415655,58970863,0.77482677
33609155,62242632,0.7746214
60638240,93168786,0.7744948
9069903,9951028,0.77438796
7180445,56904801,0.7743776
91980346,76024362,0.7743588
31585097,26301462,0.7741413
35469349,27843837,0.7741217
1515409,77492364,0.77408004
77492364,1515409,0.77408004
70495926,24268406,0.773938
21924094,43453350,0.77388036
43453350,21924094,0.77388036
97535509,47431263,0.7738422
47431263,97535509,0.7738422
31585097,28656579,0.77381384
47070583,96712384,0.7737225
81870804,48521210,0.7737137
63928436,25945492,0.77370024
77492364,31531912,0.7733963
1130275,56831449,0.77321684
56831449,1130275,0.77321684
95222715,70495926,0.7728112
92318972,83274921,0.7726797
18147366,1283491,0.7726246
36295476,74659398,0.7725189
55031719,41234714,0.77241015
41234714,55031719,0.77241015
61893255,7979158,0.7723745
33078108,46441935,0.7723658
84899710,23351642,0.77217376
17465629,38823136,0.7721397
88924072,16529934,0.7720557
59585994,80500885,0.7719557
9242778,70665219,0.7717074
44763957,79415655,0.7716244
5717009,38552937,0.77159154
98859135,68874465,0.7715832
32328366,7873500,0.7713882
64003605,54818129,0.7713737
54818129,64003605,0.7713737
76426260,48521210,0.77130365
1237125,64518758,0.771292
63928436,61787029,0.7712641
89102922,15267149,0.7712385
56034511,10373250,0.7712036
9242778,12991173,0.77095073
7437957,9016004,0.7707199
72838471,43932865,0.77063704
629096,15267149,0.77062595
77117519,48580118,0.7704312
17869090,29914496,0.77031577
88286371,81351830,0.77031136
63741667,75462645,0.77021134
75462645,63741667,0.77021134
35809370,9951028,0.77016664
29685693,15448834,0.769693
49127797,15725521,0.7696693
46100236,66053411,0.7696595
91980346,18922461,0.76962173
18922461,91980346,0.76962173
83362334,39130017,0.7694485
56034511,45880639,0.769371
11564664,52992150,0.76932096
11625823,62089162,0.7693104
92894304,10496,0.769179
10496,92894304,0.769179
38785326,12109505,0.76913726
1283491,48102422,0.76912785
48102422,1283491,0.76912785
87410064,619357,0.7690062
21463573,66437726,0.7689805
51823526,64003605,0.76897436
64003605,51823526,0.76897436
79334302,17465629,0.7686398
32763428,68689972,0.76853997
77117519,52490674,0.76853514
52490674,77117519,0.76853514
17681625,77094922,0.7684577
54818129,26237955,0.7683337
46100236,11620368,0.7683116
51909448,70495926,0.76830405
78989521,43780660,0.7682779
80500885,29929454,0.76815516
29929454,80500885,0.76815516
68731207,52993309,0.768105
43006963,10385523,0.76809514
7488025,46987758,0.7679926
629096,18693009,0.7679907
52356483,19411291,0.7679348
74021002,51919374,0.76792103
48435137,64607522,0.767812
24742825,3495669,0.7676754
68731207,45145764,0.7676571
21924094,25945492,0.7676408
25945492,21924094,0.7676408
46100236,8565641,0.76756287
93548558,84249757,0.76751393
52356483,18862066,0.7672604
35469349,87824933,0.7672296
79851703,63479109,0.7672003
17869090,3598671,0.7671756
3598671,17869090,0.7671756
20456341,66047716,0.76715696
93725418,35599020,0.7670473
32763428,75255299,0.76700085
84899710,12032039,0.7669176
31247528,82830386,0.7668113
33609155,20060104,0.76666623
16421267,84899710,0.76665854
16855766,22992322,0.76663345
27449862,57083116,0.76655865
57083116,27449862,0.76655865
81870804,17282907,0.7664819
629096,19248199,0.7664339
83362334,51033513,0.76640666
17172533,88865914,0.76633406
97112728,97940008,0.76624477
97940008,97112728,0.76624477
17869090,77220996,0.7661154
27166337,3495669,0.76610255
88855243,77926243,0.7659319
83211359,15448834,0.7658384
1515409,57083116,0.7656061
17869090,77094922,0.7654267
40521037,11199708,0.7654115
70665219,18137846,0.7652167
56034511,48790334,0.7652043
11564664,43411151,0.76514196
93725418,45946412,0.76513547
31143310,2701835,0.7650081
2701835,31143310,0.7650081
62145678,52948864,0.76497746
52948864,62145678,0.76497746
97502452,10385523,0.76494503
32763428,76569969,0.7648875
27166337,47200708,0.76486886
61296263,36027066,0.7647041
31585097,97657130,0.7646981
69866884,6020197,0.7645993
416796,12959047,0.7643949
49810009,12991173,0.7643734
27166337,1515409,0.7643074
1515409,27166337,0.7643074
712313,75255299,0.76427996
22563019,72145468,0.7642555
1515409,1647419,0.76424783
44763957,58970863,0.76419127
78989521,7979158,0.7641693
21506250,96888760,0.7641206
24742825,52948864,0.7640284
52948864,24742825,0.7640284
7383990,43780660,0.76394016
70702847,70291557,0.7638558
17128193,40116448,0.7638274
59585994,47431263,0.76380455
17681625,77220996,0.7637522
16855766,22000442,0.7637382
59585994,25945492,0.76350677
25945492,59585994,0.76350677
88865914,79148737,0.7634248
79148737,88865914,0.7634248
24742825,9862290,0.7633327
77806817,36040842,0.7633053
97940008,2158913,0.7632837
11665937,12190772,0.76315594
83418921,1329026,0.76309836
81870804,12991173,0.76305145
63479109,95222715,0.76303554
44557157,5708838,0.76302236
17128193,62242632,0.7629831
40617635,24268406,0.7629421
43453350,10557104,0.76292676
91625850,37865200,0.7628207
52948864,57255527,0.7627597
57255527,52948864,0.7627597
33609155,75384375,0.76272666
63928436,29929454,0.7621963
21463573,31803140,0.7621871
11625823,38447746,0.76209295
38447746,11625823,0.76209295
33671496,10373250,0.7620739
33078108,97634734,0.7620288
22563019,91625850,0.76189065
79558814,72145468,0.7618096
89323553,61154808,0.7617855
52490674,74908666,0.76170707
38447746,97657130,0.76167274
21463573,48430039,0.7616166
38339458,85887866,0.76154476
13718289,70174967,0.76153475
69866884,63513295,0.7615031
6256141,56383083,0.7613249
49066670,11199708,0.7613243
11199708,49066670,0.7613243
78989521,81356812,0.7611469
83992680,36040842,0.7611468
81920536,38383881,0.761098
45001854,9862290,0.76108515
68731207,78196838,0.7609638
38785326,53451198,0.7609338
87998765,47282882,0.76090693
79851703,81441228,0.76070213
13718289,31531912,0.7606398
29167528,30007794,0.76062906
24791295,18567164,0.7606221
97112728,41182463,0.760531
65479901,62807515,0.7604786
49810009,70174967,0.76044995
72838471,27365404,0.7604186
81349254,71230660,0.7603947
74722865,80753512,0.76022506
15306268,83992680,0.76010656
83992680,15306268,0.76010656
81920536,92318972,0.7600328
78989521,96691496,0.759989
68731207,20456341,0.7599783
81349254,51946981,0.75988376
24351127,8281130,0.759799
21463573,78196838,0.75975513
32763428,64518758,0.7597022
17869090,10385523,0.75960493
9767156,56831449,0.759576
56831449,9767156,0.759576
56034511,7873500,0.7595582
1046934,32885383,0.759511
32885383,1046934,0.759511
51909448,2158913,0.75949025
84821763,82090972,0.759322
48102422,39130017,0.75914186
98241359,48790334,0.759109
77020269,26786850,0.7590978
46741147,12190772,0.7589513
80876204,2392632,0.7588049
6612505,77094922,0.7586366
4484537,11542304,0.75863004
11542304,4484537,0.75863004
38339458,23605781,0.75854266
49066670,43409810,0.75851756
76426260,96636315,0.75842774
12243414,7158327,0.7583378
17869090,97987485,0.7583287
28465006,18865753,0.7582855
88855243,712313,0.7582202
712313,88855243,0.7582202
59141538,81870804,0.75795823
98241359,64223023,0.75789666
32328366,48790334,0.75788045
26502310,47070583,0.75767946
47070583,26502310,0.75767946
77020269,32867763,0.7576489
76426260,70880620,0.75762826
26786850,52851091,0.75759417
75596485,48734649,0.7575774
70403624,35599020,0.7575633
18960736,5708838,0.7575445
61868905,16855766,0.75738776
75596485,7979158,0.7573553
78989521,95282914,0.75721633
36295476,29553137,0.7571016
27166337,77492364,0.7569554
90391225,56603137,0.75690794
1046934,11625823,0.75684667
11625823,1046934,0.75684667
46809516,43189520,0.7567814
53905543,21044132,0.75669825
64536135,10999896,0.75657094
30212626,45946412,0.75654954
13253151,70291557,0.7564433
49127797,16785446,0.756436
70665219,70174967,0.75616246
98241359,32328366,0.7561126
7488025,85033463,0.7560984
11625823,3170005,0.7560974
81349254,36985401,0.7560563
88924072,44483408,0.75597346
7488025,25135333,0.7559173
54550733,53660770,0.7559066
60638240,81424577,0.75574756
712313,28224541,0.75565755
58893463,2687477,0.75560945
7488025,83592973,0.7555835
7488025,61869387,0.75556445
12850168,23605781,0.7555343
51909448,9862290,0.755423
97634734,46441935,0.755367
55918296,31247528,0.7552593
31247528,55918296,0.7552593
962259,30102415,0.75523907
53905543,4284864,0.7550827
53905543,31177984,0.75505817
15774916,36295476,0.7550169
41867761,79558814,0.75500023
79558814,41867761,0.75500023
43742368,49810009,0.75490606
70403624,56064924,0.7548617
76426260,65028129,0.75481933
61893255,45014189,0.75481904
12127235,42604445,0.7547534
830512,52948864,0.754729
34746615,17007886,0.7546772
17007886,34746615,0.7546772
96889697,31803140,0.7545186
61893255,12032039,0.7542666
61201533,40876435,0.7541815
32885383,11625823,0.75417197
11625823,32885383,0.75417197
14628836,13238453,0.75400525
98241359,10373250,0.7539736
12127235,34073206,0.75389344
4287952,30675144,0.75386953
21506250,82830386,0.7534839
97502452,20060104,0.753412
75596485,70331081,0.7533896
33653915,71490927,0.7532642
8174351,38383881,0.7532611
62422382,34746615,0.75322855
34746615,62422382,0.75322855
17007886,81870804,0.75322735
6256141,7979158,0.7531434
96889697,64323838,0.75312734
43742368,24268406,0.7530932
31420404,90806148,0.75289327
12127235,53521572,0.75278234
62242636,24268406,0.75272226
9069903,35809370,0.7525362
35809370,9069903,0.7525362
37065951,70291557,0.7523245
57083116,47200708,0.75208604
18922461,9862290,0.751825
77806817,7979158,0.7517698
26502310,38383881,0.75170964
12850168,66053411,0.7516281
61868905,69366044,0.7514751
60638240,62318417,0.7514594
84438504,66564908,0.75142634
6256141,84899710,0.75132143
16958158,96989593,0.7512735
962259,81356812,0.7512288
28465006,49678723,0.7512114
53737120,3764542,0.75100964
90391225,77926243,0.75064033
97502452,96384448,0.75043416
8174351,24802094,0.7504313
43453350,61787029,0.75040126
81920536,70291557,0.7503369
70403624,41191422,0.75031585
41191422,70403624,0.75031585
6256141,41902860,0.75025463
33609155,75157949,0.750252
7437957,1367517,0.7502405
36295476,11409646,0.7502179
33671496,48790334,0.74999505
6930754,23351642,0.74998856
50789754,9951028,0.7499838
75462645,51919374,0.7498748
7437957,20456341,0.7498683
65953977,9016004,0.7497887
90391225,15448834,0.7496587
14628836,19006949,0.74964535
87998765,70291557,0.7495394
55918296,56574761,0.7495387
56574761,55918296,0.7495387
31420404,27166337,0.74946886
81349254,56676909,0.7494136
4287952,93836358,0.74937785
22563019,37865200,0.7489933
57083116,31531912,0.74885786
61868905,90945536,0.7488481
61868905,24268406,0.7488283
33671496,80086981,0.74880946
61868905,7979158,0.74878514
14628836,80529811,0.74864846
51919374,93836358,0.74862564
61868905,16785446,0.7484546
46741147,2687477,0.7482854
89323553,8343900,0.74826473
37387828,48790334,0.7482363
2392632,9862290,0.74820733
14628836,36133874,0.748101
36532408,712313,0.74807155
8343900,4284864,0.7479888
60638240,38383881,0.74787587
81349254,88168633,0.7477312
8174351,81424577,0.7474283
96989593,41182463,0.74741286
9767156,6403220,0.7473608
6403220,9767156,0.7473608
24351127,66768594,0.74734664
35100344,37439609,0.7468959
35100344,7979158,0.7467842
53905543,95282914,0.7466422
44557157,76024362,0.74659675
33671496,64223023,0.7464293
75462645,72558082,0.7463387
74908666,56574761,0.74626946
56574761,74908666,0.74626946
33671496,7979158,0.7461041
18567164,51733905,0.74606586
33653915,51946981,0.74591076
24351127,9862290,0.74569786
18960736,16871572,0.74562097
30212626,12389785,0.745447
70403624,45946412,0.7452932
79148737,11427812,0.7452005
74021002,24268406,0.74511397
36532408,67318157,0.745047
81920536,26237955,0.74494207
65953977,19411291,0.74491584
61791022,93836358,0.7448729
58755004,76569969,0.7448667
37387828,48102422,0.74481547
4287952,72558082,0.74480784
70403624,79821099,0.74467003
6612505,10496,0.74461496
10496,6612505,0.74461496
9923090,12194096,0.7445545
12194096,9923090,0.7445545
70702847,26502310,0.7445008
6256141,29825517,0.74447197
81948691,31143310,0.74444854
35405134,91625850,0.74436784
91625850,35405134,0.74436784
70403624,3447561,0.7443483
59141538,12110339,0.7442081
2314380,46950967,0.743667
24351127,12127235,0.74364746
50160182,82676601,0.743569
37065951,26502310,0.7432656
6256141,19006949,0.74284804
56475885,84459988,0.7427503
57083116,77492364,0.74274015
56475885,64692163,0.74269223
97940008,6256141,0.7426157
60638240,49067884,0.74256766
37862083,79851703,0.7425674
88924072,97396039,0.7425555
25431697,81870804,0.7424827
18147366,50160182,0.74246484
50160182,18147366,0.74246484
79707438,10385523,0.7423731
38818158,60397145,0.74230045
80876204,61794834,0.74216646
82531103,96279287,0.7421123
25657556,96279287,0.7421112
96279287,25657556,0.7421112
32658304,32328366,0.7419957
64536135,69817830,0.74179226
8174351,93168786,0.74178207
56574761,53737120,0.74177635
53737120,56574761,0.74177635
29685693,83211359,0.7416612
65953977,57298257,0.74157226
56475885,39833087,0.7414384
24791295,2158913,0.74132645
11542304,25657556,0.74124897
25657556,11542304,0.74124897
87998765,26502310,0.7412112
18500821,41520329,0.7407222
68527967,52948864,0.7406982
61893255,66810868,0.74059045
43006963,96384448,0.7405664
64029523,77094922,0.7403133
18567164,14128915,0.7402298
2392632,70495926,0.7400465
90391225,60397145,0.7400168
91625850,72145468,0.7397076
4287952,71957793,0.7394302
57255527,830512,0.7393066
830512,57255527,0.7393066
49066670,24360041,0.73919284
24360041,49066670,0.73919284
30212626,79821099,0.73910046
79415655,34583798,0.73906195
81212084,8281130,0.73905957
34746615,93033011,0.73903203
71290070,43481409,0.73892367
97940008,20456341,0.7388342
36295476,8298432,0.73869956
25431697,90806148,0.7386707
89243104,18874158,0.7386236
3348619,11625823,0.738598
61893255,23351642,0.7384598
87998765,38383881,0.7384218
74021002,40208952,0.73836535
8174351,49067884,0.7382505
64536135,79475473,0.73811877
9923090,79334302,0.73806334
35469349,27923177,0.7378918
14418390,19248199,0.7377669
18147366,5964390,0.73760104
5964390,18147366,0.73760104
12110339,48521210,0.73754656
50160182,48102422,0.7375442
87998765,92318972,0.73753554
48435137,22563019,0.73747253
21506250,14128915,0.7374579
7437957,29006523,0.7373979
50160182,57337098,0.73734653
79707438,62891962,0.7373416
61893255,48790334,0.7367828
61893255,6256141,0.73648715
2314380,94512766,0.73636746
62422382,32867763,0.7363306
87998765,26237955,0.73632085
35100344,69366044,0.7363155
61893255,84899710,0.736287
41867761,72145468,0.7361897
70269940,77094922,0.73615396
35405134,48435137,0.73614967
32885383,21963707,0.73612076
21963707,32885383,0.73612076
9767156,97112728,0.735783
79707438,415992,0.73573893
25657556,96989593,0.7356659
18835729,6020197,0.7354357
1130275,2158913,0.7352519
44557157,34583798,0.73515683
6403220,11427812,0.7350999
65953977,81424577,0.73507774
25657556,18915981,0.7350641
18915981,25657556,0.7350641
14418390,70159856,0.7348341
21963707,11625823,0.7346313
11625823,21963707,0.7346313
38339458,51823526,0.73447615
24351127,68874465,0.7342298
4484537,18915981,0.7341727
18915981,4484537,0.7341727
97940008,88865914,0.7340631
88865914,97940008,0.7340631
2392632,77020269,0.73400366
50160182,67028945,0.7340032
2392632,52851091,0.73384476
94739264,13024596,0.7336072
13024596,94739264,0.7336072
75799899,43189520,0.73332167
83362334,94739264,0.7332635
94739264,83362334,0.7332635
88924072,87281733,0.73312074
64003605,516433,0.73294115
11665937,9951028,0.7325251
33653915,71230660,0.7324873
95052001,62242636,0.7324518
35100344,6236857,0.7323772
9767156,55037683,0.731647
50160182,65372331,0.7314091
33972604,47613152,0.73113227
61791022,51919374,0.73107123
1130275,41182463,0.73096955
61296263,21469105,0.73095715
29167528,24927054,0.73086464
43006963,75157949,0.7306825
80876204,23605781,0.73040223
81212084,66768594,0.7301965
5964390,51033513,0.7301686
70702847,54214061,0.730144
62274139,41520329,0.7300983
21075521,11625823,0.73002344
11625823,21075521,0.73002344
54992750,11625823,0.729997
13253151,47282882,0.72987276
40764402,149175,0.72987205
38339458,149175,0.7297896
71290070,47613152,0.72963595
79707438,18309559,0.72953594
61195551,89102922,0.7293625
39130017,18147366,0.7292939
37862083,54685720,0.72893965
38818158,73180792,0.7283288
96889697,38344216,0.72815657
46010816,3889666,0.7278419
95052001,7736538,0.72746956
7736538,95052001,0.72746956
47070583,47282882,0.72741824
12110339,42604445,0.72727334
35100344,61868905,0.7270299
41867761,64607522,0.7269861
18835729,24927054,0.72673583
48658824,13887167,0.72630954
44557157,21670568,0.7262888
20467137,93548558,0.7262332
7574514,6020197,0.7262162
96889697,52249526,0.7260675
12110339,90806148,0.72601557
24791295,51733905,0.7259754
43006963,29914496,0.7258075
62422382,35410623,0.72571313
35410623,62422382,0.72571313
9923090,38823136,0.72562563
58902636,62242636,0.72557425
86924416,74927976,0.72549623
61296263,7871753,0.72510874
88855243,44884689,0.7249914
64003605,79625472,0.724853
70665219,81870804,0.7246039
12164188,34073206,0.7245345
96037332,43409810,0.724102
58902636,15306268,0.72383606
2491460,26237955,0.7237826
37065951,96712384,0.7236606
75840459,84745207,0.7236023
38339458,3024917,0.72356904
1821257,34583798,0.72312987
97634734,74659398,0.72296464
20467137,97168711,0.72287595
74908666,31247528,0.7227773
31247528,74908666,0.7227773
9746845,27195828,0.7226863
29006523,34301207,0.72262806
33078108,74659398,0.7225735
38546562,18960736,0.7225396
81212084,68874465,0.7223463
15774916,74659398,0.72214055
79232921,68770838,0.7213451
13253151,54214061,0.7212927
59141538,90806148,0.72128856
12110339,70880620,0.72116494
76157897,17813216,0.7210941
81212084,12127235,0.7209811
41867761,37865200,0.72092247
81212084,9862290,0.7208959
54992750,32885383,0.7208791
32885383,54992750,0.7208791
31247528,3764542,0.71998954
20467137,11410512,0.71971786
37254069,15041298,0.7194784
5964390,1283491,0.7192725
2314380,28282387,0.7192193
11542304,82531103,0.7191782
82531103,11542304,0.7191782
24791295,31276154,0.71917176
32658304,86924416,0.7186372
86924416,32658304,0.7186372
95052001,41530379,0.71815956
41530379,95052001,0.71815956
97547150,24742825,0.7181023
51810284,53464814,0.7176024
52404977,36027066,0.71758735
24574240,15306268,0.7175538
54829738,53641305,0.7175192
66191134,18309559,0.7174125
38546562,74927976,0.7174028
64536135,18331466,0.7173714
84438504,1329026,0.7173673
70702847,96712384,0.71727526
62631842,3223487,0.71721816
4484537,80159309,0.71702546
29006523,86775292,0.71686625
61306190,97035417,0.7167698
64029523,10496,0.71676576
64536135,15787372,0.71656984
75840459,56884127,0.7163948
66191134,41456801,0.71638715
7737233,33671496,0.7160485
17007886,17282907,0.71602064
35100344,16855766,0.7159979
62422382,12991173,0.7154849
17007886,47200708,0.7154442
40764402,81439789,0.71503115
31247528,52490674,0.7149546
64003605,26502310,0.71490604
25431697,67462269,0.7145028
14418390,1017836,0.7144777
54818129,24802094,0.7143144
97547150,91137581,0.71423584
12194096,4486003,0.7141604
18567164,88957207,0.7138223
37862083,95222715,0.7138094
32885383,61306190,0.7136535
37254069,34259452,0.7135277
79148737,79851703,0.7134352
6403220,1781011,0.71285343
86924416,18960736,0.7126907
86924416,75297744,0.71262294
75297744,86924416,0.71262294
14418390,15267149,0.7125279
2314380,93770909,0.7125107
33653915,12051271,0.7123277
18567164,75132289,0.7119708
3957020,2701835,0.71181035
14418390,18693009,0.7111753
88855243,90391225,0.7111407
24791295,14128915,0.711115
16470846,91625850,0.7109827
91625850,16470846,0.7109827
20152457,93836358,0.7109188
35100344,11708101,0.7108273
35405134,37865200,0.7104803
18567164,97940008,0.71027946
2314380,66191134,0.7102474
66191134,2314380,0.7102474
84821763,43411151,0.70977235
32885383,21075521,0.7090723
21075521,32885383,0.7090723
73194223,51823526,0.70907223
75297744,32328366,0.70891964
97547150,62145678,0.70878744
49913390,79148737,0.7086382
79148737,49913390,0.7086382
61306190,28465006,0.7085777
54536046,8994298,0.7084417
46741147,9069903,0.7082426
22563019,79558814,0.70806706
53737120,31247528,0.7080481
31247528,53737120,0.7080481
97547150,830512,0.70792735
88730603,80725760,0.70784414
70702847,47282882,0.70784146
12243414,45313699,0.70780027
7574514,55157414,0.70762646
20152457,4287952,0.7073179
29006523,27843837,0.70705265
88730603,18874158,0.7070072
15306268,95052001,0.70682245
95052001,15306268,0.70682245
91625850,79558814,0.7067337
59141538,17007886,0.7065873
73194223,24802094,0.70643026
71290070,81424577,0.7063541
31149803,7413764,0.7061814
7413764,31149803,0.7061814
48658824,80753512,0.7060958
57255527,91137581,0.70566964
96037332,11199708,0.7056078
50775039,43409810,0.7055947
26491787,53081061,0.70543236
11665937,9069903,0.7052631
18567164,17103408,0.70492584
82531103,16958158,0.7047012
9767156,1130275,0.70444703
25657556,16958158,0.7043544
16958158,25657556,0.7043544
29006523,57298257,0.7042831
73194223,38693547,0.7042751
87410064,97035417,0.7041515
12243414,77220996,0.70385337
9242778,70174967,0.70369136
12194096,17465629,0.7028663
86924416,34532774,0.7022792
13253151,96712384,0.7019587
87410064,86176880,0.7018367
20152457,30675144,0.7016715
15774916,8298432,0.7015933
75799899,50278024,0.7013384
64029523,6612505,0.7010037
12243414,7383991,0.70086586
87410064,14519075,0.70061946
42210935,43409810,0.7004014
88865914,11427812,0.6997729
16421267,34259452,0.69974387
52404977,7871753,0.6995603
38546562,34532774,0.6994909
40764402,51823526,0.6992334
16421267,58763783,0.6988923
6403220,55037683,0.69877374
11542304,97940008,0.6986598
20467137,712313,0.6983484
40764402,98793471,0.69796413
1821257,62945209,0.6977627
16421267,12032039,0.6970138
66191134,94512766,0.6968988
70702847,87998765,0.6968861
76157897,34388814,0.6968066
49913390,18567164,0.6965643
30419251,83555610,0.69580257
3348619,32885383,0.6957593
12243414,36985401,0.6955729
32658304,65827191,0.69520956
29006523,32979461,0.6944059
57791020,63016126,0.6943115
24791295,79148737,0.69410837
41530379,83992680,0.6938059
57255527,97547150,0.69374275
97547150,57255527,0.69374275
13024596,83362334,0.6933402
54536046,61195551,0.6933026
20152457,12109505,0.6929413
32413380,91137581,0.6926906
94739264,5964390,0.6925422
76157897,46246978,0.6919085
12164188,76024362,0.69125956
91717987,51909448,0.69079685
66191134,28282387,0.6905298
61201533,11625823,0.69046974
33972604,87572356,0.68995225
88730603,72314218,0.68954843
76157897,21122556,0.6890583
74722865,81524454,0.6890256
26491787,55157414,0.68862355
35410623,42604445,0.68861103
20152457,71957793,0.68770635
30419251,62842391,0.6873458
38546562,73248952,0.68732196
88865914,37862083,0.68720853
66191134,93770909,0.6868913
7737233,32328366,0.68680453
51810284,23055402,0.6862416
35405134,64607522,0.68624014
84821763,67614478,0.68595266
6403220,63000389,0.68581474
49913390,6403220,0.68567806
6403220,49913390,0.68567806
1821257,5708838,0.6855256
12243414,66680332,0.68551666
61201533,3807651,0.68490386
76157897,63386383,0.6847325
57791020,4486003,0.68384665
9923090,21044132,0.6837941
84821763,51823526,0.68362343
35410623,81870804,0.683596
58902636,7736538,0.6830525
66191134,27043300,0.68254
17172533,79851703,0.6821594
91717987,68770838,0.68167186
7736538,62242636,0.68132806
75799899,57337098,0.68128204
48658824,81524454,0.6812018
91717987,9862290,0.68100953
74722865,13887167,0.6807786
17172533,2158913,0.6807327
30419251,41148564,0.6796219
37254069,23055402,0.67948234
44763957,21670568,0.6792838
17172533,37862083,0.67924905
17172533,63479109,0.6790168
74722865,80963811,0.6788279
79232921,70331081,0.6785065
7736538,83992680,0.6782479
30143469,83555610,0.67770106
73194223,54214061,0.6775539
76157897,91929224,0.6773429
74908666,3764542,0.67732394
75297744,73248952,0.6768211
57791020,84465814,0.67642325
7737233,98430609,0.67637014
94739264,48102422,0.676301
50775039,24360041,0.6746336
63016126,79334302,0.6745413
54992750,89961053,0.6744329
67462269,59141538,0.67435944
57791020,96636315,0.67424273
88865914,79851703,0.6740718
64016107,41148564,0.67392075
76157897,59324937,0.67391354
82531103,96989593,0.67350805
50775039,11199708,0.67338
72125402,58763783,0.6730589
64016107,83013356,0.6728156
73194223,26237955,0.67235804
48435137,16470846,0.67221904
16470846,48435137,0.67221904
76157897,12051271,0.67164546
63016126,38823136,0.671495
44763957,16871572,0.6708939
1821257,34073206,0.67087793
54277804,93548558,0.6707272
37065951,64003605,0.6701769
16470846,64607522,0.66980094
48658824,50920560,0.6691433
79232921,11427812,0.6688702
82531103,4484537,0.6688397
67462269,17282907,0.66882896
64016107,96098511,0.66882753
73194223,11620368,0.6685636
62631842,19411291,0.66812694
7413764,91137581,0.66789675
38546562,32328366,0.6677959
9923090,17465629,0.6675184
61306190,11625823,0.6662393
49058519,83211359,0.666032
7413764,52948864,0.6659714
64016107,32701286,0.6657138
26491787,29167528,0.66470325
54277804,15774916,0.6646236
64016107,74490598,0.6642632
84821763,13238453,0.6639161
11763693,20152457,0.66356015
88865914,54685720,0.6633573
82531103,97112728,0.6626003
94739264,39130017,0.65994126
39130017,94739264,0.65994126
12176070,64536135,0.65931094
49913390,88865914,0.65872014
42210935,92704095,0.65840536
24574240,7736538,0.6580664
79232921,48734649,0.6580118
30143469,62842391,0.6577201
42210935,11199708,0.6575837
48734603,19248199,0.65683585
35191236,12772810,0.6568124
72125402,37254069,0.6567847
37254069,72125402,0.6567847
67462269,48521210,0.6561765
48734603,20456341,0.6553607
31149803,830512,0.6544788
9923090,57791020,0.6536654
26491787,97502452,0.6532994
26491787,20060104,0.6528063
11763693,4287952,0.6527766
51810284,45014189,0.65231705
23828624,94739264,0.65163344
94739264,23828624,0.65163344
88031640,41902860,0.65110314
16470846,37865200,0.65052176
30143469,98430609,0.6503067
37254069,16421267,0.65013796
37254069,58763783,0.6468189
97165175,49127797,0.6464292
97165175,42604445,0.6457673
54277804,11409646,0.6450404
31149803,97547150,0.64454
72125402,51810284,0.6442412
35191236,80725760,0.6432599
16470846,72145468,0.6430334
13024596,48102422,0.6424475
30012034,41530379,0.6424298
48734603,63899324,0.6424216
81962548,15787372,0.6420938
30012034,7736538,0.6401334
16470846,22563019,0.63996625
72125402,34259452,0.6396964
72125402,16421267,0.63931245
63016126,21044132,0.6383699
35405134,79558814,0.6382214
68142605,24574240,0.6379086
30143469,22770211,0.63741076
54277804,38818158,0.636754
12176070,90795718,0.6364192
81962548,22992322,0.63540626
63016126,17465629,0.63534784
94739264,18147366,0.6347433
54277804,47818268,0.6344334
30143469,32701286,0.6328175
97165175,26301462,0.632494
81962548,79475473,0.63165724
22422851,12109505,0.6292718
23828624,39130017,0.628971
79232921,6403220,0.62867504
9923090,4486003,0.62856233
65479901,39085812,0.6283088
31149803,62145678,0.62828183
32413380,52948864,0.62711096
88031640,32328366,0.6264862
11763693,63741667,0.62587863
8482438,91980346,0.6253481
49058519,29685693,0.62446904
31149803,91137581,0.62365746
11763693,30675144,0.62311983
13024596,18147366,0.6230967
16470846,41867761,0.62201333
35191236,72314218,0.6211075
88031640,54798530,0.6198272
88031640,83211359,0.6182652
81962548,69366044,0.61553645
31149803,57255527,0.61399674
22422851,2701835,0.61383045
56736608,15787372,0.61213046
22422851,54550733,0.6089605
88031640,25725051,0.6085563
23828624,83362334,0.6066563
8482438,21044132,0.6057708
95671075,84459988,0.605301
68142605,95052001,0.6030052
8482438,96691496,0.6029595
49058519,77926243,0.6029194
46741147,11665937,0.6028015
49058519,90391225,0.60241306
13024596,5964390,0.60192573
56736608,79475473,0.5967667
30012034,87998765,0.59658337
65479901,2687477,0.59527326
49058519,34168295,0.5947151
56736608,45014189,0.5945311
68142605,48734603,0.59248936
12176070,34073206,0.5923635
60392051,24574240,0.5881175
49058519,38818158,0.584793
95671075,12291734,0.58465344
65479901,41867761,0.58148366
23828624,50160182,0.58040446
56736608,6256141,0.57783616
95671075,39833087,0.5776932
12176070,33622216,0.5756384
30012034,70291557,0.5695986
95671075,64692163,0.5695748
65479901,7979158,0.56928325
65479901,9069903,0.56524795
95671075,12959047,0.56039095
38693547,54818129,0.55839694
38693547,64003605,0.554132
38693547,2491460,0.5384171
60392051,6795966,0.5270344
38693547,38383881,0.525326
38693547,37065951,0.5249257
38693547,70702847,0.5230745
37007640,2687477,0.5215586
38693547,51823526,0.5207226
37007640,12194096,0.513955
37007640,91980346,0.5114345
37007640,50789754,0.5089169
36499924,32904204,0.50527894
37007640,35809370,0.50358737
36499924,3170005,0.5029456
36499924,62089162,0.50013804
60392051,48734603,0.4951433
36499924,11625823,0.4936094
37007640,18960736,0.49134046
62807515,39085812,0.45738208
62807515,25725051,0.4148296
62807515,46741147,0.41004407
62807515,81920536,0.3982829
62807515,49066670,0.3907355
