id,side,bucket,text,query
49605449,left,Brother,"COL brand VAL Brother COL title VAL Brother HL-L6300DW Business Laser Printer for Mid-Size Workgroups -HL-L6300DW COL description VAL The Brother HL-L6300DW is the ultimate monochrome laser printer for mid-sized workgroups with higher print volumes. This business-durable printer offers great value due to the included high-yield toner cartridge and offers even lower cost output due to the super high-yield replacement toner cartridge. Plus, maximize your productivity with fast printing up to 48ppm, automatic two-sided printing, as well as a 520-sheet capacity paper tray that holds more than a ream of paper. For even fewer refills, expand the paper capacity to 1,610 sheets with optional trays. Advanced security features provide network user authentication, and a color Touchscreen display enables direct printing from popular business cloud services. Plus, enjoy flexible connectivity and mobile device printing. COL price VAL 479.98 COL priceCurrency VAL USD",Brother Brother HL-L6300DW Business Laser Printer for Mid-Size Workgroups -HL-L6300DW
7873500,left,TP-LINK,"COL brand VAL TP-LINK COL title VAL Access Point TP-LINK Wireless N 300Mbs B/G/N - 3 Antenas COL description VAL Access Point TP-LINK Wireless N 300Mbs B/G/N - 3 Antenas COL price VAL 29,75 COL priceCurrency VAL EUR",TP-LINK Access Point TP-LINK Wireless N 300Mbs B/G/N - 3 Antenas
69918467,left,MITXPC,"COL brand VAL MITXPC COL title VAL 120GB Crucial BX500 3D NAND 2.5\"" SATA SSD COL description VAL Add flash to your laptop or desktop computer with the Crucial BX500 SSD, the easiest way to get all the speed of a new computer without the price.Boot up faster, load files quicker, and improve overall system responsiveness for all your computing needs. COL price VAL 39.95 COL priceCurrency VAL USD","MITXPC 120GB Crucial BX500 3D NAND 2.5\"" SATA SSD"
4486003,left,Nintendo,COL brand VAL Nintendo COL title VAL PKM - Pokémon - Sword & Shield - Rebel Clash Booster COL description VAL Pokémon TCG: Sword & Shield—Rebel Clash booster COL price VAL 4.5 COL priceCurrency VAL EUR,Nintendo PKM - Pokémon - Sword & Shield - Rebel Clash Booster
62145678,left,Elixir,"COL brand VAL Elixir COL title VAL Elixir E16052 Nanoweb Phosphor Bronze Acoustic Guitar Strings Light Gauge 12-53 COL description VAL Elixir E16052 Nanoweb Phosphor Bronze Acoustic Guitar Strings Light Gauge 12-53 - Elixir - 1 Set (6 strings) - Elixir Nanoweb Phosphor Bronze Light Gauge Acoustic Guitar Strings 0.012\"" to 0.053\"". Elixir Nanoweb strings don't just sound great; their micro-thin coating keeps them sounding great for a lot longer than average strings. COL price VAL 24.99 COL priceCurrency VAL AUD",Elixir Elixir E16052 Nanoweb Phosphor Bronze Acoustic Guitar Strings Light Gauge 12-53
48734603,left,EC Offroad,"COL brand VAL EC Offroad COL title VAL MultiPlus Inverter/Charger C 12/2000/80-30 COL description VAL MultifunctionalThe new style MultiPlus is set to replace the earlier MultiPlus Compact range. It is a powerful true sine wave inverter, a sophisticated battery charger that features adaptive charge technology and a high-speed AC transfer switch in a single compact enclosure.Models:500VA, 800VA, 1200VA, 1600VA COL price VAL 1,699.99 COL priceCurrency VAL AUD",EC Offroad MultiPlus Inverter/Charger C 12/2000/80-30
77146001,left,Swiss Military Hanowa,COL brand VAL Swiss Military Hanowa COL title VAL Relógio Swiss Military Hanowa06-6278.04.001.07 Navalus COL description VAL Swiss Ladies Watch with DayDate COL price VAL 219.95 COL priceCurrency VAL EUR,Swiss Military Hanowa Relógio Swiss Military Hanowa06-6278.04.001.07 Navalus
77220996,left,Canon,COL brand VAL Canon COL title VAL Canon PGI-29 Ink Tank Grey 4871B001AA CO68194 COL description VAL  COL price VAL 23.81 COL priceCurrency VAL GBP,Canon Canon PGI-29 Ink Tank Grey 4871B001AA CO68194
10229909,left,Epson,COL brand VAL Epson COL title VAL Epson Tinte schwarz-photo f. R3000 COL description VAL  COL price VAL 27.28 COL priceCurrency VAL EUR,Epson Epson Tinte schwarz-photo f. R3000
12032039,left,Cisco,"COL brand VAL Cisco COL title VAL Cisco Catalyst 2960-X | WS-C2960X-24TD-L Catalyst 2960X 24 port 10/100/1000, 2 x 10G SFP+, LAN Base COL description VAL WS-C2960X-24TD-L | Catalyst 2960X 24 port 10/100/1000, 2 x 10G SFP+, LAN Base COL price VAL 66720 COL priceCurrency VAL THB","Cisco Cisco Catalyst 2960-X | WS-C2960X-24TD-L Catalyst 2960X 24 port 10/100/1000, 2 x 10G SFP+, LAN Base"
96279287,left,SRAM,"COL brand VAL SRAM COL title VAL SRAM Sram Level Ultimate, Level TLM Disc Brake Pads COL description VAL Original equipment pads for no-compromise disc brake performance. COL price VAL 25.00 COL priceCurrency VAL USD","SRAM SRAM Sram Level Ultimate, Level TLM Disc Brake Pads"
48293393,left,Gigabyte,"COL brand VAL Gigabyte COL title VAL Gigabyte NVIDIA GeForce GTX 1650 4GB D6 OC Turing Graphics Card COL description VAL Gigabyte GeForce GTX 1650 D6 OC 4GB GDDR6 Graphics Card, 896 Core, 1635MHz Boost COL price VAL 148.99 COL priceCurrency VAL GBP",Gigabyte Gigabyte NVIDIA GeForce GTX 1650 4GB D6 OC Turing Graphics Card
68689972,left,Cooler Master,COL brand VAL Cooler Master COL title VAL Cooler Master MasterBox TD500 ARGB Mesh ATX Case Black TG MCB-D500D-KGNN-S01 | PCByte COL description VAL Motherboard Support: E-ATX/SSI CEB/ATX/Micro-ATX/Mini-ITXTempered Glass Side PanelExpansion Slots: 7Drive Bays: 2x 3.5 COL price VAL 149.0 COL priceCurrency VAL AUD,Cooler Master Cooler Master MasterBox TD500 ARGB Mesh ATX Case Black TG MCB-D500D-KGNN-S01 | PCByte
79625472,left,Sandisk,COL brand VAL Sandisk COL title VAL USB STICK SANDISK CRUZER GLIDE 32GB COL description VAL  COL price VAL 16.08 COL priceCurrency VAL EUR,Sandisk USB STICK SANDISK CRUZER GLIDE 32GB
46010816,left,Dymo,COL brand VAL Dymo COL title VAL Dymo 40913 Black On White - 9mm COL description VAL Dymo S0720680 from Dymo Express. 40913 Black On White - White- 9mm . COL price VAL 9.91 COL priceCurrency VAL GBP,Dymo Dymo 40913 Black On White - 9mm
95671075,left,FANABOX™,COL brand VAL FANABOX™ COL title VAL New York Yankees New Era Navy League 9FORTY Adjustable Hat - Men - Navy Blue COL description VAL Get into the action with this one-of-a-kind New York Yankees League 9FORTY adjustable hat from New Era! It features a sweet New York Yankees design. Everyone will know which team you love when you sport this New York Yankees hat!Details:Mid CrownStructured fitCurved billAdjustable hook and loop fastener strapContrast color underbillOne size fits mostRaised embroiderySix-panel construction with eyeletsWoven fabric appliqueSurface washableOfficially licensedImportedBrand: New EraMaterial: 100% Polyester COL price VAL 44.95 COL priceCurrency VAL CAD,FANABOX™ New York Yankees New Era Navy League 9FORTY Adjustable Hat - Men - Navy Blue
77338417,left,RAM Mount,"COL brand VAL RAM Mount COL title VAL RAM Mount Double Socket Clamp Arm - SHORT - for 1.5\"" C Size Balls COL description VAL RAM Mount Double Socket Clamp Arm - SHORT - for 1.5\"" C Size BallsThe RAM-201U-B, SHORT length double socket arm, has a socket at both ends that accommodates C Size 1.5\"" balls.A single spring inside the arm, keeps the socket open, allowing you to insert the ball in to the socket connection.The ball and socket technology allows for infinite viewing anglesRAM Double Socket Clamp Arm C Size for 1.5\"" ball bases;SHORT (RAM-201U-B) Overall Length: 3.5\"" Socket-To-Socket Length: 2.25\""* Any device/s shown are for illustration purposes ONLY and are NOT included in purchase. COL price VAL 45.00 COL priceCurrency VAL AUD","RAM Mount RAM Mount Double Socket Clamp Arm - SHORT - for 1.5\"" C Size Balls"
96691496,left,Jabra,COL brand VAL Jabra COL title VAL Evolve 20 Special Edition Mono MS COL description VAL  COL price VAL  COL priceCurrency VAL ,Jabra Evolve 20 Special Edition Mono MS
16871572,left,UBIQUITI,COL brand VAL UBIQUITI COL title VAL Ubiquiti UVC-G3-BULLET (Formerly UVC-G3-AF) UniFi Video Camera G3 1080p PoE IP Camera COL description VAL Ubiquiti UVC-G3-AF UniFi Video Camera G3 1080p PoE IP Camera COL price VAL 118.20 COL priceCurrency VAL GBP,UBIQUITI Ubiquiti UVC-G3-BULLET (Formerly UVC-G3-AF) UniFi Video Camera G3 1080p PoE IP Camera
88855243,left,Gigabyte,"COL brand VAL Gigabyte COL title VAL Gigabyte AMD Radeon RX 5500 XT OC 8GB GDDR6 RDNA PCIe 4.0 Graphics Card COL description VAL EXPERIENCE POWERFUL, ACCELERATED GAMING CUSTOMIZED FOR YOU WITH THE RX 5500 XTThe all new RDNA powered Gigabyte Radeon RX 5500 XT OC provides exceptional performance and High-fidelity gaming. Take control with Radeon RX 5500 XT and experience powerful, accelerated gaming that has been customized for you. The 5500 XT power the wold’s most technologically advanced 1080p gaming systems. The WINDFORCE cooling system with alternate spinning fans allow this card to stay cool and excel amongst the rest. Gigabyte RX 5500 XT OC allows you to utilise PCI-Express 4.0 support, with a throughput of 16 GT/s and enables two times the bandwidth compared to PCI Express 3.0 for even more immersive experiences whilst gaming. The back plate not only provides an aesthetical shape, but also enhances the structure of the graphics card to provide complete protection.1408Stream Processors8GBGDDR6 Memory1647 MHzCore Clock1845 MHzBoost ClockGigabyte\\'s Windforce Cooling Technology2 X 90MM ALTERNATING BLADE FANSThe WINDFORCE 2X cooling system features two 90mm unique blade fans which spin alternately, 3 composite copper heat pipes, heat-pipe direct touch and 3D active fan functionality, together delivering an effective heat dissipation capacity for higher performance at lower temperatures. GIGABYTE turns the adjacent fans in the opposite direction, so that the airflow direction between the two fans is the same, reducing the turbulence and enhancing the airflow pressure.Combining Different Cooling SolutionsUNIQUE BLADE FAN EFFECTIVELY ENHANCES THE AIRFLOWThe 3D Active Fan provides semi-passive cooling, and the fans will remain off when the GPU is in a low load or low power game. It allows gamers to enjoy gameplay in complete silence when the system is running light or idle. The airflow is spilt by the triangular fan edge, and guided smoothly through the 3D stripe curve on the fan surface, effectively enhancing the airflow. The shape of the pure copper heat pipes maximize the direct contact area with the GPU, enhancing heat transfer.Brand New RDNA Architecture with 7nm ProcessREDUCES LATENCY AND PROVIDES HIGHER BANDWIDTHPowered by the groundbreaking 7nm RDNA architecture with Radeon™ Image Sharpening and Radeon™ Anti-Lag technology, Radeon RX 5500 XT GPU delivers extremely efficient, ultra-responsive, high-fidelity gaming for immersive explosions, physics, and lighting effects, bringing realism to life. Take your gaming experience to the next level. You can experience stutter-free, tear-free gaming, reduced input latency and day-0 drivers optimized for new game releases.Featuring GDDR6 Memory and Compatiblity with PCIe 4.0SUPER-FAST PERFORMANCE FOR TODAYS DEMANDING TITLESEquipped with 8GB of advanced GDDR6 memory to provide high bandwidth of up to 224 GB/s, enabling 1080p performance for today’s most demanding games. Radeon RX 5500 XT features PCI® Express 4.0 support, which enables two times the bandwidth compared to PCI Express 3.0. Get ready for the next generation of PC gaming.Superior Gaming Performance with FreeSync MonitorsSMOOTH REFRESH RATE SO YOU CAN GAME AT YOUR BESTPair your new AMD Radeon GPU with a large selection of FreeSync gaming monitors. With such a wide array of monitors equipped with Radeon FreeSync or Radeon FreeSync2 HDR available you can enjoy choosing monitors that are styled and run how you want, but by choosing a monitor with FreeSync and combining it with an AMD card of this caliber the results will be a stutter-free, tear-free and artifact-free smooth gaming experience. COL price VAL 186.048 COL priceCurrency VAL GBP",Gigabyte Gigabyte AMD Radeon RX 5500 XT OC 8GB GDDR6 RDNA PCIe 4.0 Graphics Card
30012034,left,DJI,"COL brand VAL DJI COL title VAL DJI Mavic 2 Pro Drone Quadcopter with Hasselblad Camera HDR Video UAV Adjustable Aperture 20MP 1 COL description VAL Take amazing aerial photos and videos with this DJI Mavic 2 Pro aircraft. It has a powerful 1-inch CMOS sensor to capture 20-megapixel 4K images and an adjustable-aperture lens for clear footage in various lighting situations. This DJI Mavic 2 Pro aircraft has 8GB of internal storage and supports microSD cards up to 128GB.Fly Responsibly:Before takeoff, update all software and firmware, and read the instructions thoroughly.See the FAA website for registration requirements and information about flying a drone safely: https://www.faa.gov/uas/getting_started/. Additional state or local requirements may apply. Check your local jurisdiction. The following websites may help you make informed decisions about flying your drone: www.knowbeforeyoufly.org and www.modelaircraft.org. COL price VAL 1719.99 COL priceCurrency VAL USD",DJI DJI Mavic 2 Pro Drone Quadcopter with Hasselblad Camera HDR Video UAV Adjustable Aperture 20MP 1
41182463,left,SRAM,COL brand VAL SRAM COL title VAL SRAM Cassette Sram PG 1130 11 vitesses 11-36 COL description VAL  COL price VAL 115.99 COL priceCurrency VAL CAD,SRAM SRAM Cassette Sram PG 1130 11 vitesses 11-36
35809370,left,Hydro Flask,COL brand VAL Hydro Flask COL title VAL Hydro Flask 32oz Wide Mouth Flex Cap Hibiscus COL description VAL  COL price VAL 44.95 COL priceCurrency VAL USD,Hydro Flask Hydro Flask 32oz Wide Mouth Flex Cap Hibiscus
15648,left,Sony,COL brand VAL Sony COL title VAL Sony E 30mm f/3.5 Macro Lens COL description VAL The Sony E 30mm f/3.5 is a true 1:1 macro lens with a 2.4cm minimum working distance. It renders close-up detail with superb resolution and contrast. COL price VAL 6395.00 COL priceCurrency VAL ZAR,Sony Sony E 30mm f/3.5 Macro Lens
98124674,left,Samsung,"COL brand VAL Samsung COL title VAL Samsung T7 Blue 2TB Portable SSD USB-C/A Gen2 COL description VAL 2TB Samsung T7 MU-PC2T0H/WW, Portable External SSD, USB 3.2 Gen2/Type-C, Bus Powered, Blue COL price VAL 341.99 COL priceCurrency VAL GBP",Samsung Samsung T7 Blue 2TB Portable SSD USB-C/A Gen2
23007161,left,Epson,COL brand VAL Epson COL title VAL Epson Tinte matte schwarz 700ml f. 7900/9900 COL description VAL  COL price VAL 258.32 COL priceCurrency VAL EUR,Epson Epson Tinte matte schwarz 700ml f. 7900/9900
26502310,left,sandisk,"COL brand VAL sandisk COL title VAL 64GB SanDisk Extreme micro SD XC Memory Card V-Class 30 U3 4K Video A1 100MB/s COL description VAL SanDisk Extreme microSDHC Memory Card Plus SD Adapter with A1 App Performance Up to 100MB/s, Class 10, U3, V30*** Refurbished by SANDISK *** Like new / 12 months seller warranty / 30 days rtn policy / oem - non retail packageFast just got fasterCapture more action with the SanDisk Extreme microSDHC/SDXC UHS-I cards with transfer speeds of up to 100 MB/s [1]. Designed for the latest Android smartphones, tablets and MIL cameras.Built to resist the toughest conditionsDurability-tested to protect your memories from life’s mishaps – waterproof, shockproof, x-ray proof and temperature proof.Wherever you take your device, your card is designed to resist the toughest conditions [4].Easily manage your memoryThe SanDisk Memory Zone app [5] simplifies managing your smartphone memory and your media files – making it easy to access and back-up all your photos, videos and precious files.Load apps faster with A1Rated A1, the SanDisk Extreme microSDHC/microSDXC cards are optimised for apps, delivering faster app launch and performance, and providing better smartphone experience [2].Burst mode and 4K Ultra HD videoNever miss a shot with continuous burst mode speeds of up to 60MB/s [1]. Capture sharp detail and vibrant colours with Full HD and stunning 4K Ultra HD video [3].Brand name SanDiskItem Weight 4.54 gProduct Dimensions 0.1 x 1.1 x 1.5 cmItem model number SDSQXAF-064G-GN6MAColor n/aRAM Size 64 GBHard Drive Size 64 GBHard Disk Technology Memory CardDisclaimers:[1] 128GB-256GB: Up to 100MB/s read speed; up to 90MB/s write speed. 32GB-64GB: up to 100MB/s read speed; up to 60MB/s write speed. Based on internal testing; performance may be lower depending upon host device interface, usage conditions and other factors. 1MB=1,000,000 bytes.[2] Results may vary based on host device, app type and other factors.[3] Compatible device required. Full HD (1920x1080) and 4K UHD (3840 x 2160) support may vary based upon host device, file attributes and other factors.[4] See product packaging and manufacturer’s website for additional information and limitations.[5] Download and instalation is required. See manufacturer’s website for more details.The Android robot is reproduced or modified from work created and shared by Google and used according to terms described in the Creative Commons 3.0 Attribution Licence. COL price VAL 9.50 COL priceCurrency VAL GBP",sandisk 64GB SanDisk Extreme micro SD XC Memory Card V-Class 30 U3 4K Video A1 100MB/s
27166337,left,Omega,COL brand VAL Omega COL title VAL Omega Horloge Seamaster 46mm Planet Ocean 600M Co-Axial Master ChronometerChronograph 215.32.46.51.01.001 COL description VAL Horloge Seamaster 46mm Planet Ocean 600M Co-Axial Master ChronometerChronograph 215.32.46.51.01.001 COL price VAL 7600.00 COL priceCurrency VAL EUR,Omega Omega Horloge Seamaster 46mm Planet Ocean 600M Co-Axial Master ChronometerChronograph 215.32.46.51.01.001
54550733,left,RAM Mounts,"COL brand VAL RAM Mounts COL title VAL RAM Motorcycle Combination Base for Handlebar or Brake/Clutch Reservoir with 1\"" ... COL description VAL EA COL price VAL $27.00 COL priceCurrency VAL CAD","RAM Mounts RAM Motorcycle Combination Base for Handlebar or Brake/Clutch Reservoir with 1\"" ..."
81441228,left,TP-Link,"COL brand VAL TP-Link COL title VAL T1700G-28TQ GE/XG/SMA/24, Switch COL description VAL  COL price VAL 91684 COL priceCurrency VAL ","TP-Link T1700G-28TQ GE/XG/SMA/24, Switch"
47948274,left,Logitech,COL brand VAL Logitech COL title VAL Diadema Logitech H390 USB Computer ... COL description VAL Diadema Logitech H390 USB Computer Headset COL price VAL 149000.00 COL priceCurrency VAL COP,Logitech Diadema Logitech H390 USB Computer ...
66692743,left,G.Skill,COL brand VAL G.Skill COL title VAL G.Skill Trident Z Neo DDR4 3600MHz 16GB (2X8) Desktop Memory for AMD X570 F4-3600C16D-16GTZNC | PCByte COL description VAL Capacity : 16GB (8GBx2)Type : DDR4Speed : 3600 MHzLatency : 16-19-19-39Addressable RGB LEDs COL price VAL 209.0 COL priceCurrency VAL AUD,G.Skill G.Skill Trident Z Neo DDR4 3600MHz 16GB (2X8) Desktop Memory for AMD X570 F4-3600C16D-16GTZNC | PCByte
75596485,left,SHIMANO,COL brand VAL SHIMANO COL title VAL SPD-SL-CLEAT-SET-SM-SH11-(YELLOW)-[6DEGREE] COL description VAL SM-SH11 CLEAT SET(SELF-ALIGNING MODE /PAIR) #42U 98010 COL price VAL 12.0 COL priceCurrency VAL OMR,SHIMANO SPD-SL-CLEAT-SET-SM-SH11-(YELLOW)-[6DEGREE]
17007886,left,Tissot,"COL brand VAL Tissot COL title VAL Tissot Seastar 1000 Powermatic 80 Silicium COL description VAL The automatic choice for real divers. With its high water-resistance up to a pressure of 30 bar (300 m/1000 ft), screw-down crown and caseback as well as its unidirectional ceramic bezel, the Tissot Seastar 1000 Silicium is the ultimate diving watch, now combined with the energy of the Powermatic 80 movement upgraded with a Silicon Balance Spring, making this watch even more appropriate for water sports activities.Case Size:43MMMovement:Swiss AutomaticWater Resistance:300 meters/ 1000 feetGlass Type:Sapphire CrystalDial Color:BlueStrap Color:GreyStrap Material:Stainless SteelClasp:Folding clasp with safety and diver extensionMade In:SwitzerlandWarranty:﻿2 Years International COL price VAL 1150.0 COL priceCurrency VAL CAD",Tissot Tissot Seastar 1000 Powermatic 80 Silicium
8174351,left,SanDisk,"COL brand VAL SanDisk COL title VAL SanDisk SSD PLUS 120GB Solid State Drive -SDSSDA-120G-G27 COL description VAL Inject new life into your laptop or desktop PC with a durable solid state drive from SanDisk. You'll experience quicker boot-up and shutdown, quicker application response and data transfer speeds than with a typical hard disk drive1, at just a fraction of the cost of a new computer. Slc caching boosts burst write performance, making it ideal for typical PC workloads such as web browsing, Email, casual gaming, office productivity, and audio/video entertainment. SanDisk SSDs are resistant to shock, vibration and temperature extremes3, so your SSD keeps working, no matter where or how hard you use your computer. The SanDisk SSD dashboard provides software that includes proprietary SanDisk tools for monitoring and optimizing your system's performance and highlights offers for cloning and security Applications4.With read/write speeds of up to 530MB/s/400MBs, the SanDisk SSD plus delivers impressive performance in an entry-level drive, from a brand you know you can trust. COL price VAL 64.99 COL priceCurrency VAL USD",SanDisk SanDisk SSD PLUS 120GB Solid State Drive -SDSSDA-120G-G27
27429904,left,SanDisk,COL brand VAL SanDisk COL title VAL SanDisk Extreme microSDHC 32GB 100/60 MB/s A1 V30 GoPro COL description VAL SanDisk Extreme microSDHC 32GB 100/60 MB/s A1 V30 GoPro COL price VAL 0 COL priceCurrency VAL ,SanDisk SanDisk Extreme microSDHC 32GB 100/60 MB/s A1 V30 GoPro
83362334,left,Razer,"COL brand VAL Razer COL title VAL RAZER MAMBA ELITE ERGONOMIC WIRED GAMING MOUSE COL description VAL Incredibly Accurate: True 16,000 DPI 5G Optical Sensor; Up to 450 inches per second (IPS) / 50 G acceleration Extended Razer Chroma Lighting Zones: Customization with maximum visibility Razer Mechanical Switch: Durable up to 50 million clicks Advanced Ergonomics: Improved side grips for hours of comfortable gameplay 9 Programmable Buttons: Individually configure each button, including a tilt-click scroll wheel, to your preferred actions COL price VAL 6649.00 COL priceCurrency VAL INR",Razer RAZER MAMBA ELITE ERGONOMIC WIRED GAMING MOUSE
12243414,left,CANON,"COL brand VAL CANON COL title VAL Canon CLI-251BK XL High-Capacity Black Ink Tank COL description VAL For the PIXMA iX6820, iP7220, iP8720, MG5420, MG5422, MG5520, MG5522, MG6320, MG6420, MG7120, MX722, and MX922 PrintersThe CLI-251BK XL High-Capacity Black Ink Tank from Canon is part of the ChromaLife100 system that guarantees print longevity of 300 years when used with select Canon paper and stored in an archival-quality photo album. The ink tank features an LED light which will illuminate when you install the ink tank correctly. Additionally, when a full set of Canon ink is installed, you can access content on Canon's Creative Park Premium website for free. The instant-drying ink is compatible with the following printers:PIXMA iX6820 PIXMA iP7220 PIXMA iP8720 PIXMA MG5420 PIXMA MG5422 PIXMA MG5520 PIXMA MG5522 PIXMA MG6320 PIXMA MG6420 PIXMA MG7120 PIXMA MX722 PIXMA MX922Ink Dries Instantly: Photos can be handled right out of the printer without getting smudgedSmart LED: Lets you know when the ink is properly installedChromaLife100 : Combines enhanced FINE print head technology with select Canon inks and select Canon photo papers for borderless photos that will last up to 300 years when stored in an archival-quality photo albumCreative Park Premium: After installing a full set of Canon ink you can download projects from the Creative Park Premium website including postcards, calendars, scrapbook pages, and paintings COL price VAL 0.0 COL priceCurrency VAL USD",CANON Canon CLI-251BK XL High-Capacity Black Ink Tank
18289538,left,EPSON,COL brand VAL EPSON COL title VAL Cartucho tinta negro l epson t7031 - 24ml - big ben - para wp-4595 dnf/dtwf/ 4535dwf / 4525dnf / 4515dn / 4095dn / 4025dw / COL description VAL  COL price VAL 36.5 COL priceCurrency VAL EUR,EPSON Cartucho tinta negro l epson t7031 - 24ml - big ben - para wp-4595 dnf/dtwf/ 4535dwf / 4525dnf / 4515dn / 4095dn / 4025dw /
66129710,left,Kingston,COL brand VAL Kingston COL title VAL Kingston HyperX Predator 32 GB - PC4-24000 - DIMM COL description VAL Predator 32GB 3000MHz DDR4 Kit COL price VAL 199.00 COL priceCurrency VAL EUR,Kingston Kingston HyperX Predator 32 GB - PC4-24000 - DIMM
59536106,left,Seagate,"COL brand VAL Seagate COL title VAL Seagate IronWolf 6TB 3,5'' 256MB ST6000VN0033 COL description VAL Seagate IronWolf 6TB 3,5'' 256MB ST6000VN0033 COL price VAL 0 COL priceCurrency VAL ","Seagate Seagate IronWolf 6TB 3,5'' 256MB ST6000VN0033"
97165175,left,Oakley,COL brand VAL Oakley COL title VAL Oakley Jawbreaker 31 Mm Matte Black Sunglasses COL description VAL Oakley Sunglasses. Series Jawbreaker. Series number: OO9290. Color code: 92902031. Size: 31. Shape: Sport. Lens Width: 31 mm. Lens Bridge: 131 mm. Arm Length: 121 mm. 100% UV protection. Non-Polarized. Frame Material: Plastic. Frame Color: Matte Black. Lenses Type: Prizm Road.Product details:Frame color: matte blackLens color: prizm roadFit: standard COL price VAL 10890.0 COL priceCurrency VAL INR,Oakley Oakley Jawbreaker 31 Mm Matte Black Sunglasses
3024917,left,KINGSTON,"COL brand VAL KINGSTON COL title VAL KINGSTON 64GB USB 3.0 DataTraveler SE9 G2 (Kovový) DTSE9G2/64GB COL description VAL Lightweight, stylish USB 3.0 drive. Store, transfer and share up to 128GB of your favourite photos, videos, music and more with Kingston’s DataTraveler® SE9 G2 USB Flash drive. Its stylish, capless design means there’s no cap to lose, and its ultrasmall form factor fits any lifestyle. COL price VAL 369.00 COL priceCurrency VAL czk",KINGSTON KINGSTON 64GB USB 3.0 DataTraveler SE9 G2 (Kovový) DTSE9G2/64GB
70331081,left,SHIMANO,"COL brand VAL SHIMANO COL title VAL SHIMANO PD-R7000, 105, SPD-SL PEDAL. COL description VAL SHIMANO 105 R7000 Series COL price VAL 170.00 COL priceCurrency VAL AUD","SHIMANO SHIMANO PD-R7000, 105, SPD-SL PEDAL."
21670568,left,Ubiquiti,COL brand VAL Ubiquiti COL title VAL Ubiquiti UniFi Video Camera G4 Pro (UVC-G4-PRO) COL description VAL Capture every detail with the 4K resolution G4-PRO camera. COL price VAL 418.6000 COL priceCurrency VAL USD,Ubiquiti Ubiquiti UniFi Video Camera G4 Pro (UVC-G4-PRO)
74461011,left,Corsair,COL brand VAL Corsair COL title VAL Corsair Crystal Series 570X RGB ATX Mid-Tower Case Tempered Glass Black COL description VAL Corsair Crystal Series 570X RGB ATX Mid-Tower Case Tempered Glass Black COL price VAL 293 COL priceCurrency VAL AUD,Corsair Corsair Crystal Series 570X RGB ATX Mid-Tower Case Tempered Glass Black
88286371,left,BROTHER,COL brand VAL BROTHER COL title VAL TONERBROTHER ORIGINALE GIALLO TN-135Y COL description VAL PER HL-4040CN HL-4050CDN HL-4070CDW DCP-9040CN DCP-9042CDN DCP-9045CDN MFC-9440CN MFC-9450CDN MFC-9840CDW (4.000PG) 1PZ [r][n] COL price VAL 120.327869 COL priceCurrency VAL EUR,BROTHER TONERBROTHER ORIGINALE GIALLO TN-135Y
9767156,left,SRAM,"COL brand VAL SRAM COL title VAL SRAM PG-1170 11-Speed Cassette (11-25T) COL description VAL This is the SRAM PowerGlide 1170 Cassette. This 11-speed cassette is compatible with CX1 Cyclocross, SRAM Red 22, and Force 22 groupsets. Features:Cassette design for high shifting performance with a quieter chain/cassette combination.Semi-spidered steel cogs: light, strong, efficient.Specifications:Technology Highlight(s): Semi-spidered steel cogsMaterial: Heat Treated Steel Cog Cluster, Aluminum Spider (3 cogs)Recommended Chain: SRAM RED 22 chain, SRAM PC-1170 chainLock Ring Material: Aluminum11-25T Specifications:Cassette Body Type: Shimano/SRAM 11 Speed RoadCassette Cogs: 11-12-13-14-15-16-17-19-21-23-25Drivetrain Speeds: 11Color: SilverWeight: 238 grams11-26T Specifications:Cassette Body Type: Shimano/SRAM 11 Speed RoadCassette Cogs: 11-12-13-14-15-16-17-19-21-23-26Drivetrain Speeds: 11Color: SilverWeight: 243 grams11-28T Specifications:Cassette Body Type: Shimano/SRAM 11 Speed RoadCassette Cogs: 11-12-13-14-15-16-17-19-22-25-28Drivetrain Speeds: 11Color: SilverWeight: 251 grams11-32T Specifications:Cassette Body Type: Shimano/SRAM 11 Speed RoadCassette Cogs: 11-12-13-14-15-17-19-22-25-28-32Drivetrain Speeds: 11Color: SilverWeight: 300 grams11-36T Specifications:Cassette Body Type: Shimano/SRAM 11 Speed RoadCassette Cogs: 11-12-13-15-17-19-22-25-28-32-36Drivetrain Speeds: 11Color: SilverWeight: 366 grams This product was added to our catalog on March 7, 2018 COL price VAL 90.99 COL priceCurrency VAL USD",SRAM SRAM PG-1170 11-Speed Cassette (11-25T)
5708838,left,Ubiquiti,"COL brand VAL Ubiquiti COL title VAL Ubiquiti UniFi Full HD IRNV Indoor Micro Security Camera COL description VAL Ubiquiti UniFi G3-MICRO Security Camera for Indoor Use, 1920x1080, 30Hz, IRNV, PoE, Dual-Band 802.11a/b/g/n, Mic/Speaker COL price VAL 189.98 COL priceCurrency VAL GBP",Ubiquiti Ubiquiti UniFi Full HD IRNV Indoor Micro Security Camera
28224541,left,ASUS,"COL brand VAL ASUS COL title VAL ASUS NVIDIA GeForce RTX 2060 6GB DUAL OC EVO Turing Graphics Card COL description VAL ASUS GeForce RTX 2060 DUAL OC EVO 6GB GDDR6 VR Ready Graphics Card, 1920 Core, 1365MHz GPU, 1755MHz Boost COL price VAL 323.99 COL priceCurrency VAL GBP",ASUS ASUS NVIDIA GeForce RTX 2060 6GB DUAL OC EVO Turing Graphics Card
5717009,left,Jabra,"COL brand VAL Jabra COL title VAL Jabra BIZ2300 2399-823-109 DUO USB Headset MS COL description VAL Jabra BIZ2300 2399-823-109 DUO USB Headset MS:Corded stereo headset that provides connectivity certified for Skype for BusinessAir shock microphone360 swiveling boom armBIZ2300 has high-definition sound with HD Voice and get crystal clear, intelligible communicationKevlar® reinforced cordNoise Canceling MicrophonePeakStop technology immediately removes potentially harmful loud soundsClear sound is essential for a good conversation not to mention call efficiency and accuracyControl unit call-managementJabra Software Applications, customize and control your audio device settings with Jabra’s software applicationsBIZ2300 DatasheetBIZ2300 Quick Start Guide COL price VAL 160.0 COL priceCurrency VAL USD",Jabra Jabra BIZ2300 2399-823-109 DUO USB Headset MS
47200708,left,Omega,"COL brand VAL Omega COL title VAL OMEGA Seamaster Planet Ocean Chronograph Steel COL description VAL It was with OMEGA’s maritime legacy in mind that the brand launched its Planet Ocean line in 2005. The stylish OMEGA Seamaster Planet Ocean 600M pays homage to OMEGA’s dive watch heritage.This model, with its scratch-resistant sapphire crystal, features a black dial with a small seconds dial, a date window and a central chronograph hand. Sixty-minute and 12-hour counters are found on the same dial at the 3 o’clock position, allowing for intuitive reading of the elapsed time. The orange unidirectional rotating divers’ bezel is mounted on a 45.5 mm stainless steel case on a stainless steel bracelet.The OMEGA Seamaster Planet Ocean 600M is water resistant to 600 metres / 2000 feet / 60 bar, and has a helium-escape valve. This certified chronometer timepiece is powered by the OMEGA Co-Axial calibre 9300 which can be seen through the transparent caseback. COL price VAL 18900.000001 COL priceCurrency VAL AED",Omega OMEGA Seamaster Planet Ocean Chronograph Steel
81349254,left,Epson,"COL brand VAL Epson COL title VAL Epson Premium Glossy A3 20 sheets COL description VAL Epson Premium Glossy A3 20 sheetsThe genuine Epson ink and genuine Epson paper are specifically designed for the demanding requirements of the Epson printers. After all, only the combination of the three components printer ink or toner (laser printer) and paper ensures the highest quality and reliability.GeneralNameEpson Premium Glossy A3 20 sheetsSKUEPS041315EAN0010343819788MPNC13S041315FeaturesFinish typeGlossPrint media weight255Media weight255 g/m²Printing media gloss levelGlossySheets per pack20Colour of productWitPaper sizeA3Other featuresMedia size (1 slide)A3+Dimensions (WxDxH)435 x 310 x 10 mmCompatible productsEpson Stylus Office B1100\Epson Stylus Office T1100\Epson Stylus Photo 1290\Epson Stylus Photo 1290S\Epson Stylus Photo 1400\Epson Stylus Photo R1800\Epson Stylus Photo R1900\Epson R1900 \Epson Stylus Photo R2000\Epson Stylus Photo R2400\Epson SWeight965 gPackaging dataPackage weight (imperial)965 gPackage width435 mmPackage depth310 mmPackage height10 mmdecorateTable('product-attribute-specs-table');Event.observe(window, 'load', function() {var table = $('product-attribute-specs-table');var specs = table.select('.spec');function removeActive(){table.select('.title a.active, .title span.active[data-href]').each(function(title,i){title.removeClassName('active');});}function activateMenu(title, table){if(!title.hasClassName('active')) {if (title.hasAttribute('href')) {table.select('.' + title.readAttribute('href').substr(1)).invoke('show');}if (title.hasAttribute('data-href')) {table.select('.' + title.readAttribute('data-href').substr(1)).invoke('show');}}title.addClassName('active')}table.select('.title a, .title span[data-href]').each(function(title,i){title.observe('click',function(e){e.preventDefault();specs.invoke('hide');removeActive();activateMenu(title, table);});if (i==0) {activateMenu(title, table);}});}); COL price VAL 39.95 COL priceCurrency VAL EUR",Epson Epson Premium Glossy A3 20 sheets
95781094,left,Intel,COL brand VAL Intel COL title VAL Intel Core i7-8700K Coffee Lake 6-Core 3.7 GHz (4.7 GHz Turbo) LGA 1151 (300 Series) 95W BX80684I78700K Desktop Processor Intel UHD Graphics 630 COL description VAL Intel Core i7-8700K Coffee Lake 6-Core 3.7 GHz (4.7 GHz Turbo) LGA 1151 (300 Series) 95W BX80684I78700K Desktop Processor Intel UHD Graphics 630 COL price VAL 489.96 COL priceCurrency VAL CAD,Intel Intel Core i7-8700K Coffee Lake 6-Core 3.7 GHz (4.7 GHz Turbo) LGA 1151 (300 Series) 95W BX80684I78700K Desktop Processor Intel UHD Graphics 630
23775322,left,Corsair,COL brand VAL Corsair COL title VAL Corsair Vengeance RGB Pro DDR4 3000MHz 16GB (2x8) Desktop Memory White CMW16GX4M2C3000C15W | PCByte COL description VAL Capacity : 16GB (8GB x2)Type : DDR4Speed : 3200 MHzLatency : 15-17-17-35Individually Addressable RGB LEDs COL price VAL 165.0 COL priceCurrency VAL AUD,Corsair Corsair Vengeance RGB Pro DDR4 3000MHz 16GB (2x8) Desktop Memory White CMW16GX4M2C3000C15W | PCByte
12109505,left,RAM Mount,"COL brand VAL RAM Mount COL title VAL RAM Mount Torque™ 3/4"" - 1"" Diameter Handlebar/Rail Base with 1"" Ball and X-Grip® COL description VAL X-Grip smartphone stangbevestiging set voor stangen 19-25 mm COL price VAL 74.95 COL priceCurrency VAL EUR","RAM Mount RAM Mount Torque™ 3/4"" - 1"" Diameter Handlebar/Rail Base with 1"" Ball and X-Grip®"
83152267,left,AMD,"COL brand VAL AMD COL title VAL YD260XBCAFBOX - AMD AM4 Ryzen 5 2600X, 6x 3.60GHz, boxed COL description VAL  COL price VAL 1.3305E2 COL priceCurrency VAL CHF","AMD YD260XBCAFBOX - AMD AM4 Ryzen 5 2600X, 6x 3.60GHz, boxed"
2952392,left,Corsair,COL brand VAL Corsair COL title VAL Carbide 175R RGB Windowed Mid-Tower Case Tempered Glass COL description VAL Corsair Carbide 175R RGB Windowed Mid-Tower Case Tempered Glass CC-9011171-WW COL price VAL 69.90 COL priceCurrency VAL EUR,Corsair Carbide 175R RGB Windowed Mid-Tower Case Tempered Glass
69167600,left,Kingston,COL brand VAL Kingston COL title VAL Kingston StorageDataTraveler SEG G2 64GB USB 3.0 Metal COL description VAL 64GB USB 3.0 DataTraveler SE9 G2 (Metal casing) COL price VAL 25.95 COL priceCurrency VAL EUR,Kingston Kingston StorageDataTraveler SEG G2 64GB USB 3.0 Metal
10737119,left,Canon,COL brand VAL Canon COL title VAL Canon Multipack PGI-72multi1 (6403B007) COL description VAL 5 cartucce PGI-72: PBK +GY +PM +PC +CO COL price VAL 61.70 COL priceCurrency VAL EUR,Canon Canon Multipack PGI-72multi1 (6403B007)
87637930,left,ASUS,COL brand VAL ASUS COL title VAL PH-GTX1660S-O6G 6 GB Geforce GTX 1660 Super Overclocked Phoenix Fan Edition Hdmi DP Dvi Graphics Card COL description VAL  COL price VAL  COL priceCurrency VAL ,ASUS PH-GTX1660S-O6G 6 GB Geforce GTX 1660 Super Overclocked Phoenix Fan Edition Hdmi DP Dvi Graphics Card
17103408,left,Shimano,"COL brand VAL Shimano COL title VAL Shimano Deore XT CS-M8000 Cassette 11-speed, silver/grey COL description VAL  COL price VAL 78.99 COL priceCurrency VAL EUR","Shimano Shimano Deore XT CS-M8000 Cassette 11-speed, silver/grey"
18862066,left,Crucial,COL brand VAL Crucial COL title VAL Crucial MX500 M.2 2280 500GB Internal SSD 560MB/s CT500MX500SSD4 | PCByte COL description VAL Capacity: 500GBForm Factor : M.2(2280)Read : 560 MB/sWrite : 510 MB/sInterface: SATA III 6Gb/s COL price VAL 85.0 COL priceCurrency VAL AUD,Crucial Crucial MX500 M.2 2280 500GB Internal SSD 560MB/s CT500MX500SSD4 | PCByte
31177984,left,GN Netcom,"COL brand VAL GN Netcom COL title VAL Jabra EVOLVE 20 Wired Stereo Headset - Over-the-head - Supra-aural COL description VAL USB, Mini-phone - Yes COL price VAL 35.93 COL priceCurrency VAL GBP",GN Netcom Jabra EVOLVE 20 Wired Stereo Headset - Over-the-head - Supra-aural
92894304,left,zebra,COL brand VAL zebra COL title VAL Zebra ZXP Series 1Black Monochrome Ribbon K - 1000 Prints 800011-101 COL description VAL  COL price VAL  COL priceCurrency VAL ,zebra Zebra ZXP Series 1Black Monochrome Ribbon K - 1000 Prints 800011-101
25135333,left,Corsair,"COL brand VAL Corsair COL title VAL Corsair 32GB DDR4 Vengeance LPX 2666MHz Memory Kit Black COL description VAL 32GB (2x16GB) Corsair DDR4 Vengeance LPX Black, PC4-21300 (2666), Non-ECC Unbuffered, CAS 16-18-18-35, XMP 2.0, 1.2V COL price VAL 112.76 COL priceCurrency VAL GBP",Corsair Corsair 32GB DDR4 Vengeance LPX 2666MHz Memory Kit Black
89814977,left,RAM Mounts,COL brand VAL RAM Mounts COL title VAL RAM Motorcycle Brake/Clutch Reservoir & Handlebar Ball Base / B Size / RAM-B-309-7U COL description VAL RAM Motorcycle Brake/Clutch Reservoir & Handlebar Ball Base / B Size / RAM-B-309-7U COL price VAL 27.00 COL priceCurrency VAL EUR,RAM Mounts RAM Motorcycle Brake/Clutch Reservoir & Handlebar Ball Base / B Size / RAM-B-309-7U
82531103,left,SRAM,COL brand VAL SRAM COL title VAL SRAM Disc Brake Pad Organic Hrd COL description VAL Features:Metallic pads deliver more brake power and wear less compared to organic pads. Under wet conditions they tend to be more noisy. With sintered pads thermal stress on the brake is higher than with organic pads. COL price VAL 1390.0 COL priceCurrency VAL INR,SRAM SRAM Disc Brake Pad Organic Hrd
49058519,left,ASUS,"COL brand VAL ASUS COL title VAL ASUS Prime X570-P ATX Motherboard - Socket AM4 - AMD X570 - USB 3.2 Gen 3 COL description VAL Product InformationDressed in a professional attire, the Prime X570 series cater to users with serious pursuits in mind, who prefer to put their Ryzen™ processors to more productive use. Prime X570, known for its all-around specs and ASUS signature features, includes a wide range of tuning options for accessible performance.Hosting the latest Ryzen processor with increased number of cores and bandwidth, the Prime X570 series is ready for action with stable power, intuitive cooling and flexible transfer options. It provides all the fundamentals to increase your everyday productivity.Power delivery enhancementsThe 3rd Gen AMD Ryzen™ processors boast more cores and bandwidth, demanding more power than typical desktop CPUs. Prime X570-P is geared up for the demands of these high-core-count processors, offering a stable power to ensure optimal performance.ProCool connectorsIt augments the motherboard's link to the PSU with 8+4 pin connectors that pass 12V power directly to the processors. Based on our ProCool design, these jacks use solid pins that can handle more current than hollow-pin connectors.Dual PCIe 4.0 M.2 slotsAchieve speed with onboard M.2With PCIe 4.0 M.2 Slot supports up to 22110 and provide NVMe SSD RAID support for an incredible performance boost. Create a RAID configuration with up to two PCIe 4.0 storage devices to enjoy the fastest data-transfer speeds on the 3rd Generation AMD Ryzen platform.SafeSlotProtect your Graphics Card InvestmentSafeSlot is the PCIe slot reinvented by ASUS and engineered to provide superior retention and shearing resistance. Manufactured in a single step using a new insert-molding process, SafeSlot integrates the slot with fortifying metal for an inherently stronger slot, which is firmly anchored to the PCB through additional solder points.ASUS OptiMemProprietary Memory DesignASUS OptiMem memory trace layout unleashes the full performance potential of AMD's Infinity Fabric architecture by enabling higher memory frequencies and lower latencies.USB 3.2 Gen 2Ultimate-speed 10Gbps with USB 3.2 Gen 2 onboardWith backward-compatible USB 3.2 Gen 2 Type-A™, you'll experience ultimate connection flexibility and blazing data-transfer speeds of up to 10Gbps. *The USB ports under the LAN port require a 3rd Gen AMD Ryzen processor for USB 3.2 Gen 2 speeds.LANGuardPumped-up throughput, 2.5X higher surge toleranceASUS LANGuard is a hardware-level networking protection that employs signal-coupling technology and premium anti-EMI surface-mounted capacitors to ensure a more reliable connection and better throughput.Cooler by designPrime X570-P features the most comprehensive cooling controls ever, configurable via Fan Xpert 4 or the UEFI BIOS.Active Chipset Heatsink SolutionDedicated cooling for unthrottled transfersPCIe 4.0 provides twice the bandwidth for data flowing through the chipset, which creates more heat than the previous generation. The Prime X570-P features an actively cooled heatsink to prevent throttling during sustained transfers.Outstanding audioRealtek codec and unique design features for pristine, powerful audioPrime X570-P utilize a unique audio codec designed in close collaboration with Realtek — the Realtek S1200A. It also features an unprecedented 108dB signal-to-noise ratio for the stereo line-out and a 103dB SNR for the line-in, providing pristine audio quality.The Prime X570 series feature software and firmware controls that make performance accessible to anyone. Prime X570 series also include options allowing you to personalize your build, and helping you to tune your rig to perform the way you want it.Armoury CrateArmoury Crate is a new software utility designed to give you centralized control of supported products. From a single intuitive interface, Armoury Crate allows you easily customize RGB lighting and effects for every compatible device in your arsenal. The software also provides control of settings for ASUS product, including keyboard and mouse preferences. Armoury Crate even features dedicated product registration and highlight to help you stay in touch with the ASUS community.Aura Sync RGB headersOutshine the competitionA well-tuned enthusiast system deserves a matching aesthetic. ASUS Aura Sync offers full lighting connected via the motherboard's RGB headers, with a variety of functional presets for external LED strips. And it can all be synced with an ever-growing portfolio of Aura-capable ASUS hardware.Addressable Gen 2 RGB headerPrime X570-P's Addressable Gen 2 RGB header is now capable of detecting the number of LEDs on second-gen addressable RGB devices, allowing the software to automatically tailor lighting effects to specific devices. The new headers also offer backward-compatibility with existing Aura RGB gear.Show more; COL price VAL 163.97 COL priceCurrency VAL GBP",ASUS ASUS Prime X570-P ATX Motherboard - Socket AM4 - AMD X570 - USB 3.2 Gen 3
9923090,left,_none,"COL brand VAL  COL title VAL POKÉMON TCG Sword and Shield- Darkness Ablaze Trainer Box COL description VAL A Brilliant Flame on the Darkest Day!The velvet night glows, burns, and blazes astoundingly bright as the Legendary Pokémon Eternatus arrives as a Pokémon V alongside Centiskorch V, Crobat V, Salamence V, and many others. You’ll also find towering Pokémon VMAX in their Gigantamax forms: Charizard VMAX, Grimmsnarl VMAX, Butterfree VMAX, and more! Light a fire with the Pokémon TCG: Sword & Shield—Darkness Ablaze expansion!THE POKÉMON TCG: SWORD & SHIELD—DARKNESS ABLAZE ELITE TRAINER BOX INCLUDES:• 8 Pokémon TCG: Sword & Shield—Darkness Ablaze booster packs• 65 card sleeves featuring Eternatus• 45 Pokémon TCG Energy cards• A player’s guide to the Sword & Shield—Darkness Ablaze expansion• A Pokémon TCG rulebook• 6 damage-counter dice• 1 competition-legal coin-flip die• 2 acrylic condition markers• A collector’s box to hold everything, with 4 dividers to keep it organized• A code card for the Pokémon Trading Card Game Online COL price VAL 75 COL priceCurrency VAL AUD",POKÉMON TCG Sword and Shield- Darkness Ablaze Trainer Box
79334302,left,_none,"COL brand VAL  COL title VAL Pokémon TCG: Sword & Shield-Rebel Clash 3 Booster Packs, Coin & Rayquaza Promo Card COL description VAL A Boost for Your Collection!This Pokémon TCG set includes 3 Pokémon TCG: Sword & Shield—Rebel Clash booster packs, a foil promo card featuring Rayquaza, a cool Pokémon coin to add to your collection, and a code card for the Pokémon Trading Card Game Online!Each booster pack contains 10 cards and 1 basic EnergyCards vary by pack. Booster pack packaging may vary by product. COL price VAL 11.99 COL priceCurrency VAL USD","Pokémon TCG: Sword & Shield-Rebel Clash 3 Booster Packs, Coin & Rayquaza Promo Card"
48430039,left,Corsair,COL brand VAL Corsair COL title VAL Corsair Value Select 8GB PC4-17000 - 8 GB - 1 x 8 GB - DDR4 - 2133 MHz - 288-pin DIMM COL description VAL Value Select 8GB PC4-17000 - 8 GB - 1 x 8 GB - DDR4 - 2133 MHz - 288-pin DIMM COL price VAL 37.71 COL priceCurrency VAL EUR,Corsair Corsair Value Select 8GB PC4-17000 - 8 GB - 1 x 8 GB - DDR4 - 2133 MHz - 288-pin DIMM
35793904,left,Jabra,COL brand VAL Jabra COL title VAL Jabra Evolve 20 SE Special Edition UC monaural USB COL description VAL  COL price VAL 40.70 COL priceCurrency VAL EUR,Jabra Jabra Evolve 20 SE Special Edition UC monaural USB
98241359,left,TP-LINK USA,"COL brand VAL TP-LINK USA COL title VAL TP-Link | AC1900 High Gain Dual Band Wifi Adapter | Wireless WiFi Network Adapter for PC (Archer T9UH) COL description VAL Maximum wireless transmission rates are the physical rates derived from IEEE Standard 802.11 specifications. Range and coverage specifications are based upon test results under normal usage conditions. Actual wireless transmission rate and wireless coverage are not guaranteed, and will vary as a result of 1) environmental factors, including building materials, physical objects and obstacles, 2) network conditions, including local interference, volume and density of traffic, product location, net COL price VAL 49.99 COL priceCurrency VAL USD",TP-LINK USA TP-Link | AC1900 High Gain Dual Band Wifi Adapter | Wireless WiFi Network Adapter for PC (Archer T9UH)
64351459,left,AMD,COL brand VAL AMD COL title VAL YD150XBBAEBOX AMD Ryzen 5 1500X Quad Core 3.50GHz 16MB L3 Cache Socket AM4 Processor. New Retail Factory Sealed With Full Manufacturer Warranty. COL description VAL YD150XBBAEBOX AMD Ryzen 5 1500X Quad Core 3.50GHz 16MB L3 Cache Socket AM4 Processor.PRODUCT FEATURES:General InformationBrand Name: AMDProduct Line: Ryzen 5Product Model: 1500XProduct Name: Ryzen 5 Quad-core 1500X 3.5GHz Desktop ProcessorTechnical InformationProcessor Core: 4 CoreClock Speed: 3.50 GHzOver clocking Speed: 3.70 GHzL2 Cache: 2 MBL3 Cache: 16 MB64-bit Processing: YesProcess Technology: 14 NMProcessor Socket: Socket AM4 Thermal Design Power: 65 W. COL price VAL 220 COL priceCurrency VAL USD,AMD YD150XBBAEBOX AMD Ryzen 5 1500X Quad Core 3.50GHz 16MB L3 Cache Socket AM4 Processor. New Retail Factory Sealed With Full Manufacturer Warranty.
33365078,left,Classic,COL brand VAL Classic COL title VAL Daniel Wellington - Classic St Mawes Rose Gold - 40mm COL description VAL  COL price VAL 1899.00 COL priceCurrency VAL NOK,Classic Daniel Wellington - Classic St Mawes Rose Gold - 40mm
6978466,left,Logitech,"COL brand VAL Logitech COL title VAL Logitech BRIO 4K Ultra HD webcam COL description VAL Logitech BRIO 4K Ultra HD webcam COL price VAL €289,00 COL priceCurrency VAL ",Logitech Logitech BRIO 4K Ultra HD webcam
62807515,left,Bosch,"COL brand VAL Bosch COL title VAL Bosch KGN34NWEAG 60cm Frost Free Fridge Freezer COL description VAL Innovative Cooling FeaturesThanks to Bosch’s FreshSense technology, the KGN34NWEAG has sensors which monitor and control the perfect climate for your compartments, meaning your food can maintain an even temperature and retain more flavour. Plus, with the Multi Airflow System, this fridge freezer maintains an even air distribution for longer freshness, and ensures that smells aren’t transferred between foods.As the Bosch KGN34NWEAG has No Frost technology, your fridge freezer will be completely free of ice, and you’ll never have to worry about manually defrosting your appliance again.Do you find it difficult to read the expiry date on items you’ve bought? With the handy LED light, your food is kept in the spotlight, so you can see your contents’ every detail.Superb Storage OptionsThe fridge has four glass shelves, one salad bin, and three door balconies, making it easier for you to store foods such as milk and eggs. For even more cooling space, there are three clear drawers in the freezer, so you won’t need to rummage through, seeing clearly what you have inside.Plus, the four star rated freezer has 128 litres of space, so you’ll be able to store leftovers and ice-cream tubs effortlessly. It also has a storage period of up to 19 hours in case of power failure, to keep your food safe.Finished in a sleek white design and with reversible doors, the KGN34NWEAG will fit seamlessly anywhere in your kitchen. What’s more, this Bosch fridge freezer has an energy rating of A++, to be kinder on the environment as well as your wallet.With a capacity of 324 litres, this freestanding fridge freezer has plenty of storage space for your groceries. Fantastic cooling technology on the Bosch KGN34NWEAG makes it the perfect addition for your home. Why not add one to your basket today? COL price VAL 449.00 COL priceCurrency VAL GBP",Bosch Bosch KGN34NWEAG 60cm Frost Free Fridge Freezer
11708101,left,Samsung,"COL brand VAL Samsung COL title VAL Samsung LH46UHFCLBB - 116,8 cm (46\"") - LED - 1920 x 1080 Pixel - 700 cd/m² - Full HD - 8 ms COL description VAL LH46UHFCLBB - 116,8 cm (46\"") - LED - 1920 x 1080 Pixel - 700 cd/m² - Full HD - 8 ms COL price VAL 1558.76 COL priceCurrency VAL EUR","Samsung Samsung LH46UHFCLBB - 116,8 cm (46\"") - LED - 1920 x 1080 Pixel - 700 cd/m² - Full HD - 8 ms"
75384375,left,Epson,COL brand VAL Epson COL title VAL Epson T7891 Black Cart - Compatible COL description VAL Epson T7891 Black Cart - Compatible COL price VAL 12.93 COL priceCurrency VAL GBP,Epson Epson T7891 Black Cart - Compatible
31420404,left,Omega,"COL brand VAL Omega COL title VAL Seamaster Planet Ocean 600 M Omega Co-Axial Master Chronometer Chronograph 215.30.46.51.03.001 COL description VAL It was with OMEGA’s maritime legacy in mind that the brand launched its Planet Ocean line in 2005. The stylish OMEGA Seamaster Planet Ocean 600M Master Chronometer Chronograph pays homage to OMEGA’s dive watch heritage.This model, with its scratch-resistant sapphire crystal, features a blue ceramic dial with Arabic numerals and a date window at the 6 o’clock position. The dial presents a small seconds sub-dial, as well as 60-minute and 12-hour counters on one dial for intuitive reading of elapsed time. The blue ceramic unidirectional rotating divers’ bezel, with its Liquidmetal® diving scale, is mounted on a 45.5 mm stainless steel case.Other features include an alveol screw-in caseback and a stainless steel bracelet with patented extendable foldover clasp.The OMEGA Seamaster Planet Ocean 600M Master Chronometer Chronograph is water resistant to 60 bar (600 meters / 2000 feet), and has a helium-escape valve. The OMEGA Master Chronometer calibre 9900 at the heart of this timepiece can be seen through the transparent caseback. To achieve Master Chronometer status, it has passed the 8 rigorous tests set by METAS (The Swiss Federal Institute of Metrology). COL price VAL 8,450.00 COL priceCurrency VAL USD",Omega Seamaster Planet Ocean 600 M Omega Co-Axial Master Chronometer Chronograph 215.30.46.51.03.001
9862290,left,Shimano,COL brand VAL Shimano COL title VAL Shimano - CLEATS SH-10 FIXED RED COL description VAL  COL price VAL 35.00 COL priceCurrency VAL AUD,Shimano Shimano - CLEATS SH-10 FIXED RED
81603750,left,NEW ERA,COL brand VAL NEW ERA COL title VAL Czapka New Era 39THIRTY New York Yankees - 10298279 COL description VAL  COL price VAL 136.41 COL priceCurrency VAL PLN,NEW ERA Czapka New Era 39THIRTY New York Yankees - 10298279
7717624,left,Crucial,COL brand VAL Crucial COL title VAL Crucial 8GB DDR3 1600MHz CT102464BF160B Notebook Ram COL description VAL  COL price VAL 414.14 COL priceCurrency VAL TRY,Crucial Crucial 8GB DDR3 1600MHz CT102464BF160B Notebook Ram
12190772,left,HYDRO FLASK,"COL brand VAL HYDRO FLASK COL title VAL HYDRO FLASK HYDRO FLASK 32OZ WIDE MOUTH BOTTLE-BLACK COL description VAL Big enough for a whole day on the river or trails, the Hydro Flask 32 oz Wide Mouth Bottle is made with professional-grade stainless steel and a wider opening for faster fill. The Color Last™ powder coat is dishwasher safe for even more convenience. Cold COL price VAL 44.95 COL priceCurrency VAL USD",HYDRO FLASK HYDRO FLASK HYDRO FLASK 32OZ WIDE MOUTH BOTTLE-BLACK
77308213,left,ASUS,COL brand VAL ASUS COL title VAL ASUS PRIME X570-PRO (AM4) (D) (90MB11B0-M0EAY0) COL description VAL  COL price VAL 87700 COL priceCurrency VAL ,ASUS ASUS PRIME X570-PRO (AM4) (D) (90MB11B0-M0EAY0)
25431697,left,Seiko,"COL brand VAL Seiko COL title VAL Seiko Prospex Diver Sumo Green Mens Stainless Steel SPB103J1 COL description VAL There is nothing not to love about this diving watch with its masculine active appeal combined with what is a very classy all-round look.The precision finish of the watch ensures that the sporty lines and details are all the more crisp.Green is selected for the high-visibility dial and tachymeter bezel which is so plush and unusual, contrasting the cool stainless-steel faultlessly.Features an automatic movement, date display, glowing hands/ hour-markers and sapphire glass. COL price VAL 740.00 COL priceCurrency VAL GBP",Seiko Seiko Prospex Diver Sumo Green Mens Stainless Steel SPB103J1
25657556,left,Shimano,"COL brand VAL Shimano COL title VAL Shimano Shimano M05 Resin Disc Brake Pads and Spring for Deore BR-M515, BR- M515LA and Nexave BR-C601 Calipers COL description VAL  COL price VAL 11.99 COL priceCurrency VAL USD","Shimano Shimano Shimano M05 Resin Disc Brake Pads and Spring for Deore BR-M515, BR- M515LA and Nexave BR-C601 Calipers"
90916504,left,Cooler Master,COL brand VAL Cooler Master COL title VAL Cooler Master Hyper H411R CPU Cooler RR-H411-20PW-R1 | PCByte COL description VAL  COL price VAL 35.0 COL priceCurrency VAL AUD,Cooler Master Cooler Master Hyper H411R CPU Cooler RR-H411-20PW-R1 | PCByte
18835729,left,Xerox,COL brand VAL Xerox COL title VAL Xerox Phaser 6000/6010 Black Toner COL description VAL Xerox Phaser 6000/6010 Black Toner - this product is manufactured by Xerox in China (and maybe in other countries) COL price VAL  COL priceCurrency VAL ,Xerox Xerox Phaser 6000/6010 Black Toner
90921158,left,Hikvision,COL brand VAL Hikvision COL title VAL DS-7208HUHI-k2-P 8 Channel DVR Turbo 4.0 PoC 5MP COL description VAL DS-7208HUHI-K2-P Hikvision 8 channel DVR with PoC 5MP recording. Best CCTV system in UK COL price VAL 0.00 COL priceCurrency VAL GBP,Hikvision DS-7208HUHI-k2-P 8 Channel DVR Turbo 4.0 PoC 5MP
68874465,left,Default,COL brand VAL Default COL title VAL Toner kompatibel zu Brother TN-200 Black COL description VAL  COL price VAL 14.87 COL priceCurrency VAL EUR,Default Toner kompatibel zu Brother TN-200 Black
23276195,left,Cooler Master,COL brand VAL Cooler Master COL title VAL Cooler Master MasterBox Lite 5 Mid Tower Case COL description VAL Cooler Master MasterBox Lite 5 Mid Tower Case available to buy online from PC Case Gear – Australia’s Premier Online PC Store. COL price VAL 89 COL priceCurrency VAL AUD,Cooler Master Cooler Master MasterBox Lite 5 Mid Tower Case
56676909,left,EPSON,"COL brand VAL EPSON COL title VAL Epson Premium Glossy Photo Paperphoto paper - 25 sheet(s) - A2 COL description VAL Five golden stars for the highest requirements. Go for the highest printing standards with this high-quality photo paper. With a grammage of 255g/m2, this paper ensures the best performance and durability for professional use. Choose the best quality with five golden stars. COL price VAL 31.19 COL priceCurrency VAL GBP",EPSON Epson Premium Glossy Photo Paperphoto paper - 25 sheet(s) - A2
47293324,left,Evans,"COL brand VAL Evans COL title VAL Evans EC2 Clear Drum Head, 8 Inch COL description VAL Evans clear EC2 series features two plies of 7mil film with optimized attack, tone, length of sustain and ease of tuning for each size head. The Sound Shaping Technology (SST) Edge Control ring mounted on the underside delivers an extremely well balanced and pre-EQ'd sound across the full kit by varying the size of the ring for each different head size.Evans Level 360 technology is incorporated to extend the level playing surface of the drumhead, 360 degrees around the drum. The vertically enhanced collar design guarantees even contact with the critical bearing edge of the drum shell, resulting in: ease of tuning, extended pitch range and optimum quality of sound. Evans Level 360 technology resolves the age-old dilemma of traditional synthetic heads consistently not fitting the drum shell without using considerable force. COL price VAL $13.99 COL priceCurrency VAL USD","Evans Evans EC2 Clear Drum Head, 8 Inch"
53660770,left,RAM Mounts,"COL brand VAL RAM Mounts COL title VAL RAM-B-149ZU - RAM Handlebar Rail Mount with Zinc Coated U-Bolt Base for Rails from 0.5\"" to 1.25\"" in Diameter COL description VAL  COL price VAL  COL priceCurrency VAL ","RAM Mounts RAM-B-149ZU - RAM Handlebar Rail Mount with Zinc Coated U-Bolt Base for Rails from 0.5\"" to 1.25\"" in Diameter"
24557096,left,LOGITECH,COL brand VAL LOGITECH COL title VAL LOGITECH C270 3MP 1280 X 720PIXELS USB 2.0 BLACK WEBCAM COL description VAL  COL price VAL  COL priceCurrency VAL ,LOGITECH LOGITECH C270 3MP 1280 X 720PIXELS USB 2.0 BLACK WEBCAM
22007806,left,Maxxis,"COL brand VAL Maxxis COL title VAL Maxxis Maxxis Minion DHR II Tire: 29 x 2.40"", Folding, 60tpi, 3C MaxxGrip 2- Ply, Tubeless Ready, Wide Trail, Black COL description VAL  COL price VAL 90.00 COL priceCurrency VAL USD","Maxxis Maxxis Maxxis Minion DHR II Tire: 29 x 2.40"", Folding, 60tpi, 3C MaxxGrip 2- Ply, Tubeless Ready, Wide Trail, Black"
21122556,left,_none,"COL brand VAL  COL title VAL Fujifilm INSTAX Mini Monochrome Instant Film (10 Exposures) COL description VAL The Fujifilm INSTAX Mini Monochrom Instant Filmresponds to the increasingly sophisticated demands of users, enabling them to expand the artistic potential of their photographic expression and adding a further dimension to fun-to-use Instax cameras and films. This film is ISO 800 and designed for balanced tonality and fine grain in... COL price VAL 9.95 COL priceCurrency VAL USD",Fujifilm INSTAX Mini Monochrome Instant Film (10 Exposures)
62891962,left,_none,COL brand VAL  COL title VAL (C13T693500) EPSONSCT3000 UltraChrome XD Matte Black COL description VAL  COL price VAL  COL priceCurrency VAL ,(C13T693500) EPSONSCT3000 UltraChrome XD Matte Black
64607522,left,Manfrotto,COL brand VAL Manfrotto COL title VAL Manfrotto MVH500AH Lightweight Video Head with Flat Base COL description VAL The Manfrotto MVH500AH is a lightweight head with a wider platform for HDSLR bodies which has a sliding plate which travels to balance the latest interchangeable lens cameras. COL price VAL 115 COL priceCurrency VAL GBP,Manfrotto Manfrotto MVH500AH Lightweight Video Head with Flat Base
29929454,left,Traveler's Company,COL brand VAL Traveler's Company COL title VAL Traveler's Company 002. GRID REFILL MIDORI TRAVELER'S NOTEBOOK COL description VAL  COL price VAL 3.50 COL priceCurrency VAL GBP,Traveler's Company Traveler's Company 002. GRID REFILL MIDORI TRAVELER'S NOTEBOOK
80753512,left,Logitech,"COL brand VAL Logitech COL title VAL Logitech® HD Webcam C310 - USB COL description VAL HD Video Calls, 5-megapixel snapshots, Built-in mic with noise reduction, Automatic light correction COL price VAL 39.948 COL priceCurrency VAL GBP",Logitech Logitech® HD Webcam C310 - USB
36027066,left,Garmin,COL brand VAL Garmin COL title VAL Orologio Garmin Fenix 6 010-02157-11 Fēnix 6X Sapphire COL description VAL High grade multisport GPS smartwatch COL price VAL 849.99 COL priceCurrency VAL EUR,Garmin Orologio Garmin Fenix 6 010-02157-11 Fēnix 6X Sapphire
35737919,left,Cooler Master,"COL brand VAL Cooler Master COL title VAL Cooler Master MasterLiquid ML120L V2 RGB All In One Liquid CPU Cooler COL description VAL Cooler Master MasterLiquid ML120L V2 RGB, 120mm All-in-One Hydro CPU Cooler, 120mm PWM Fan, RGB LEDs, Aluminium/Copper COL price VAL 59.99 COL priceCurrency VAL GBP",Cooler Master Cooler Master MasterLiquid ML120L V2 RGB All In One Liquid CPU Cooler
84875057,left,Corsair,COL brand VAL Corsair COL title VAL 8GB Corsair ValueSelect DDR4-2133 DIMM CL15 Single COL description VAL  COL price VAL 33.99 COL priceCurrency VAL ,Corsair 8GB Corsair ValueSelect DDR4-2133 DIMM CL15 Single
21506250,left,Audio-Technica,COL brand VAL Audio-Technica COL title VAL Casti Hi-Fi Audio-Technica ATH-AD500X COL description VAL  COL price VAL 599 COL priceCurrency VAL RON,Audio-Technica Casti Hi-Fi Audio-Technica ATH-AD500X
14576497,left,GIGABYTE,"COL brand VAL GIGABYTE COL title VAL Placa video Gigabyte Radeon RX 5500 XT OC 8GB GDDR6, 128-bit COL description VAL Garantie 36 luni COL price VAL 1143.99 COL priceCurrency VAL RON","GIGABYTE Placa video Gigabyte Radeon RX 5500 XT OC 8GB GDDR6, 128-bit"
53426556,left,LaCie,COL brand VAL LaCie COL title VAL LaCie 4TB Rugged Thunderbolt / USB-C Mobile HDD COL description VAL  COL price VAL 1059.0 COL priceCurrency VAL AED,LaCie LaCie 4TB Rugged Thunderbolt / USB-C Mobile HDD
81948691,left,_none,"COL brand VAL  COL title VAL RAP-B-224-1U RAM Mounts 3.3\"" Diameter Suction Cup Base with 1\"" Composite Ball COL description VAL RAM Mounts793442904721RAP-B-224-1U RAM Mounts 3.3\"" Diameter Suction Cup Base with 1\"" Composite BallThe RAP-B-224-1U, composite twist lock mount consists of a 3.25\"" rubber base that is connected to the (RAP-B-238U), composite diamond base with 1\"" rubber ball. The suction cup is designed to have an extra strong hold on any smooth non-porous surface, but for best results, mount the suction cup on a glass or non-porous plastic surface.Material:High Strength CompositeBall Size:1\"" Rubber Ball \""B\"" SizeNote:The \""U\"" in the part number reflects product packaged in poly bag.Weight:0.24 lbs. COL price VAL 16.49 COL priceCurrency VAL USD","RAP-B-224-1U RAM Mounts 3.3\"" Diameter Suction Cup Base with 1\"" Composite Ball"
26786850,left,Daniel Wellington horloges,COL brand VAL Daniel Wellington horloges COL title VAL Daniel Wellington Horloge Classic Sheffield Rose DW00100036 COL description VAL Daniel Wellington Horloge Classic Sheffield Rose DW00100036 COL price VAL 135.20 COL priceCurrency VAL EUR,Daniel Wellington horloges Daniel Wellington Horloge Classic Sheffield Rose DW00100036
18666720,left,Corsair,COL brand VAL Corsair COL title VAL Corsair Crystal Series 570X RGB CC-9011098-WW Steel / Tempered Glass ATX Mid Tower Case COL description VAL Corsair Crystal Series 570X RGB CC-9011098-WW Steel / Tempered Glass ATX Mid Tower Case COL price VAL 179.99 COL priceCurrency VAL USD,Corsair Corsair Crystal Series 570X RGB CC-9011098-WW Steel / Tempered Glass ATX Mid Tower Case
16154426,left,iiyama,"COL brand VAL iiyama COL title VAL iiyama Prolite 27\"" XUB2792QSU-B1 WQHD IPS Monitor Tilt/Swivel/Pivot COL description VAL 27\"" iiyama Prolite XUB2792 WQHD IPS Monitor, 2560x1440, 5ms, 350cd/m2, DP/HDMI/DVI Speakers COL price VAL 254.48 COL priceCurrency VAL GBP","iiyama iiyama Prolite 27\"" XUB2792QSU-B1 WQHD IPS Monitor Tilt/Swivel/Pivot"
50005399,left,Corsair,COL brand VAL Corsair COL title VAL CORSAIR 8Gbx1 DDR4 3000Mhz Ram CMK8GX4M1D3000C16 VENGEANCE LPX Gaming RAM COL description VAL CORSAIR 8Gbx1 DDR4 3000Mhz Ram CMK8GX4M1D3000C16 VENGEANCE LPX Gaming RAM COL price VAL 0 COL priceCurrency VAL TRY,Corsair CORSAIR 8Gbx1 DDR4 3000Mhz Ram CMK8GX4M1D3000C16 VENGEANCE LPX Gaming RAM
55157414,left,Samsung,COL brand VAL Samsung COL title VAL Samsung CLT-K406S Black Original Standard Yield Toner Cartridge COL description VAL  COL price VAL 72.71 COL priceCurrency VAL USD,Samsung Samsung CLT-K406S Black Original Standard Yield Toner Cartridge
62287971,left,Western Digital (WDC),"COL brand VAL Western Digital (WDC) COL title VAL Western Digital (WDC) 250GB 2.5\"" SATA SSD Blue 7mm Cased COL description VAL  COL price VAL 95.59 COL priceCurrency VAL EUR","Western Digital (WDC) Western Digital (WDC) 250GB 2.5\"" SATA SSD Blue 7mm Cased"
45946412,left,Maxxis,"COL brand VAL Maxxis COL title VAL Maxxis Maxxis High Roller II Tire: 27.5 x 2.50\"", Folding, 60tpi, 3C MaxxTerra, EXO, Tubeless Ready, Wide Trail, Black COL description VAL  COL price VAL 85.00 COL priceCurrency VAL USD","Maxxis Maxxis Maxxis High Roller II Tire: 27.5 x 2.50\"", Folding, 60tpi, 3C MaxxTerra, EXO, Tubeless Ready, Wide Trail, Black"
48102422,left,Razer,"COL brand VAL Razer COL title VAL Razer Viper Mini Ultra-Lightweight USB RGB Optical Gaming Mouse (RZ01-03250100-R3M1) COL description VAL Razer Viper Mini Ultra-Lightweight USB Optical Gaming Mouse, 8500 DPI OPTICAL SENSOR, 6 PROGRAMMABLE BUTTONS, 100% PTFE MOUSE FEET, ON-BOARD MEMORY PROFILE COL price VAL 44.952 COL priceCurrency VAL GBP",Razer Razer Viper Mini Ultra-Lightweight USB RGB Optical Gaming Mouse (RZ01-03250100-R3M1)
12615558,left,Logitech,"COL brand VAL Logitech COL title VAL Logitech H570e Monaural USB Headset COL description VAL Logitech H570e USB Headset, PC Compatible. USB Cable. Monaural Headset COL price VAL  COL priceCurrency VAL ",Logitech Logitech H570e Monaural USB Headset
73315956,left,Asus,COL brand VAL Asus COL title VAL Asus MBTUF B450M-Plus Gaming / AM4 / B450 / m.2 / mATX COL description VAL MB Asus TUF B450M-Plus Gaming / AM4 / B450 / m.2 / mATX COL price VAL 111.95 COL priceCurrency VAL EUR,Asus Asus MBTUF B450M-Plus Gaming / AM4 / B450 / m.2 / mATX
62242632,left,Epson,COL brand VAL Epson COL title VAL Epson Blekk Svart T7031 L - WP4000/4500 COL description VAL  COL price VAL 445 COL priceCurrency VAL NOK,Epson Epson Blekk Svart T7031 L - WP4000/4500
88773659,left,Fuji,COL brand VAL Fuji COL title VAL Fuji Fuji Instax Square Film 1-Pack COL description VAL Instax Square Film 1-Pack COL price VAL 16.99 COL priceCurrency VAL USD,Fuji Fuji Fuji Instax Square Film 1-Pack
31373426,left,Swiss Military Hanowa,COL brand VAL Swiss Military Hanowa COL title VAL Relógio Swiss Military Hanowa06-4307.30.007 Undercover Multifunction COL description VAL Swiss Made Gents Watch with Day-Date COL price VAL 169.95 COL priceCurrency VAL EUR,Swiss Military Hanowa Relógio Swiss Military Hanowa06-4307.30.007 Undercover Multifunction
12432797,left,Canon,COL brand VAL Canon COL title VAL Canon 24-70mm f/2.8L II USM EF Lens COL description VAL  COL price VAL  COL priceCurrency VAL ,Canon Canon 24-70mm f/2.8L II USM EF Lens
21463573,left,Kingston,COL brand VAL Kingston COL title VAL Kingston HyperX Fury 4GB DDR3 1600MHz CL10 Ram COL description VAL Bellek TipiDDR3Bellek Soket TipiDIMMalma HzPC-12800 (1600Mhz)Kapasitesi4 GBKullanmPCGaranti Sresi24 AyPin Says240 Pin DIMMSoutucuVar COL price VAL 248.51 COL priceCurrency VAL TRY,Kingston Kingston HyperX Fury 4GB DDR3 1600MHz CL10 Ram
37007640,left,Life Extension,"COL brand VAL Life Extension COL title VAL Super Ubiquinol CoQ10 with Enhanced Mitochondrial Support 100 mg COL description VAL 100 mg, 60 soft-gels | Item# 01426Ultra-absorbable CoQ10 benefits cell energy, heart & brain healthOur patented ubiquinol is highly bioavailable, which means it’s easy for the body to absorb. Combined with PrimaVie® shilajit the rate of absorption increases to help promote the body’s youthful cellular energy production.Non-GMO$46.50Multi-Unit Discount Available4 units @ $39.00 | Save 16%10 units @ $36.00 | Save 22%Available versions:50 mg30 softgels$15.00100 softgels$43.50100 mg30 softgels$24.7560 softgels$46.50200 mcg30 softgels$44.25 COL price VAL 46.50 COL priceCurrency VAL USD",Life Extension Super Ubiquinol CoQ10 with Enhanced Mitochondrial Support 100 mg
51733905,left,Shimano,COL brand VAL Shimano COL title VAL Shimano Shimano Cs-R8000 Cassette 11-28t Ultegra 11-Speed COL description VAL CASSETTE SPROCKET COL price VAL 117.99 COL priceCurrency VAL AUD,Shimano Shimano Shimano Cs-R8000 Cassette 11-28t Ultegra 11-Speed
97168711,left,_none,"COL brand VAL  COL title VAL Corsair Carbide SPEC-OMEGA RGB Black ATX Cube Case, Tempered Glass Window, No PSU, 2x USB 3.0, HD Audio, 2x HD120 RGB Fan / Lighting Node PRO pre-installed COL description VAL Corsair Carbide SPEC-OMEGA RGB Black ATX Cube Case, Tempered Glass Window, No PSU, 2x USB 3.0, HD Audio, 2x HD120 RGB Fan / Lighting Node PRO pre-installed COL price VAL 269.00 COL priceCurrency VAL AUD","Corsair Carbide SPEC-OMEGA RGB Black ATX Cube Case, Tempered Glass Window, No PSU, 2x USB 3.0, HD Audio, 2x HD120 RGB Fan / Lighting Node PRO pre-installed"
26301462,left,Sigma,COL brand VAL Sigma COL title VAL Sigma 35mm F1.4 DG Art HSM EOS Mount Lens COL description VAL Sigma 35mm F1.4 DG Art HSM EOS Mount Lens COL price VAL 1059 COL priceCurrency VAL AUD,Sigma Sigma 35mm F1.4 DG Art HSM EOS Mount Lens
45759535,left,Audemars Piguet,"COL brand VAL Audemars Piguet COL title VAL Pre-Owned Audemars Piguet Royal Oak Chronograph 26331ST.OO.1220ST.03 COL description VAL Pre-Owned Audemars Piguet Royal Oak Chronograph (26331STOO1220ST03) self - winding automatic watch, features a 41mm stainless steel case sur...Read More COL price VAL 33900.00 COL priceCurrency VAL USD",Audemars Piguet Pre-Owned Audemars Piguet Royal Oak Chronograph 26331ST.OO.1220ST.03
90391225,left,_none,"COL brand VAL  COL title VAL TUF GAMING X570-PLUS Desktop Motherboard - AMD Chipset - Socket AM4 COL description VAL AMD AM4 X570 ATX gaming motherboard with PCIe 4.0, dual M.2, 14 Dr. MOS power stages, HDMI, DP, SATA 6Gb/s, USB 3.2 Gen 2 and Aura Sync RGB lighting AMD AM4 Socket: Ready for 2nd and 3rd Gen AMD Ryzen™ processors Enhanced Power Solution: 12+2 Dr. MOS power stages, 6-layer PCB, ProCool sockets, military-grade TUF components, and Digi+ VRM for maximum durability Comprehensive Cooling: Active chipset heatsink, VRM heatsink, M.2 heatsink, hybrid fan headers and Fan Xpert 4 Next-Gen Connectivity: Dual PCIe 4.0 M.2, USB 3.2 Gen 2 ports, exclusive Realtek® L8200A Gigabit Ethernet, TUF LANGuard and TurboLAN technology Realtek S1200A Codec: Pristine audio quality with unprecedented 108dB signal-to-noise ratio for stereo line-out and 103dB SNR for line-in Aura Sync RGB: Synchronize LED lighting with a vast portfolio of compatible PC gear, including addressable RGB strips TUF Gaming Alliance: ASUS hardware ecosystem ensures the best cGeneral Information Manufacturer: ASUS Computer International Manufacturer Part Number: TUF GAMING X570-PLUS Brand Name: TUF Product Model: GAMING X570-PLUS Product Name: GAMING X570-PLUS Desktop Motherboard Product Type: Desktop Motherboard Processor & Chipset Chipset Manufacturer: AMD Total Processor Supported: 1 Processor Socket: Socket AM4 Processor Supported: Ryzen 7, Ryzen 7 PRO, Ryzen 5, Ryzen 5 PRO, Ryzen 3, Ryzen 3 PRO, Ryzen 9 Memory Number of Memory Slots: 4 Memory Form Factor: DIMM, UDIMM Maximum Memory: 128 GB Memory Technology: DDR4 SDRAM I/O Controller Controller Type: Serial ATA/600 RAID Supported: Yes RAID Levels: 0, 1, 10 Video Onboard Video: CPU Dependent Video Audio Audio Channels: 7.1 Network & Communication Gigabit Ethernet: Yes I/O Expansions Number of Total Expansion Slots: 5 Total Number of PCI Express Slots: 5 Number of PCI Express x1 Slots: 3 Number of PCI Express x16 Slots: 2 Interfaces/Ports Total Number of USB Ports: 7 S/PDIF: Yes HDMI: Yes DisplayPort: Yes Onboard Interfaces Number of SATA Interfaces: 8 Number of M.2 Interfaces: 2 Total Number of Onboard USB Ports: 6 Physical Characteristics Form Factor: ATX Width: 12\"" Depth: 9.6\"" Miscellaneous Package Contents: GAMING X570-PLUS Desktop Motherboard User's Manual I/O Shield 2 x SATA 6Gb/s cable(s) 1 x M.2 Screw Package 1 x Supporting DVD 1 x TUF GAMING Sticker 1 x TUF Certification card(s) Environmentally Friendly: Yes Environmental Certification: RoHS Warranty Limited Warranty: 3 Year COL price VAL 181.69 COL priceCurrency VAL USD",TUF GAMING X570-PLUS Desktop Motherboard - AMD Chipset - Socket AM4
33653915,left,Epson,"COL brand VAL Epson COL title VAL Epson A4/Premium Semiglossy Photo, 20 sheets COL description VAL Epson A4/Premium Semiglossy Photo, 20 sheetsThe genuine Epson ink and genuine Epson paper are specifically designed for the demanding requirements of the Epson printers. After all, only the combination of the three components printer ink or toner (laser printer) and paper ensures the highest quality and reliability.GeneralNameEpson A4/Premium Semiglossy Photo, 20 sheetsSKUEPS041332EAN0010343829978MPNC13S041332FeaturesType finishSatinPrint media weight251 g/m²Media weight251 g/m²Sheets per pack20Colour of productWitPaper sizeA4Other featuresMedia sheets per package20 velMedia size (1 slide)A4Dimensions (WxDxH)243 x 230 x 5 mmWeight450 gPackaging dataPackage weight450 gPackage width243 mmPackage depth230 mmPackage height5 mmdecorateTable('product-attribute-specs-table');Event.observe(window, 'load', function() {var table = $('product-attribute-specs-table');var specs = table.select('.spec');function removeActive(){table.select('.title a.active, .title span.active[data-href]').each(function(title,i){title.removeClassName('active');});}function activateMenu(title, table){if(!title.hasClassName('active')) {if (title.hasAttribute('href')) {table.select('.' + title.readAttribute('href').substr(1)).invoke('show');}if (title.hasAttribute('data-href')) {table.select('.' + title.readAttribute('data-href').substr(1)).invoke('show');}}title.addClassName('active')}table.select('.title a, .title span[data-href]').each(function(title,i){title.observe('click',function(e){e.preventDefault();specs.invoke('hide');removeActive();activateMenu(title, table);});if (i==0) {activateMenu(title, table);}});}); COL price VAL 18.28 COL priceCurrency VAL GBP","Epson Epson A4/Premium Semiglossy Photo, 20 sheets"
50007186,left,_none,"COL brand VAL  COL title VAL Hard disk server HP Hot-Plug SC Enterprise SAS 6G 900GB 10000 RPM 2.5"" COL description VAL HDD Server HP 900GB 6G SAS 10K Rpm SFF 2.5"" SC Enterprise 3yr Warranty Hard Drive COL price VAL 1616.8100 COL priceCurrency VAL RON","Hard disk server HP Hot-Plug SC Enterprise SAS 6G 900GB 10000 RPM 2.5"""
36868284,left,Crucial,COL brand VAL Crucial COL title VAL Crucial Crucial Memory 4GB DDR3L 1600 1.35V SODIMM Retail CT51264BF160BJ COL description VAL  COL price VAL 64.99 COL priceCurrency VAL CAD,Crucial Crucial Crucial Memory 4GB DDR3L 1600 1.35V SODIMM Retail CT51264BF160BJ
24927054,left,Epson,"COL brand VAL Epson COL title VAL Epson S050189 Cyan, High Capacity Toner Cartridge COL description VAL High Capacity Cyan Toner Cartridge for Epson Aculaser C1100, CX11N, CX11NF Printer.SpecificationsManufacturer:... COL price VAL 107.51 COL priceCurrency VAL USD","Epson Epson S050189 Cyan, High Capacity Toner Cartridge"
44884689,left,GIGABYTE,COL brand VAL GIGABYTE COL title VAL Gigabyte AORUS GeForce RTX™ 2080 Ti XTREME 11G COL description VAL Features Powered by GeForce® RTX 2080 Ti Integrated with 11GB GDDR6 352-bit memory interface WINDFORCE Stack 3X 100mm Fan Cooling System with RGB light reinvented 7 Video Outputs Metal Back Plate with RGB AORUS LOGO Illumination Built for Extreme Overclocking 16+3 Power Phases 4 Years Warranty (Online registration required) Core Clock 1770 MHz (Reference Card : 1545 MHz) COOLING SYSTEM AORUS COL price VAL 108000 COL priceCurrency VAL INR,GIGABYTE Gigabyte AORUS GeForce RTX™ 2080 Ti XTREME 11G
88168633,left,Epson,COL brand VAL Epson COL title VAL Epson Papir Photo Premium Glossy 13X18cm 30-ark 255G COL description VAL  COL price VAL 85 COL priceCurrency VAL DKK,Epson Epson Papir Photo Premium Glossy 13X18cm 30-ark 255G
45880639,left,TP-Link,COL brand VAL TP-Link COL title VAL TP-Link Omada AC1200 Wireless Dual Band Gigabit Outdoor Access Point COL description VAL TP-Link Omada AC1200 Wireless Dual Band Gigabit Outdoor Access Point COL price VAL 144 COL priceCurrency VAL AUD,TP-Link TP-Link Omada AC1200 Wireless Dual Band Gigabit Outdoor Access Point
3447561,left,Maxxis,"COL brand VAL Maxxis COL title VAL Maxxis Maxxis, High Roller II, Tire, 29''x2.30, Folding, Tubeless Ready, Dual, EXO, 60TPI, Black COL description VAL  COL price VAL 88.00 COL priceCurrency VAL CAD","Maxxis Maxxis Maxxis, High Roller II, Tire, 29''x2.30, Folding, Tubeless Ready, Dual, EXO, 60TPI, Black"
7383991,left,Canon,"COL brand VAL Canon COL title VAL Canon PG-545 Black Original Ink Cartridge, E Zezë COL description VAL Per Printerat: Canon Pixma IP2800, Canon Pixma MG2555, Canon Pixma MG3053, Canon Pixma IP2850, Canon Pixma MG2900, Canon Pixma MX490, Canon Pixma MG2400, Canon Pixma MG2940, Canon Pixma MX494, Canon Pixma MG2450, Canon Pixma MG2950, Canon Pixma MX495 Canon Pixma MG2455, Canon Pixma MG3000, Canon Pixma TS3150, Canon Pixma MG2500, Canon Pixma MG3050, Canon Pixma TS3151, Canon Pixma MG2550, Canon Pixma MG3051, Canon Pixma MG2550 S, Canon Pixma MG3052 COL price VAL 2600 COL priceCurrency VAL ALL","Canon Canon PG-545 Black Original Ink Cartridge, E Zezë"
98600039,left,Cooler Master,COL brand VAL Cooler Master COL title VAL Cooler Master MasterLiquid ML120R ARGB AIO Cooler COL description VAL Cooler Master MasterLiquid ML120R ARGB AIO Cooler available to buy online from PC Case Gear – Australia’s Premier Online PC Store. COL price VAL 129 COL priceCurrency VAL AUD,Cooler Master Cooler Master MasterLiquid ML120R ARGB AIO Cooler
50789754,left,Hydro Flask,"COL brand VAL Hydro Flask COL title VAL Hydro Flask 32 oz. Wide Mouth 2.0 Flex Cap Hibiscus COL description VAL Hydro Flask 32 oz. Wide Mouth 2.0 Flex Cap Hibiscus in Medicine Hat, Alberta, Canada COL price VAL 40.79 COL priceCurrency VAL CAD",Hydro Flask Hydro Flask 32 oz. Wide Mouth 2.0 Flex Cap Hibiscus
53451198,left,RAM Mounts,"COL brand VAL RAM Mounts COL title VAL RAM Torque 28mm-38mm Handlebar & Rail Base 1.5\"" Ball COL description VAL  COL price VAL 41.95 COL priceCurrency VAL AUD","RAM Mounts RAM Torque 28mm-38mm Handlebar & Rail Base 1.5\"" Ball"
12389785,left,Maxxis,"COL brand VAL Maxxis COL title VAL Maxxis Maxxis, Minion DHR2, Tire, 29''x2.40, Folding, Tubeless Ready, 3C Maxx Grip, 2-ply, Wide Trail, 60TPI, Black COL description VAL  COL price VAL 90.00 COL priceCurrency VAL USD","Maxxis Maxxis Maxxis, Minion DHR2, Tire, 29''x2.40, Folding, Tubeless Ready, 3C Maxx Grip, 2-ply, Wide Trail, 60TPI, Black"
87322400,left,Kingston,COL brand VAL Kingston COL title VAL HyperX Predator 16GB - PC4-26600 - DIMM COL description VAL Predator 16GB 3333MHz DDR4 Kit COL price VAL 109.00 COL priceCurrency VAL EUR,Kingston HyperX Predator 16GB - PC4-26600 - DIMM
42516046,left,TP-Link,COL brand VAL TP-Link COL title VAL TP-Link EAP225 Outdoor Access Point COL description VAL  COL price VAL 949 COL priceCurrency VAL SEK,TP-Link TP-Link EAP225 Outdoor Access Point
47784049,left,Maxxis,"COL brand VAL Maxxis COL title VAL Maxxis Minion DHR II 29\"" DD/3C/TR COL description VAL Minion DHR II 29 x 2.35 tubeless ready tyre with Double down casing and 3C Maxx Terra.For our full range of Bike Accessories visit Evans Cycles COL price VAL £69.99 COL priceCurrency VAL GBP","Maxxis Maxxis Minion DHR II 29\"" DD/3C/TR"
3223487,left,SAMSUNG,"COL brand VAL SAMSUNG COL title VAL SAMSUNG 970 EVO PLUS M.2 2280 500GB PCIe Gen 3.0 x4, NVMe 1.3 V-NAND 3-bit MLC Internal Solid State Drive (SSD) MZ-V7S500B/AM COL description VAL SAMSUNG 970 EVO PLUS M.2 2280 500GB PCIe Gen 3.0 x4, NVMe 1.3 V-NAND 3-bit MLC Internal Solid State Drive (SSD) MZ-V7S500B/AM COL price VAL 89.99 COL priceCurrency VAL USD","SAMSUNG SAMSUNG 970 EVO PLUS M.2 2280 500GB PCIe Gen 3.0 x4, NVMe 1.3 V-NAND 3-bit MLC Internal Solid State Drive (SSD) MZ-V7S500B/AM"
18865753,left,Sony,"COL brand VAL Sony COL title VAL Sony SEL24240 FE 24-240mm f/3.5-6.3 OSS Zoom Lens for Mirrorless Cameras COL description VAL A full-frame24mm to 240mm zoom range allows this one lens to cover an extensive variety of shooting situations with 10x effective zoom range, making it ideal for landscape, snapshots, portraits and travel where reducing luggage is a priority. The ability to switch from wide angle to telephoto without having to change lenses also means that more of those fleeting moments that make great shots will be captured. The advanced optics include 5 a spherical elements and 1 ED glass element, achieving hi COL price VAL 998.00 COL priceCurrency VAL USD",Sony Sony SEL24240 FE 24-240mm f/3.5-6.3 OSS Zoom Lens for Mirrorless Cameras
27021728,left,FujiFilm,COL brand VAL FujiFilm COL title VAL Fujinon Lens XF 23mm F1.4 R COL description VAL Fujinon Lens XF 23mm F1.4 R COL price VAL 1319 COL priceCurrency VAL AUD,FujiFilm Fujinon Lens XF 23mm F1.4 R
91980346,right,_none,COL brand VAL  COL title VAL Ubiquiti UniFi AC Pro 5-pack UAP-AC-PRO-5 Ubiquiti COL description VAL  COL price VAL 561.00 COL priceCurrency VAL EUR,Ubiquiti UniFi AC Pro 5-pack UAP-AC-PRO-5 Ubiquiti
10229909,right,Epson,COL brand VAL Epson COL title VAL Epson Tinte schwarz-photo f. R3000 COL description VAL  COL price VAL 27.28 COL priceCurrency VAL EUR,Epson Epson Tinte schwarz-photo f. R3000
1367517,right,Samsung,"COL brand VAL Samsung COL title VAL Samsung 860 PRO 1TB SSD 2-bit MLC V-NAND SATA III 6Gb/s 2.5 Internal Solid State Drive COL description VAL 860 PRO 1TB SSD 2-bit MLC V-NAND SATA III 6Gb/s 2.5 Internal Solid State Drive. Get industry-leading reliability with the 860 PRO. Powered by the latest V-NAND technology and a robust algorithm-based controller, it readily handles heavy workloads of high-end PCs, workstations and NAS (Network Attached Systems) to give lasting assurance to gamers, IT and creative professionals. COL price VAL 299.99 COL priceCurrency VAL USD",Samsung Samsung 860 PRO 1TB SSD 2-bit MLC V-NAND SATA III 6Gb/s 2.5 Internal Solid State Drive
25725051,right,AMD,"COL brand VAL AMD COL title VAL AMD Ryzen 5 2600X - 4.25 GHz - 6-core - 12 threads - 19 MB cache - Socket AM4 - Box COL description VAL IcecatLive.getDatasheet('#IcecatLive',{'UserName': 'rosedoyle', 'Brand':'AMD','ProductCode':'YD260XBCAFBOX'},'en', 200);SpecificationsGeneralProduct TypeProcessorProcessorType / Form FactorAMD Ryzen 5 2600XNumber of Cores6-coreNumber of Threads12 threadsCache19 MBCache Memory Details19 MBProcessor Qty1Clock Speed4.25 GHzCompatible Processor SocketSocket AM4Thermal Design Power95 WMiscellaneousIncluded AccessoriesAMD Wraith Spire CoolerPackage TypeAMD Processor in a Box (PIB) COL price VAL 296.39 COL priceCurrency VAL EUR",AMD AMD Ryzen 5 2600X - 4.25 GHz - 6-core - 12 threads - 19 MB cache - Socket AM4 - Box
93651578,right,Crucial,"COL brand VAL Crucial COL title VAL Crucial BX500 480GB SSD Micron 3D NAND SATA III 6Gb/s 2.5 Internal Solid State Drive COL description VAL BX500 480GB SSD Micron 3D NAND SATA III 6Gb/s 2.5 Internal Solid State Drive. Ever wonder why your phone responds faster than your computer? It's because your phone runs on flash memory. Add flash to your laptop or desktop computer with the Crucial BX500 SSD, the easiest way to get all the speed of a new computer without the price. Accelerate everything. COL price VAL 59.99 COL priceCurrency VAL USD",Crucial Crucial BX500 480GB SSD Micron 3D NAND SATA III 6Gb/s 2.5 Internal Solid State Drive
87459276,right,Dymo,COL brand VAL Dymo COL title VAL Dymo 12mm Black On Red D1 Tape (45017) COL description VAL Dymo S0720570 from The Dymo Shop. 45017 Black On Red - Red- 12mm. COL price VAL 11.69 COL priceCurrency VAL GBP,Dymo Dymo 12mm Black On Red D1 Tape (45017)
73315956,right,Asus,COL brand VAL Asus COL title VAL Asus MBTUF B450M-Plus Gaming / AM4 / B450 / m.2 / mATX COL description VAL MB Asus TUF B450M-Plus Gaming / AM4 / B450 / m.2 / mATX COL price VAL 111.95 COL priceCurrency VAL EUR,Asus Asus MBTUF B450M-Plus Gaming / AM4 / B450 / m.2 / mATX
48293393,right,Gigabyte,"COL brand VAL Gigabyte COL title VAL Gigabyte NVIDIA GeForce GTX 1650 4GB D6 OC Turing Graphics Card COL description VAL Gigabyte GeForce GTX 1650 D6 OC 4GB GDDR6 Graphics Card, 896 Core, 1635MHz Boost COL price VAL 148.99 COL priceCurrency VAL GBP",Gigabyte Gigabyte NVIDIA GeForce GTX 1650 4GB D6 OC Turing Graphics Card
88945662,right,Corsair,"COL brand VAL Corsair COL title VAL Corsair Vengeance LPX 16GB(2x8GB) COL description VAL Corsair Vengeance LPX 16GB(2x8GB) 3200MHz CL16 COL price VAL €67,00 COL priceCurrency VAL ",Corsair Corsair Vengeance LPX 16GB(2x8GB)
17282907,right,Tissot,COL brand VAL Tissot COL title VAL Tissot Mens T-Sport Seastar 1000 Chronograph Black Dial Stainless Steel Bracelet Watch T120.417.11.051.00 COL description VAL SEASTAR SS BW BLK DL CHRN COL price VAL 450.00 COL priceCurrency VAL GBP,Tissot Tissot Mens T-Sport Seastar 1000 Chronograph Black Dial Stainless Steel Bracelet Watch T120.417.11.051.00
68874465,right,Default,COL brand VAL Default COL title VAL Toner kompatibel zu Brother TN-200 Black COL description VAL  COL price VAL 14.87 COL priceCurrency VAL EUR,Default Toner kompatibel zu Brother TN-200 Black
51733905,right,Shimano,COL brand VAL Shimano COL title VAL Shimano Shimano Cs-R8000 Cassette 11-28t Ultegra 11-Speed COL description VAL CASSETTE SPROCKET COL price VAL 117.99 COL priceCurrency VAL AUD,Shimano Shimano Shimano Cs-R8000 Cassette 11-28t Ultegra 11-Speed
14628836,right,Ubiquiti,"COL brand VAL Ubiquiti COL title VAL Ubiquiti UniFi CloudKey Gen2 Plus COL description VAL 3 GB RAM, 32 GB eMMC, 1 TB HDD, 8-Core 2.0GHz ARM, 10/100/1000 Ethernet Port, Bluetooth COL price VAL 245.00 COL priceCurrency VAL EUR",Ubiquiti Ubiquiti UniFi CloudKey Gen2 Plus
23211539,right,Samsung,"COL brand VAL Samsung COL title VAL Samsung Portable SSD T7 Touch 2TB - Zwart COL description VAL Portable SSD T7 Touch USB 3.2, NVMe, 1TB COL price VAL 429.00 COL priceCurrency VAL EUR",Samsung Samsung Portable SSD T7 Touch 2TB - Zwart
98600039,right,Cooler Master,COL brand VAL Cooler Master COL title VAL Cooler Master MasterLiquid ML120R ARGB AIO Cooler COL description VAL Cooler Master MasterLiquid ML120R ARGB AIO Cooler available to buy online from PC Case Gear – Australia’s Premier Online PC Store. COL price VAL 129 COL priceCurrency VAL AUD,Cooler Master Cooler Master MasterLiquid ML120R ARGB AIO Cooler
24742825,right,DADDARIO,COL brand VAL DADDARIO COL title VAL EJ16 - Acoustic Phosphor Bronze 12-53 COL description VAL D'Addario EJ16 - Acoustic Phosphor Bronze 12-53Phosphor Bronze012 - 053Stärken: 012 - 016 - 024 - 032 - 042 - 053Stärke: Light COL price VAL 7.9E0 COL priceCurrency VAL EUR,DADDARIO EJ16 - Acoustic Phosphor Bronze 12-53
31143310,right,RAM Mounts,COL brand VAL RAM Mounts COL title VAL RAM Twist-Lock Dual Suction Cup Base / RAM-B-189BU COL description VAL RAM Twist-Lock Dual Suction Cup Base / RAM-B-189BU COL price VAL 36.00 COL priceCurrency VAL EUR,RAM Mounts RAM Twist-Lock Dual Suction Cup Base / RAM-B-189BU
49605449,right,Brother,"COL brand VAL Brother COL title VAL Brother HL-L6300DW Business Laser Printer for Mid-Size Workgroups -HL-L6300DW COL description VAL The Brother HL-L6300DW is the ultimate monochrome laser printer for mid-sized workgroups with higher print volumes. This business-durable printer offers great value due to the included high-yield toner cartridge and offers even lower cost output due to the super high-yield replacement toner cartridge. Plus, maximize your productivity with fast printing up to 48ppm, automatic two-sided printing, as well as a 520-sheet capacity paper tray that holds more than a ream of paper. For even fewer refills, expand the paper capacity to 1,610 sheets with optional trays. Advanced security features provide network user authentication, and a color Touchscreen display enables direct printing from popular business cloud services. Plus, enjoy flexible connectivity and mobile device printing. COL price VAL 479.98 COL priceCurrency VAL USD",Brother Brother HL-L6300DW Business Laser Printer for Mid-Size Workgroups -HL-L6300DW
9951028,right,HYDRO FLASK,"COL brand VAL HYDRO FLASK COL title VAL HYDRO FLASK HYDRO FLASK 21OZ STANDARD MOUTH BOTTLE-OLIVE COL description VAL Hydro Flask's unique double wall vacuum insulation protects temperature for hours. Cold drinks stay icy cold and hot drinks stay piping hot so you can stay refreshed for any adventure.Product BenefitsVersatile, middle-of-the-road sizeTempShield™ COL price VAL 33.00 COL priceCurrency VAL USD",HYDRO FLASK HYDRO FLASK HYDRO FLASK 21OZ STANDARD MOUTH BOTTLE-OLIVE
87410064,right,Samyang,"COL brand VAL Samyang COL title VAL Samyang 24mm f1.4 ED AS IF UMC Lens - Nikon Fit COL description VAL Image Sensor size: Full frame, APS-C or 4/3 sensor camerasFocal length: 24mmMaximum aperture: f/1.4Filter diameter: 77mmAngle of view: 84 degreesMinimum focus distance: 0.25mFocus type: manualNumber of diaphragm blades: 8 COL price VAL 315.83 COL priceCurrency VAL GBP",Samyang Samyang 24mm f1.4 ED AS IF UMC Lens - Nikon Fit
56676909,right,EPSON,"COL brand VAL EPSON COL title VAL Epson Premium Glossy Photo Paperphoto paper - 25 sheet(s) - A2 COL description VAL Five golden stars for the highest requirements. Go for the highest printing standards with this high-quality photo paper. With a grammage of 255g/m2, this paper ensures the best performance and durability for professional use. Choose the best quality with five golden stars. COL price VAL 31.19 COL priceCurrency VAL GBP",EPSON Epson Premium Glossy Photo Paperphoto paper - 25 sheet(s) - A2
3420227,right,SanDisk,COL brand VAL SanDisk COL title VAL SanDisk Extreme Pro SD Card 32GB 300MB/s UHS-II COL description VAL  COL price VAL 56.45 COL priceCurrency VAL EUR,SanDisk SanDisk Extreme Pro SD Card 32GB 300MB/s UHS-II
7274546,right,Canon,COL brand VAL Canon COL title VAL Canon EF 100mm F2.8 L IS USM Macro Lens COL description VAL Canon EF 100mm F2.8 L IS USM Macro Lens COL price VAL 1399 COL priceCurrency VAL AUD,Canon Canon EF 100mm F2.8 L IS USM Macro Lens
81524454,right,Logitech,"COL brand VAL Logitech COL title VAL Logitech BRIO 4K Ultra HD webcamweb camera COL description VAL Step up to the technologically advanced webcam and get professional-quality video for conference calls, streaming, or video recording. Logitech BRIO is packed with features that produce stunning video in any environment. This camera offers 5x digital zoom and RightLight 3 with HDR. Background replacement gives you the freedom to meet anywhere. COL price VAL 195,96 COL priceCurrency VAL EUR",Logitech Logitech BRIO 4K Ultra HD webcamweb camera
93725418,right,Maxxis,"COL brand VAL Maxxis COL title VAL Maxxis High Roller II 29er Dual Compound Folding Tubeless Ready Mountain Bike COL description VAL The Maxxis High Roller II 29er Dual Compound Folding Tubeless Ready Mountain Bike Tyre features an extremely open and aggressive tread the delivers excellent soil penetration and mud-clearing ability. The dual compound tread utilises a hard base layer to reduce rolling resistance and provide knob support, while the siped, softer outer layer provides unparalleled grip on rocks and roots.The Maxxis High Roller's square profile produces a solid, consistent and reliable feel across the knobs. This tyre also features modified knobs on the shoulder and centre improve braking performance and traction on hard surfaces. The Maxxis High Roller II 29er Dual Compound Folding Tubeless Ready Mountain Bike Tyre is an excellent choice for technical, freeride terrain.For our full range of Bike Accessories visit Evans Cycles COL price VAL £54.99 COL priceCurrency VAL GBP",Maxxis Maxxis High Roller II 29er Dual Compound Folding Tubeless Ready Mountain Bike
79625472,right,Sandisk,COL brand VAL Sandisk COL title VAL USB STICK SANDISK CRUZER GLIDE 32GB COL description VAL  COL price VAL 16.08 COL priceCurrency VAL EUR,Sandisk USB STICK SANDISK CRUZER GLIDE 32GB
57791020,right,Pokemon,COL brand VAL Pokemon COL title VAL Pokemon Pokemon: Darkness Ablaze Bstr COL description VAL Add to your collection and light a fire with the Darkness Ablaze expansion! COL price VAL 4.00 COL priceCurrency VAL USD,Pokemon Pokemon Pokemon: Darkness Ablaze Bstr
45759535,right,Audemars Piguet,"COL brand VAL Audemars Piguet COL title VAL Pre-Owned Audemars Piguet Royal Oak Chronograph 26331ST.OO.1220ST.03 COL description VAL Pre-Owned Audemars Piguet Royal Oak Chronograph (26331STOO1220ST03) self - winding automatic watch, features a 41mm stainless steel case sur...Read More COL price VAL 33900.00 COL priceCurrency VAL USD",Audemars Piguet Pre-Owned Audemars Piguet Royal Oak Chronograph 26331ST.OO.1220ST.03
7736538,right,DJI,"COL brand VAL DJI COL title VAL DJI DJI | Mavic Mini Drone Fly More Combo COL description VAL The compact yet powerful Mavic Mini is the perfect creative companion, capturing your moments in a way that effortlessly elevates the ordinary. Together with the easy-to-use DJI Fly app, youÃƒÆ’Ã‚Â¢ÃƒÂ¢Ã¢â‚¬Å¡Ã‚Â¬ÃƒÂ¢Ã¢â‚¬Å¾Ã‚Â¢ll enjoy a simplified flyin COL price VAL 649.99 COL priceCurrency VAL CAD",DJI DJI DJI | Mavic Mini Drone Fly More Combo
83152267,right,AMD,"COL brand VAL AMD COL title VAL YD260XBCAFBOX - AMD AM4 Ryzen 5 2600X, 6x 3.60GHz, boxed COL description VAL  COL price VAL 1.3305E2 COL priceCurrency VAL CHF","AMD YD260XBCAFBOX - AMD AM4 Ryzen 5 2600X, 6x 3.60GHz, boxed"
36868284,right,Crucial,COL brand VAL Crucial COL title VAL Crucial Crucial Memory 4GB DDR3L 1600 1.35V SODIMM Retail CT51264BF160BJ COL description VAL  COL price VAL 64.99 COL priceCurrency VAL CAD,Crucial Crucial Crucial Memory 4GB DDR3L 1600 1.35V SODIMM Retail CT51264BF160BJ
87637930,right,ASUS,COL brand VAL ASUS COL title VAL PH-GTX1660S-O6G 6 GB Geforce GTX 1660 Super Overclocked Phoenix Fan Edition Hdmi DP Dvi Graphics Card COL description VAL  COL price VAL  COL priceCurrency VAL ,ASUS PH-GTX1660S-O6G 6 GB Geforce GTX 1660 Super Overclocked Phoenix Fan Edition Hdmi DP Dvi Graphics Card
73180792,right,Asus,"COL brand VAL Asus COL title VAL Motherboard Asus TUF B450M-PLUS GAMING, AM4, USB 3.1, SATA 6GB/S COL description VAL Componentes - Placa Mãe - Motherboard - Motherboard Asus TUF B450M-PLUS GAMING, AM4, USB 3.1, SATA 6GB/S COL price VAL 102.00 COL priceCurrency VAL EUR","Asus Motherboard Asus TUF B450M-PLUS GAMING, AM4, USB 3.1, SATA 6GB/S"
31149803,right,D'addario,"COL brand VAL D'addario COL title VAL D'addario XTAPB1356XT Acoustic strings set Phosphor Bronze Medium 13-56 COL description VAL D’Addario XT strings feature high carbon steel cores with an extended lifespan treatment on every string in the set, giving you enhanced break resistance, pitch stability, and long-lasting performance – all while preserving the tone and feel of your favorite uncoated strings. These strings are made to stay, for performance that never fades away.D'Addario XT Electric Guitar Strings FeaturesXT strings feature an extended lifespan treatment on every string in the set, preserving the natural tone and feel of uncoated strings.High carbon steel wire and Fusion Twist technologies deliver unrivaled tuning stability and break resistance. Strings stay in tune 131% better than traditional strings!Strings last at least 4 times longer than traditional uncoated strings COL price VAL 16.25 COL priceCurrency VAL EUR",D'addario D'addario XTAPB1356XT Acoustic strings set Phosphor Bronze Medium 13-56
8174351,right,SanDisk,"COL brand VAL SanDisk COL title VAL SanDisk SSD PLUS 120GB Solid State Drive -SDSSDA-120G-G27 COL description VAL Inject new life into your laptop or desktop PC with a durable solid state drive from SanDisk. You'll experience quicker boot-up and shutdown, quicker application response and data transfer speeds than with a typical hard disk drive1, at just a fraction of the cost of a new computer. Slc caching boosts burst write performance, making it ideal for typical PC workloads such as web browsing, Email, casual gaming, office productivity, and audio/video entertainment. SanDisk SSDs are resistant to shock, vibration and temperature extremes3, so your SSD keeps working, no matter where or how hard you use your computer. The SanDisk SSD dashboard provides software that includes proprietary SanDisk tools for monitoring and optimizing your system's performance and highlights offers for cloning and security Applications4.With read/write speeds of up to 530MB/s/400MBs, the SanDisk SSD plus delivers impressive performance in an entry-level drive, from a brand you know you can trust. COL price VAL 64.99 COL priceCurrency VAL USD",SanDisk SanDisk SSD PLUS 120GB Solid State Drive -SDSSDA-120G-G27
37007640,right,Life Extension,"COL brand VAL Life Extension COL title VAL Super Ubiquinol CoQ10 with Enhanced Mitochondrial Support 100 mg COL description VAL 100 mg, 60 soft-gels | Item# 01426Ultra-absorbable CoQ10 benefits cell energy, heart & brain healthOur patented ubiquinol is highly bioavailable, which means it’s easy for the body to absorb. Combined with PrimaVie® shilajit the rate of absorption increases to help promote the body’s youthful cellular energy production.Non-GMO$46.50Multi-Unit Discount Available4 units @ $39.00 | Save 16%10 units @ $36.00 | Save 22%Available versions:50 mg30 softgels$15.00100 softgels$43.50100 mg30 softgels$24.7560 softgels$46.50200 mcg30 softgels$44.25 COL price VAL 46.50 COL priceCurrency VAL USD",Life Extension Super Ubiquinol CoQ10 with Enhanced Mitochondrial Support 100 mg
17869090,right,HP,COL brand VAL HP COL title VAL HP Color LaserJet Professional CP5225dn COL description VAL  COL price VAL 33435 COL priceCurrency VAL CZK,HP HP Color LaserJet Professional CP5225dn
37439609,right,Samsung,COL brand VAL Samsung COL title VAL Samsung 970 EVO MZ-V7E1T0BW - Solid state drive - krypterat - 1 TB - inbyggd - M.2 2280 - PCI Express 3.0 x4 (NVMe) - 256 bitars AES - TCG Opal Encryption 2.0 COL description VAL  COL price VAL 1682 COL priceCurrency VAL SEK,Samsung Samsung 970 EVO MZ-V7E1T0BW - Solid state drive - krypterat - 1 TB - inbyggd - M.2 2280 - PCI Express 3.0 x4 (NVMe) - 256 bitars AES - TCG Opal Encryption 2.0
26736430,right,Sigma,COL brand VAL Sigma COL title VAL Sigma 50mm F1.4 Art DG HSM Nikon Mount Lens COL description VAL Sigma 50mm F1.4 Art DG HSM Nikon Mount Lens COL price VAL 1249 COL priceCurrency VAL AUD,Sigma Sigma 50mm F1.4 Art DG HSM Nikon Mount Lens
53426556,right,LaCie,COL brand VAL LaCie COL title VAL LaCie 4TB Rugged Thunderbolt / USB-C Mobile HDD COL description VAL  COL price VAL 1059.0 COL priceCurrency VAL AED,LaCie LaCie 4TB Rugged Thunderbolt / USB-C Mobile HDD
2046148,right,Epson,COL brand VAL Epson COL title VAL Epson T7551 XL Black High Yield Ink Cartridge C13T755140 / T7551 EP53959 COL description VAL  COL price VAL 67.32 COL priceCurrency VAL GBP,Epson Epson T7551 XL Black High Yield Ink Cartridge C13T755140 / T7551 EP53959
12243414,right,CANON,"COL brand VAL CANON COL title VAL Canon CLI-251BK XL High-Capacity Black Ink Tank COL description VAL For the PIXMA iX6820, iP7220, iP8720, MG5420, MG5422, MG5520, MG5522, MG6320, MG6420, MG7120, MX722, and MX922 PrintersThe CLI-251BK XL High-Capacity Black Ink Tank from Canon is part of the ChromaLife100 system that guarantees print longevity of 300 years when used with select Canon paper and stored in an archival-quality photo album. The ink tank features an LED light which will illuminate when you install the ink tank correctly. Additionally, when a full set of Canon ink is installed, you can access content on Canon's Creative Park Premium website for free. The instant-drying ink is compatible with the following printers:PIXMA iX6820 PIXMA iP7220 PIXMA iP8720 PIXMA MG5420 PIXMA MG5422 PIXMA MG5520 PIXMA MG5522 PIXMA MG6320 PIXMA MG6420 PIXMA MG7120 PIXMA MX722 PIXMA MX922Ink Dries Instantly: Photos can be handled right out of the printer without getting smudgedSmart LED: Lets you know when the ink is properly installedChromaLife100 : Combines enhanced FINE print head technology with select Canon inks and select Canon photo papers for borderless photos that will last up to 300 years when stored in an archival-quality photo albumCreative Park Premium: After installing a full set of Canon ink you can download projects from the Creative Park Premium website including postcards, calendars, scrapbook pages, and paintings COL price VAL 0.0 COL priceCurrency VAL USD",CANON Canon CLI-251BK XL High-Capacity Black Ink Tank
12524915,right,APC,COL brand VAL APC COL title VAL APC Replacement Battery Cartridge #124 COL description VAL  COL price VAL 995 COL priceCurrency VAL NOK,APC APC Replacement Battery Cartridge #124
23276195,right,Cooler Master,COL brand VAL Cooler Master COL title VAL Cooler Master MasterBox Lite 5 Mid Tower Case COL description VAL Cooler Master MasterBox Lite 5 Mid Tower Case available to buy online from PC Case Gear – Australia’s Premier Online PC Store. COL price VAL 89 COL priceCurrency VAL AUD,Cooler Master Cooler Master MasterBox Lite 5 Mid Tower Case
41456801,right,EPSON,COL brand VAL EPSON COL title VAL Epson Seahorse Multipack 6-kleur T0487 COL description VAL Epson Seahorse Multipack 6-kleur T0487 COL price VAL 189 COL priceCurrency VAL EUR,EPSON Epson Seahorse Multipack 6-kleur T0487
96889697,right,G.Skill,COL brand VAL G.Skill COL title VAL Memoire DDR4 G.Skill Trident Z F4-3600C16D-16GTZNC COL description VAL Memoire DDR4 G.Skill Trident Z F4-3600C16D-16GTZNC- module de mémoire 16 Go DDR4 3600 MHz COL price VAL 156.99 COL priceCurrency VAL EUR,G.Skill Memoire DDR4 G.Skill Trident Z F4-3600C16D-16GTZNC
48521210,right,_none,COL brand VAL  COL title VAL Tissot T-Sport Seastar 1000 Chronograph Watch T1204171105100 COL description VAL  COL price VAL  COL priceCurrency VAL ,Tissot T-Sport Seastar 1000 Chronograph Watch T1204171105100
97634734,right,Corsair,"COL brand VAL Corsair COL title VAL Corsair ML140 PRO RGB LED 140MM PWM Premium Magnetic Levitation Fan - Single Pack COL description VAL Product InformationQUIET COOLING IN ANY COLORThe CORSAIR ML140 PRO RGB PWM fan combines unrivaled performance and low noise operation with vibrant RGB lighting controlled in CORSAIR LINK software.FRICTION MEETS REALITYBy utilizing ultra-low friction magnetic levitation bearing technology, ML140 PRO RGB can deliver more airflow and higher static pressure at lower noise levels than traditional bearing fans, backed by a long-life five-year warranty.PUT YOUR BUILD IN THE SPOTLIGHTFour hub-mounted RGB LEDs output a vivid blast of light and color, making it easy to match your system's style.EXPAND OR CREATEAvailable as a single fan, control lighting effects in CORSAIR LINK and add the finishing touches with replaceable corner caps (sold separately). The RGB functionality of ML140 PRO RGB requires an RGB lighting hub and Lighting Node PRO.BE SEEN NOT HEARDWith a 400 to 1,200 RPM PWM control range at 20.4 dBA max, ML140 PRO RGB makes it easy to equip your PC with quiet cooling that can be adjusted for the perfect balance in airflow that your system needs.Contents and SpecificationsPackage contentsx1 ML PRO RGB Fanx4 Fan mounting screwsSystem RequirementsMotherboard with an open standard 4-pin fan connectorCORSAIR LINK v4.9.2.27 or higher is required for lighting controlWindows 10, Windows 8.1, or Windows 7An internet connection is required for software downloadShow more; COL price VAL 32.98 COL priceCurrency VAL GBP",Corsair Corsair ML140 PRO RGB LED 140MM PWM Premium Magnetic Levitation Fan - Single Pack
66191134,right,Epson,COL brand VAL Epson COL title VAL Epson oryginalny tusz T2982 29 cyan COL description VAL Oryginalny tusz EPSONT29824 T29 cyan (niebieski).Pasuje do drukarek EPSON:Epson Expression Home XP-235EPSON Expression Home XP-245EPSON Expression Home XP-247Epson Expression Home XP-255Epson Expression Home XP-257Epson Expression Home XP-332Epson Expression Home XP-335EPSON Expression Home XP-342EPSON Expression Home XP-345Epson Expression Home XP-352Epson Expression Home XP-355Epson Expression Home XP-432Epson Expression Home XP-435EPSON Expression Home XP-442EPSON Expression Home XP-445Epson Expression Home XP-452Epson Expression Home XP-455 COL price VAL 53.28 COL priceCurrency VAL PLN,Epson Epson oryginalny tusz T2982 29 cyan
5603029,right,Samsung,"COL brand VAL Samsung COL title VAL Samsung Portable SSD T7 Touch 1TB - Zilver COL description VAL Portable SSD T7 Touch USB 3.2, NVMe, 1TB COL price VAL 249.00 COL priceCurrency VAL EUR",Samsung Samsung Portable SSD T7 Touch 1TB - Zilver
66047716,right,HP,"COL brand VAL HP COL title VAL HP 900GB 6G SAS 10K 900 SAS 16 MB Cache 2.5-Inch Internal Bare or OEM Drives 619291-B21 COL description VAL Performance and Reliability for Multiple Application Environments - High reliability for Mission Critical applications. High availability for Business Critical applications. Robust SAS interface (dual port, full duplex). Ideal for transaction processing, database applications, analytics, high performance computing and business applications. Maintaining existing universal hot plug carriers to support HP ProLiant G7 and earlier servers and server storage.Hard drive capacity - 900 GB. Hard drive size - 63.5 mm (2.5). COL price VAL 170.00 COL priceCurrency VAL USD",HP HP 900GB 6G SAS 10K 900 SAS 16 MB Cache 2.5-Inch Internal Bare or OEM Drives 619291-B21
61794834,right,_none,"COL brand VAL  COL title VAL RAM® 3\"" Double Ball Arm for 1.5\"" Ball COL description VAL The RAM-201U-B, short double socket arm, has a socket at both ends that accommodates 1.5\"" ball bases. A single spring inside the arm opens the end sockets, allowing you to pivot the ball and socket connection. This socket technology allows for almost infinite adjustment and perfect viewing angles. COL price VAL 19.49 COL priceCurrency VAL USD","RAM® 3\"" Double Ball Arm for 1.5\"" Ball"
12750791,right,Park Tool,COL brand VAL Park Tool COL title VAL Park Tool PH-1.2 P-Handle Hex Wrench Set - Tool Set COL description VAL  COL price VAL 76.95 COL priceCurrency VAL USD,Park Tool Park Tool PH-1.2 P-Handle Hex Wrench Set - Tool Set
19006949,right,_none,COL brand VAL  COL title VAL INTEL CPU 10TH GEN COMET LAKE I7-10700KF 3.80GHZ LGA1200 16.00MB CACHE BOXED COL description VAL  COL price VAL 476.90 COL priceCurrency VAL EUR,INTEL CPU 10TH GEN COMET LAKE I7-10700KF 3.80GHZ LGA1200 16.00MB CACHE BOXED
78223883,right,Corsair,"COL brand VAL Corsair COL title VAL Corsair DDR4 Vengeance LPX 16GB/2133(2*8GB) CL13-15-15-28 1,20V XMP2.0 COL description VAL Corsair DDR4 Vengeance LPX 16GB/2133(2*8GB) CL13-15-15-28 1,20V XMP2.0 COL price VAL 0 COL priceCurrency VAL ","Corsair Corsair DDR4 Vengeance LPX 16GB/2133(2*8GB) CL13-15-15-28 1,20V XMP2.0"
59585994,right,Traveler's Company,COL brand VAL Traveler's Company COL title VAL Traveler's Company 001. LINED REFILL MIDORI TRAVELER'S NOTEBOOK COL description VAL  COL price VAL 3.50 COL priceCurrency VAL GBP,Traveler's Company Traveler's Company 001. LINED REFILL MIDORI TRAVELER'S NOTEBOOK
18835729,right,Xerox,COL brand VAL Xerox COL title VAL Xerox Phaser 6000/6010 Black Toner COL description VAL Xerox Phaser 6000/6010 Black Toner - this product is manufactured by Xerox in China (and maybe in other countries) COL price VAL  COL priceCurrency VAL ,Xerox Xerox Phaser 6000/6010 Black Toner
50160182,right,Logitech,COL brand VAL Logitech COL title VAL Logitech G G402 Hyperion Fury Oyuncu Mouse 910-004068 COL description VAL Logitech G402 Hyperion Fury 4000DPI 8 Tu Optik Gaming Mouse - 910-004068 COL price VAL 389.90 COL priceCurrency VAL TRY,Logitech Logitech G G402 Hyperion Fury Oyuncu Mouse 910-004068
516433,right,Sandisk,COL brand VAL Sandisk COL title VAL Sandisk USB Flash 32GB Cruzer Glide 2.0/3.0 COL description VAL  COL price VAL 15.90 COL priceCurrency VAL EUR,Sandisk Sandisk USB Flash 32GB Cruzer Glide 2.0/3.0
92894304,right,zebra,COL brand VAL zebra COL title VAL Zebra ZXP Series 1Black Monochrome Ribbon K - 1000 Prints 800011-101 COL description VAL  COL price VAL  COL priceCurrency VAL ,zebra Zebra ZXP Series 1Black Monochrome Ribbon K - 1000 Prints 800011-101
66768594,right,Western Digital,COL brand VAL Western Digital COL title VAL Western Digital Western Digital 2TB Blue COL description VAL  COL price VAL 79.00 COL priceCurrency VAL EUR,Western Digital Western Digital Western Digital 2TB Blue
11427812,right,_none,"COL brand VAL  COL title VAL Shimano CN-HG601 105 5800 / SLX M7000 Chain With Quick Link 11-Speed - 116 Links, SIL-TEC COL description VAL Super narrow lightweight 11-speed HG-EV symmetrical design chain for smooth shifts and maximum durability.Specifications:Outer plate design has been developed to reduce the chance of chain suckSil-Tec surface treatment technology (PTFE plating) on inner links that is smooth running and increases durabilityThe inner plate has been developed for better contact with gears providing smoother shifting under high load, giving efficient pedalling, increased rigidity and near silent running5.62 mm chain width, optimised for 11-speed Super Narrow HG-EV drivetrainsComes complete with Quick Link which enables fast tool-free chain assemblyAverage weight of 257 grams COL price VAL 31.99 COL priceCurrency VAL GBP","Shimano CN-HG601 105 5800 / SLX M7000 Chain With Quick Link 11-Speed - 116 Links, SIL-TEC"
66692743,right,G.Skill,COL brand VAL G.Skill COL title VAL G.Skill Trident Z Neo DDR4 3600MHz 16GB (2X8) Desktop Memory for AMD X570 F4-3600C16D-16GTZNC | PCByte COL description VAL Capacity : 16GB (8GBx2)Type : DDR4Speed : 3600 MHzLatency : 16-19-19-39Addressable RGB LEDs COL price VAL 209.0 COL priceCurrency VAL AUD,G.Skill G.Skill Trident Z Neo DDR4 3600MHz 16GB (2X8) Desktop Memory for AMD X570 F4-3600C16D-16GTZNC | PCByte
81424577,right,Kingston,"COL brand VAL Kingston COL title VAL Kingston Technology SA400S37/240G A400 SSD Solid State Drive 2.5 Inch SATA-3 - 240GB COL description VAL Supplied brand new in sealed retail packaging complete with a reassuring 3 year manufacturers warranty. Ultra responsive \""SSD\"" Solid State Drive and a superb 240GB capacityMore reliable and 10x faster than a hard drive. With incredible read/write speeds of up to 500MB/s, the A400 SSD will not only increase performance but can also be used to breathe new life into older systemsRugged A400 is shock- and vibration-resistant for rugged reliability when used in notebooks and other mobile computing devices.Ideal for desktops and notebooks A400 has a 7mm form factor to fit in a wider array of systems. It’s ideal for slimmer notebooks and in systems with limited available space.7dayshop stock a competitive range of products : photo, computer, memory, inkjet, audio, video, battery, gifts ideas, gadgets and much more.We have been selling online since the year 2000. Buy with confidence. COL price VAL  COL priceCurrency VAL ",Kingston Kingston Technology SA400S37/240G A400 SSD Solid State Drive 2.5 Inch SATA-3 - 240GB
18309559,right,Epson,"COL brand VAL Epson COL title VAL Epson Fox Multipack \""Renard\"" (T1285) - Encre DURABrite Ultra N, C, M, J COL description VAL Epson Fox Multipack \""Renard\"" (T1285) - Encre DURABrite Ultra N, C, M, J, Original, Encre à pigments, Noir, Cyan, Magenta, Jaune, Epson, Multi pack, - Epson Stylus SX445W - Epson Stylus SX440W - Epson Stylus SX435W - Epson Stylus SX420W - Epson... COL price VAL 61.89 COL priceCurrency VAL EUR","Epson Epson Fox Multipack \""Renard\"" (T1285) - Encre DURABrite Ultra N, C, M, J"
97165175,right,Oakley,COL brand VAL Oakley COL title VAL Oakley Jawbreaker 31 Mm Matte Black Sunglasses COL description VAL Oakley Sunglasses. Series Jawbreaker. Series number: OO9290. Color code: 92902031. Size: 31. Shape: Sport. Lens Width: 31 mm. Lens Bridge: 131 mm. Arm Length: 121 mm. 100% UV protection. Non-Polarized. Frame Material: Plastic. Frame Color: Matte Black. Lenses Type: Prizm Road.Product details:Frame color: matte blackLens color: prizm roadFit: standard COL price VAL 10890.0 COL priceCurrency VAL INR,Oakley Oakley Jawbreaker 31 Mm Matte Black Sunglasses
35405134,right,Manfrotto,"COL brand VAL Manfrotto COL title VAL Manfrotto MHXPRO-2W 2-Way Head COL description VAL Precise framing for seamless transition between photo and video. The innovative XPRO Fluid Head is the perfect choice for photographers looking for professional, accurate framing and video that really flows. This tripod head is an ideal fit for wildlife photographers using lightweight scopes with digiscoping, ensuring sharper, accurately composed images and no unwanted breaks when switching devices or angles.The XPRO Fluid Head is the only lightweight video head that has a fluidity selector. It enables you to quickly shift between hard and soft fluidity in line with your speed of tilt movement. Shoot stable footage with any photographic lens thanks to the fluid cartridge settings. Get ready to compose your scene quickly and easily with the standard Manfrotto 200PL plate. Switch from photo to video in just seconds, wherever you are.Two other great features of the XPRO Fluid Head is that it has a durable aluminium design and is surprisingly lightweight. It can support a payload of up to 4kg, yet it only weighs 0.7kg, which means you can carry it comfortably everywhere you go. COL price VAL 99.99 COL priceCurrency VAL GBP",Manfrotto Manfrotto MHXPRO-2W 2-Way Head
77146001,right,Swiss Military Hanowa,COL brand VAL Swiss Military Hanowa COL title VAL Relógio Swiss Military Hanowa06-6278.04.001.07 Navalus COL description VAL Swiss Ladies Watch with DayDate COL price VAL 219.95 COL priceCurrency VAL EUR,Swiss Military Hanowa Relógio Swiss Military Hanowa06-6278.04.001.07 Navalus
31373426,right,Swiss Military Hanowa,COL brand VAL Swiss Military Hanowa COL title VAL Relógio Swiss Military Hanowa06-4307.30.007 Undercover Multifunction COL description VAL Swiss Made Gents Watch with Day-Date COL price VAL 169.95 COL priceCurrency VAL EUR,Swiss Military Hanowa Relógio Swiss Military Hanowa06-4307.30.007 Undercover Multifunction
23007161,right,Epson,COL brand VAL Epson COL title VAL Epson Tinte matte schwarz 700ml f. 7900/9900 COL description VAL  COL price VAL 258.32 COL priceCurrency VAL EUR,Epson Epson Tinte matte schwarz 700ml f. 7900/9900
15306268,right,DJI,COL brand VAL DJI COL title VAL Mavic 2 Part11 Car Charger COL description VAL Mavic 2 Part11 Car Charger COL price VAL 1248 COL priceCurrency VAL ZAR,DJI Mavic 2 Part11 Car Charger
26301462,right,Sigma,COL brand VAL Sigma COL title VAL Sigma 35mm F1.4 DG Art HSM EOS Mount Lens COL description VAL Sigma 35mm F1.4 DG Art HSM EOS Mount Lens COL price VAL 1059 COL priceCurrency VAL AUD,Sigma Sigma 35mm F1.4 DG Art HSM EOS Mount Lens
28284405,right,Sony,COL brand VAL Sony COL title VAL Sony SEL-70200G FE 70-200 mm F4 Lens COL description VAL  COL price VAL 7699 COL priceCurrency VAL TRY,Sony Sony SEL-70200G FE 70-200 mm F4 Lens
18666720,right,Corsair,COL brand VAL Corsair COL title VAL Corsair Crystal Series 570X RGB CC-9011098-WW Steel / Tempered Glass ATX Mid Tower Case COL description VAL Corsair Crystal Series 570X RGB CC-9011098-WW Steel / Tempered Glass ATX Mid Tower Case COL price VAL 179.99 COL priceCurrency VAL USD,Corsair Corsair Crystal Series 570X RGB CC-9011098-WW Steel / Tempered Glass ATX Mid Tower Case
31886989,right,ASUS,"COL brand VAL ASUS COL title VAL Asus ROG Strix X570-F Gaming ATX - motherboard COL description VAL Buy Asus ROG Strix X570-F Gaming ATX - motherboard at multitronic.fi, as well as find price, description and specifications online. COL price VAL  COL priceCurrency VAL ",ASUS Asus ROG Strix X570-F Gaming ATX - motherboard
61787029,right,_none,"COL brand VAL  COL title VAL 014 Traveler's Notebook Regular- Refill - Kraft Paper Notebook COL description VAL The Midori Traveler's Notebook Kraft Paper Notebook Refill consists of 32 sheets, or 64 pages, made of blank, brown kraft paper. If white paper feels stifling to creative journaling, this Kraft Paper Notebook is a perfect alternative to feed your creativity. The refill fits perfectly inside the regular size Midori Traveler's Notebook.How to JoinSeveral Refills Into a Midori Traveler'sNotebook COL price VAL 8.0 COL priceCurrency VAL USD",014 Traveler's Notebook Regular- Refill - Kraft Paper Notebook
54685720,right,Shimano,COL brand VAL Shimano COL title VAL Shimano Shimano Cn-Hg901 11-Spd Chain Xtr / Dura Ace W/ Quick Link COL description VAL BIKE CHAIN COL price VAL 69.99 COL priceCurrency VAL AUD,Shimano Shimano Shimano Cn-Hg901 11-Spd Chain Xtr / Dura Ace W/ Quick Link
98859135,right,Znaka: Originlne,COL brand VAL Znaka: Originlne COL title VAL Originlny toner CANON CRG-707 C (Azrov) COL description VAL Originlny spotrebn materil pre tlaiarne CANON COL price VAL 77.9 COL priceCurrency VAL EUR,Znaka: Originlne Originlny toner CANON CRG-707 C (Azrov)
22007806,right,Maxxis,"COL brand VAL Maxxis COL title VAL Maxxis Maxxis Minion DHR II Tire: 29 x 2.40"", Folding, 60tpi, 3C MaxxGrip 2- Ply, Tubeless Ready, Wide Trail, Black COL description VAL  COL price VAL 90.00 COL priceCurrency VAL USD","Maxxis Maxxis Maxxis Minion DHR II Tire: 29 x 2.40"", Folding, 60tpi, 3C MaxxGrip 2- Ply, Tubeless Ready, Wide Trail, Black"
35410623,right,Daniel Wellington,"COL brand VAL Daniel Wellington COL title VAL Daniel Wellington Unisex Classic Sheffield 36mm Rose Gold Black DW00100036 COL description VAL Daniel Wellington Quartz Watch Classic Sheffield 0508DW with black leather strap, Egg shell whitened dial with rose gold tone markers and hands, Rose gold stainless case, Water-resistant to 30 metres, Quartz analogue movement, Rose gold stainless buckle with etched DW logo design. Daniel Wellington watches are thin and elegant with a clean minimilistic design, set on classic Nato straps. Daniel Wellington watches are perfect for any event and include a range of Nato straps with a strong British feel. The Nato strap is considered stronger and more water resistant than other materials and was worn by James Bond in the film, 'Goldfinger'. COL price VAL 89.00 COL priceCurrency VAL GBP",Daniel Wellington Daniel Wellington Unisex Classic Sheffield 36mm Rose Gold Black DW00100036
62242632,right,Epson,COL brand VAL Epson COL title VAL Epson Blekk Svart T7031 L - WP4000/4500 COL description VAL  COL price VAL 445 COL priceCurrency VAL NOK,Epson Epson Blekk Svart T7031 L - WP4000/4500
21506250,right,Audio-Technica,COL brand VAL Audio-Technica COL title VAL Casti Hi-Fi Audio-Technica ATH-AD500X COL description VAL  COL price VAL 599 COL priceCurrency VAL RON,Audio-Technica Casti Hi-Fi Audio-Technica ATH-AD500X
3223487,right,SAMSUNG,"COL brand VAL SAMSUNG COL title VAL SAMSUNG 970 EVO PLUS M.2 2280 500GB PCIe Gen 3.0 x4, NVMe 1.3 V-NAND 3-bit MLC Internal Solid State Drive (SSD) MZ-V7S500B/AM COL description VAL SAMSUNG 970 EVO PLUS M.2 2280 500GB PCIe Gen 3.0 x4, NVMe 1.3 V-NAND 3-bit MLC Internal Solid State Drive (SSD) MZ-V7S500B/AM COL price VAL 89.99 COL priceCurrency VAL USD","SAMSUNG SAMSUNG 970 EVO PLUS M.2 2280 500GB PCIe Gen 3.0 x4, NVMe 1.3 V-NAND 3-bit MLC Internal Solid State Drive (SSD) MZ-V7S500B/AM"
47282882,right,SanDisk,COL brand VAL SanDisk COL title VAL SanDisk Ultra SDXC Memory Card 100MBs Class 10 UHS-I 256GB COL description VAL The SanDisk Ultra SDXC Memory Card 100MBs Class 10 UHS-I 256GB can capture in Full HD with ultra-fast read speeds COL price VAL 52.59 COL priceCurrency VAL GBP,SanDisk SanDisk Ultra SDXC Memory Card 100MBs Class 10 UHS-I 256GB
18960736,right,Ubiquiti,"COL brand VAL Ubiquiti COL title VAL Ubiquiti UniFi Dual-Band WiFi PoE Access Point UAP-AC-HD - 5 Pack COL description VAL Ideal fordeployments that either need a weatherproof access point or standard 802.3ac PoE/802.3at Power over Ethernet, the Ubiquiti UAP-AC-HD UniFi boasts a 5Ghz speed of 1733 Mbps and simultaneous dual-band operation with 4x4 MIMO in both the 2.4 GHz and 5 GHz bands. This is a 5 pack. COL price VAL 1365.99 COL priceCurrency VAL GBP",Ubiquiti Ubiquiti UniFi Dual-Band WiFi PoE Access Point UAP-AC-HD - 5 Pack
14224876,right,Cooler Master,"COL brand VAL Cooler Master COL title VAL Cooler Master MasterCase H500 IRON GREY ATX Mid-Tower, Tempered Glass Panel, two 200mm RGB fans with Controller and Case Handle for Transport COL description VAL Mesh and Transparent Options Included Two 200mm RGB Fans and Controller Clear View Inside Radiator Support Covers for Clean Building Top Magnetic Filter Case Handle for Transport. COL price VAL 9949.00 COL priceCurrency VAL INR","Cooler Master Cooler Master MasterCase H500 IRON GREY ATX Mid-Tower, Tempered Glass Panel, two 200mm RGB fans with Controller and Case Handle for Transport"
3762458,right,_none,COL brand VAL  COL title VAL DS-7216HQHI-K1 Hikvision 16 cs. TurboHD DVR COL description VAL  COL price VAL  COL priceCurrency VAL ,DS-7216HQHI-K1 Hikvision 16 cs. TurboHD DVR
56831449,right,SRAM,"COL brand VAL SRAM COL title VAL SRAM SRAM NX Eagle PG-1230 12-Speed Cassette COL description VAL Ride anywhere with the wide-range PG-1230, 11- to 50-tooth Eagle cassette. COL price VAL 129.95 COL priceCurrency VAL CAD",SRAM SRAM SRAM NX Eagle PG-1230 12-Speed Cassette
50005399,right,Corsair,COL brand VAL Corsair COL title VAL CORSAIR 8Gbx1 DDR4 3000Mhz Ram CMK8GX4M1D3000C16 VENGEANCE LPX Gaming RAM COL description VAL CORSAIR 8Gbx1 DDR4 3000Mhz Ram CMK8GX4M1D3000C16 VENGEANCE LPX Gaming RAM COL price VAL 0 COL priceCurrency VAL TRY,Corsair CORSAIR 8Gbx1 DDR4 3000Mhz Ram CMK8GX4M1D3000C16 VENGEANCE LPX Gaming RAM
16403660,right,Adata,"COL brand VAL Adata COL title VAL XPG SX6000 Lite internal solid state drive 1000 GB PCI Express 3.0 3D TLC NVMe M.2 SSD COL description VAL (Solid, 3.0, 1000, 3D, Adata, Drive), Express, GB, Lite, M.2, NVMe, PCI, SSD, SX6000, State, TLC, XPG, drive, internal, solid, state COL price VAL 129.95 COL priceCurrency VAL EUR",Adata XPG SX6000 Lite internal solid state drive 1000 GB PCI Express 3.0 3D TLC NVMe M.2 SSD
84249757,right,Cooler Master,COL brand VAL Cooler Master COL title VAL Cooler Master MasterCase H500 ARGB Mesh Mid Tower ATX Case TG MCM-H500-IGNN-S01 | PCByte COL description VAL Mesh & Transparent Front PanelDual 200mm ARGB FansARGB Lighting SystemTempered Glass Side PanelCase Handle COL price VAL 169.0 COL priceCurrency VAL AUD,Cooler Master Cooler Master MasterCase H500 ARGB Mesh Mid Tower ATX Case TG MCM-H500-IGNN-S01 | PCByte
69866884,right,Lexmark,COL brand VAL Lexmark COL title VAL Lexmark Toner Sort 3.5k - E360/E460 Return COL description VAL  COL price VAL 949 COL priceCurrency VAL DKK,Lexmark Lexmark Toner Sort 3.5k - E360/E460 Return
98124674,right,Samsung,"COL brand VAL Samsung COL title VAL Samsung T7 Blue 2TB Portable SSD USB-C/A Gen2 COL description VAL 2TB Samsung T7 MU-PC2T0H/WW, Portable External SSD, USB 3.2 Gen2/Type-C, Bus Powered, Blue COL price VAL 341.99 COL priceCurrency VAL GBP",Samsung Samsung T7 Blue 2TB Portable SSD USB-C/A Gen2
18862066,right,Crucial,COL brand VAL Crucial COL title VAL Crucial MX500 M.2 2280 500GB Internal SSD 560MB/s CT500MX500SSD4 | PCByte COL description VAL Capacity: 500GBForm Factor : M.2(2280)Read : 560 MB/sWrite : 510 MB/sInterface: SATA III 6Gb/s COL price VAL 85.0 COL priceCurrency VAL AUD,Crucial Crucial MX500 M.2 2280 500GB Internal SSD 560MB/s CT500MX500SSD4 | PCByte
48102422,right,Razer,"COL brand VAL Razer COL title VAL Razer Viper Mini Ultra-Lightweight USB RGB Optical Gaming Mouse (RZ01-03250100-R3M1) COL description VAL Razer Viper Mini Ultra-Lightweight USB Optical Gaming Mouse, 8500 DPI OPTICAL SENSOR, 6 PROGRAMMABLE BUTTONS, 100% PTFE MOUSE FEET, ON-BOARD MEMORY PROFILE COL price VAL 44.952 COL priceCurrency VAL GBP",Razer Razer Viper Mini Ultra-Lightweight USB RGB Optical Gaming Mouse (RZ01-03250100-R3M1)
47293324,right,Evans,"COL brand VAL Evans COL title VAL Evans EC2 Clear Drum Head, 8 Inch COL description VAL Evans clear EC2 series features two plies of 7mil film with optimized attack, tone, length of sustain and ease of tuning for each size head. The Sound Shaping Technology (SST) Edge Control ring mounted on the underside delivers an extremely well balanced and pre-EQ'd sound across the full kit by varying the size of the ring for each different head size.Evans Level 360 technology is incorporated to extend the level playing surface of the drumhead, 360 degrees around the drum. The vertically enhanced collar design guarantees even contact with the critical bearing edge of the drum shell, resulting in: ease of tuning, extended pitch range and optimum quality of sound. Evans Level 360 technology resolves the age-old dilemma of traditional synthetic heads consistently not fitting the drum shell without using considerable force. COL price VAL $13.99 COL priceCurrency VAL USD","Evans Evans EC2 Clear Drum Head, 8 Inch"
18567164,right,Shimano,"COL brand VAL Shimano COL title VAL Dura-Ace 9100 11-Speed Cassette 11-25T COL description VAL ##Shimano Dura-Ace 9100 11-Speed Cassette 11-25TImprove your shifting efficiency with the Shimano Dura-Ace 9100 11-Speed Cassette 11-25T. This pro-level cassette is ultra-lightweight and features Shimano's rider tuned gearing for smooth shifting no matter what ratio you are running. The spider is constructed from a carbon fibre reinforced polymer (CFRP) and alloy combination, making it super-light, stiff and durable. Five titanium sprockets on this 11-speed cassette ensure longevity while keeping the weight low. COL price VAL 199 COL priceCurrency VAL GBP",Shimano Dura-Ace 9100 11-Speed Cassette 11-25T
51033513,right,Razer,COL brand VAL Razer COL title VAL Razer Viper Ultimate & Mouse Dock COL description VAL  COL price VAL 3550 COL priceCurrency VAL MDL,Razer Razer Viper Ultimate & Mouse Dock
62807515,right,Bosch,"COL brand VAL Bosch COL title VAL Bosch KGN34NWEAG 60cm Frost Free Fridge Freezer COL description VAL Innovative Cooling FeaturesThanks to Bosch’s FreshSense technology, the KGN34NWEAG has sensors which monitor and control the perfect climate for your compartments, meaning your food can maintain an even temperature and retain more flavour. Plus, with the Multi Airflow System, this fridge freezer maintains an even air distribution for longer freshness, and ensures that smells aren’t transferred between foods.As the Bosch KGN34NWEAG has No Frost technology, your fridge freezer will be completely free of ice, and you’ll never have to worry about manually defrosting your appliance again.Do you find it difficult to read the expiry date on items you’ve bought? With the handy LED light, your food is kept in the spotlight, so you can see your contents’ every detail.Superb Storage OptionsThe fridge has four glass shelves, one salad bin, and three door balconies, making it easier for you to store foods such as milk and eggs. For even more cooling space, there are three clear drawers in the freezer, so you won’t need to rummage through, seeing clearly what you have inside.Plus, the four star rated freezer has 128 litres of space, so you’ll be able to store leftovers and ice-cream tubs effortlessly. It also has a storage period of up to 19 hours in case of power failure, to keep your food safe.Finished in a sleek white design and with reversible doors, the KGN34NWEAG will fit seamlessly anywhere in your kitchen. What’s more, this Bosch fridge freezer has an energy rating of A++, to be kinder on the environment as well as your wallet.With a capacity of 324 litres, this freestanding fridge freezer has plenty of storage space for your groceries. Fantastic cooling technology on the Bosch KGN34NWEAG makes it the perfect addition for your home. Why not add one to your basket today? COL price VAL 449.00 COL priceCurrency VAL GBP",Bosch Bosch KGN34NWEAG 60cm Frost Free Fridge Freezer
81603750,right,NEW ERA,COL brand VAL NEW ERA COL title VAL Czapka New Era 39THIRTY New York Yankees - 10298279 COL description VAL  COL price VAL 136.41 COL priceCurrency VAL PLN,NEW ERA Czapka New Era 39THIRTY New York Yankees - 10298279
10373250,right,TP-Link,COL brand VAL TP-Link COL title VAL Access Point TP-Link 450MBPS TL-WA901ND Wireless COL description VAL  COL price VAL 0.0 COL priceCurrency VAL BRL,TP-Link Access Point TP-Link 450MBPS TL-WA901ND Wireless
5137860,right,Brother,"COL brand VAL Brother COL title VAL Brother HL-L8360CDW Laser Printer COL description VAL Need Help with your purchase? If you have any questions regarding any of our products or services, please feel free to contact us. 1300 765 575 03 9703 255 support@cartridgesdirect.com.au Find out more Delivery and Shipping Information Terms and Conditions COL price VAL 588.76 COL priceCurrency VAL AUD",Brother Brother HL-L8360CDW Laser Printer
81441228,right,TP-Link,"COL brand VAL TP-Link COL title VAL T1700G-28TQ GE/XG/SMA/24, Switch COL description VAL  COL price VAL 91684 COL priceCurrency VAL ","TP-Link T1700G-28TQ GE/XG/SMA/24, Switch"
75384375,right,Epson,COL brand VAL Epson COL title VAL Epson T7891 Black Cart - Compatible COL description VAL Epson T7891 Black Cart - Compatible COL price VAL 12.93 COL priceCurrency VAL GBP,Epson Epson T7891 Black Cart - Compatible
80529811,right,Ubiquiti Networks (UBNT),COL brand VAL Ubiquiti Networks (UBNT) COL title VAL Ubiquiti UniFi G3 Bullet Video Camera COL description VAL Ubiquiti UniFi G3 Bullet Video Camera (1080p HD 30 FPS) COL price VAL 167.42 COL priceCurrency VAL GBP,Ubiquiti Networks (UBNT) Ubiquiti UniFi G3 Bullet Video Camera
44884689,right,GIGABYTE,COL brand VAL GIGABYTE COL title VAL Gigabyte AORUS GeForce RTX™ 2080 Ti XTREME 11G COL description VAL Features Powered by GeForce® RTX 2080 Ti Integrated with 11GB GDDR6 352-bit memory interface WINDFORCE Stack 3X 100mm Fan Cooling System with RGB light reinvented 7 Video Outputs Metal Back Plate with RGB AORUS LOGO Illumination Built for Extreme Overclocking 16+3 Power Phases 4 Years Warranty (Online registration required) Core Clock 1770 MHz (Reference Card : 1545 MHz) COOLING SYSTEM AORUS COL price VAL 108000 COL priceCurrency VAL INR,GIGABYTE Gigabyte AORUS GeForce RTX™ 2080 Ti XTREME 11G
6978466,right,Logitech,"COL brand VAL Logitech COL title VAL Logitech BRIO 4K Ultra HD webcam COL description VAL Logitech BRIO 4K Ultra HD webcam COL price VAL €289,00 COL priceCurrency VAL ",Logitech Logitech BRIO 4K Ultra HD webcam
27449862,right,_none,COL brand VAL  COL title VAL Omega Seamaster DIVER 300MOMEGA CO-AXIAL MASTER CHRONOMETER 42 MM COL description VAL  COL price VAL 219000 COL priceCurrency VAL MXN,Omega Seamaster DIVER 300MOMEGA CO-AXIAL MASTER CHRONOMETER 42 MM
64003605,right,sandisk,"COL brand VAL sandisk COL title VAL SanDisk SDCZ60-064G-B35 Cruzer Glide USB Flash Drive USB 2.0 - 64 GB COL description VAL SanDisk 64gb Cruzer Glide USB 2.0Certified Refurbished by SANDISKReliable storage for photos; videos; music and other filesAvailable in capacities up to 256 GBPassword protection and file encryption with included SanDisk SecureAccess softwareThe capacity to do moreThe SanDisk Cruzer Glide USB 2.0 Flash Drive lets you store all your memories, movies, music and more with capacities ranging from 8 GB up to a huge 256 GBReliable, portable, retractable.Easily transfer and carry your content with a retractable design that keeps the connector safe.SanDisk SecureAccess software Store and protect everything, from cherished photos to sensitive work files, by password-protecting and encrypting your private content.Brand name SanDiskItem Weight 13.6 gProduct Dimensions 2.1 x 1.1 x 7.1 cmItem model number SDCZ60-064GSeries SDCZ60-064G-B35Color Black & RedForm Factor SlideScreen Size 2.4 inchesHard Drive Size64 GBOperating System Windows XP, 7, 10, mac OS X v10.5 +LinuxWarranty 3 months COL price VAL 14.99 COL priceCurrency VAL GBP",sandisk SanDisk SDCZ60-064G-B35 Cruzer Glide USB Flash Drive USB 2.0 - 64 GB
58755004,right,Corsair,"COL brand VAL Corsair COL title VAL Corsair 110R Tempered Glass Mid-Tower ATX Case COL description VAL Product InformationA SUBTLE SHOWCASEThe 110R's minimalist design ensures that your system can fit in almost any environment and displays your components through a beautiful tempered glass side panel.FLEXIBLE STORAGE OPTIONSSupports up to four drives for the storage options you need: two 2.5in trays and two combo 3.5in / 2.5in trays in a removable cage, plus a 5.25in ODD bay.STRONG COOLING POTENTIALIncludes a 120mm fan to cool your components out-of-the-box, with room for up to 5x 120mm or 3x 140mm cooling fans or multiple radiators to keep your PC cool.FULL-LENGTH PSU COVERHide your PSU and cables out of sight, making immaculate builds easier to create than ever.KEEP YOUR SYSTEM CLEANRemovable dust filters in the floor, roof and front help keep your system clean long after the build is finished.UP-FRONT CONNECTIONSA front I/O panel with two USB 3.1 Type-A ports and a combined microphone/headphone jack provides easy access to your favorite devices.Item Code: CC-9011183-WWShow more; COL price VAL 51.97 COL priceCurrency VAL GBP",Corsair Corsair 110R Tempered Glass Mid-Tower ATX Case
81439789,right,_none,COL brand VAL  COL title VAL Ext. HDD LaCie Mobile Drive 2TB USB-C COL description VAL  COL price VAL 3113.00 COL priceCurrency VAL CZK,Ext. HDD LaCie Mobile Drive 2TB USB-C
149175,right,LaCie,"COL brand VAL LaCie COL title VAL LaCie Rugged USB 3.1C 4 TB 2,5'' STFS4000800 COL description VAL LaCie Rugged USB 3.1C 4 TB 2,5'' STFS4000800 COL price VAL 1176.11 COL priceCurrency VAL PLN","LaCie LaCie Rugged USB 3.1C 4 TB 2,5'' STFS4000800"
62242636,right,DJI,COL brand VAL DJI COL title VAL DJI Mavic Air Car Charger COL description VAL  COL price VAL 649 COL priceCurrency VAL SEK,DJI DJI Mavic Air Car Charger
24360041,right,BLAZE Outdoor Products,"COL brand VAL BLAZE Outdoor Products COL title VAL Blaze 2 Burner Professional Built-In Propane Gas Outdoor Grill, BLZ-2PRO-LP COL description VAL Blaze 2 Burner Professional Built-In Propane Gas Outdoor Grill, BLZ-2PRO-LP Also Available in Natural Gas (BLZ-2PRO-NG) Blaze presents the Blaze Professional Grill as a leader in the industry regarding the thickness of its components resulting in irrefutable durability while providing an effective cooking system. By the precision mixing of fuel... COL price VAL 2499.99 COL priceCurrency VAL USD","BLAZE Outdoor Products Blaze 2 Burner Professional Built-In Propane Gas Outdoor Grill, BLZ-2PRO-LP"
51810284,right,D-LINK,"COL brand VAL D-LINK COL title VAL D-Link Switch 24 Puertos- Red COL description VAL The DGS-1210 Series Gigabit Smart Switches with Fibre Uplinks is the latest generation of D-Link Smart Switches featuring D-Link Green 3.0 technology. The series offers a high level of energy saving and efficiency, as it also complies with the IEEE 802.3az Energy Efficient Ethernet standard. Support for IPv6 management and configurations ensures your network remains protected after the upgrade from IPv4 to IPv61. By offering multiple management options, the Smart Switches allows quick deployment, infrastructure expansion, and seamless function upgrades. Built for small and medium-sized businesses, the DGS-1210 Series Smart Switches provide functionality, security, and manageability for a fraction of the standard cost of ownership.The DGS-1210 Series Gigabit Smart Switches with Fibre Uplinks includes a range of affordable PoE-enable switches for businesses looking to power VoIP phones, wireless access points or network cameras. The DGS-1210-08P1 is a 8-port Smart PoE Switch that provides 8 PoE-enabled ports that can supply power of up to 15.4 W each. Whereas the DGS-1210-24P1 is a 24-port Smart PoE Switch that provides 12 PoE-enabled ports that can support up to 30 W of power output following IEEE 802.3at standard. The design allows more flexibility in power allocation for a variety of powered devices with affordable installation costs.Puedes obtener más información en la WEB del fabricante.Compra D-Link Switch 24 Puertosbarato en antarti.com . Tu tienda de informática online de confianza. Los mejores precios. Si lo encuentras más barato en otro lugar, por favor indícanoslo aquí.Información adicional:Garantía 2 años COL price VAL 316.5 COL priceCurrency VAL ",D-LINK D-Link Switch 24 Puertos- Red
66129710,right,Kingston,COL brand VAL Kingston COL title VAL Kingston HyperX Predator 32 GB - PC4-24000 - DIMM COL description VAL Predator 32GB 3000MHz DDR4 Kit COL price VAL 199.00 COL priceCurrency VAL EUR,Kingston Kingston HyperX Predator 32 GB - PC4-24000 - DIMM
4284864,right,Jabra,COL brand VAL Jabra COL title VAL Jabra EVOLVE 65 UC Mono Bluetooth Headset COL description VAL  COL price VAL 189 COL priceCurrency VAL USD,Jabra Jabra EVOLVE 65 UC Mono Bluetooth Headset
7717624,right,Crucial,COL brand VAL Crucial COL title VAL Crucial 8GB DDR3 1600MHz CT102464BF160B Notebook Ram COL description VAL  COL price VAL 414.14 COL priceCurrency VAL TRY,Crucial Crucial 8GB DDR3 1600MHz CT102464BF160B Notebook Ram
90603941,right,Brother,"COL brand VAL Brother COL title VAL Brother HL-L6200DW Business Laser Printer COL description VAL HL-L6200DW Business Laser Printer. The Brother HL-L6200DW monochrome laser printer is a great choice for busy offices and workgroups with higher print volumes that need a reliable printer with a low cost per page. Maximize your productivity with fast printing up to 48ppm and automatic two-sided printing, and help lower your operating costs with a super high-yield replacement toner cartridge. Reduce paper refills with a 520-sheet capacity paper tray that holds more than a ream of paper or for even greater paper capacity add optional trays for a total capacity of 1,610 sheets. Advanced security features help protect sensitive documents and prevent unauthorized printing. Plus, enjoy flexible connectivity with Gigabit Ethernet and wireless network interfaces, and convenient mobile device printing. COL price VAL 229.99 COL priceCurrency VAL USD",Brother Brother HL-L6200DW Business Laser Printer
78196838,right,Kingston,COL brand VAL Kingston COL title VAL KINGSTON 8GB 1600MHz DDR3 CL10 DIMM (Kit of 2) HyperX Fury Series COL description VAL  COL price VAL 41.65 COL priceCurrency VAL EUR,Kingston KINGSTON 8GB 1600MHz DDR3 CL10 DIMM (Kit of 2) HyperX Fury Series
17128193,right,Epson,COL brand VAL Epson COL title VAL Epson WP4000/4500 Inkjet Cartridge High Yield Magenta. (Eiffel Tower) OEM: C13T70234010 EP48715 COL description VAL Epson WP4000/4500 Inkjet Cartridge High Yield Magenta. (Eiffel Tower) OEM: C13T70234010 EP48715 COL price VAL 37.30 COL priceCurrency VAL GBP,Epson Epson WP4000/4500 Inkjet Cartridge High Yield Magenta. (Eiffel Tower) OEM: C13T70234010 EP48715
31177984,right,GN Netcom,"COL brand VAL GN Netcom COL title VAL Jabra EVOLVE 20 Wired Stereo Headset - Over-the-head - Supra-aural COL description VAL USB, Mini-phone - Yes COL price VAL 35.93 COL priceCurrency VAL GBP",GN Netcom Jabra EVOLVE 20 Wired Stereo Headset - Over-the-head - Supra-aural
74021002,right,RAM,"COL brand VAL RAM COL title VAL RAM 3.3\"" DIA. SUCT CUP W 1\"" BALL COL description VAL  COL price VAL 23.80 COL priceCurrency VAL EUR","RAM RAM 3.3\"" DIA. SUCT CUP W 1\"" BALL"
16871572,right,UBIQUITI,COL brand VAL UBIQUITI COL title VAL Ubiquiti UVC-G3-BULLET (Formerly UVC-G3-AF) UniFi Video Camera G3 1080p PoE IP Camera COL description VAL Ubiquiti UVC-G3-AF UniFi Video Camera G3 1080p PoE IP Camera COL price VAL 118.20 COL priceCurrency VAL GBP,UBIQUITI Ubiquiti UVC-G3-BULLET (Formerly UVC-G3-AF) UniFi Video Camera G3 1080p PoE IP Camera
56736608,right,Atomos,"COL brand VAL Atomos COL title VAL Atomos Coiled Full HDMI to Full HDMI Cable (30cm) - ATOMCAB010 COL description VAL Atomos ATOMCAB010 1 x coiled full HDMI to full HDMI Cable (30cm).Flexible. Reliable. Compact.This coiled HDMI cabling from Atomos provides a solid solution for reducing clutter on your rig, offering a smaller overall footprint than traditional HDMI cables provide. Length is measured at 30cm (11.8”) coiled, and about 45cm (17.7”) when extended fully. COL price VAL 29.00 COL priceCurrency VAL ",Atomos Atomos Coiled Full HDMI to Full HDMI Cable (30cm) - ATOMCAB010
21658813,right,Maxxis,COL brand VAL Maxxis COL title VAL Reifen Maxxis 29x2.30 Minion DHR II DoubleDown COL description VAL Maxxis Minion DHR II DoubleDown COL price VAL 56.50 COL priceCurrency VAL EUR,Maxxis Reifen Maxxis 29x2.30 Minion DHR II DoubleDown
41182463,right,SRAM,COL brand VAL SRAM COL title VAL SRAM Cassette Sram PG 1130 11 vitesses 11-36 COL description VAL  COL price VAL 115.99 COL priceCurrency VAL CAD,SRAM SRAM Cassette Sram PG 1130 11 vitesses 11-36
33622216,right,LINOVISION,"COL brand VAL LINOVISION COL title VAL DS-1273ZJ-140 Outdoor Indoor Wall Mount Bracket for Hikvision Dome Camera COL description VAL Package Contents:BracketScrewsWarranty:24/7 US local+ Global technical support2 year US local warrantyFree return in 30 daysImportant Notes:EmptyCamera Bracket Only, CCTVCameraisnotincluded.Compatible with Hikvision Analog camera：DS-2CE56D5T-(A)VPIR3, DS-2CE56D5T-AVPIR3Z(H), DS-2CE56D1T-(A)VPIR3(Z), DS-2CE56C5T-(A)VPIR3, DS-2CE56D7T-(A)VPIT3Z, DS-2CE56D8T-(A)VPIT3Z/VPIT3ZE, DS-2CC52D9T-AVPIT3ZE, DS-2CE56D0T-VPIR3E, DS-2CE56F7T-(A)VPIT3Z, DS-2CE56H0T-(A)VPIT3ZF/VPIT3ZE, DS-2CE56 COL price VAL 31.99 COL priceCurrency VAL USD",LINOVISION DS-1273ZJ-140 Outdoor Indoor Wall Mount Bracket for Hikvision Dome Camera
90795718,right,Hikvision,"COL brand VAL Hikvision COL title VAL DVR HDTVI 32 canale Turbo HD Full HD Hikvision DS-7332HQHI-K4 HD-TVI / AHD / CVI + 8 canale IP de pana la 6MP, 4xSATA COL description VAL DVR HDTVI 32 canale Turbo HD Full HD Hikvision DS-7332HQHI-K4 HD-TVI / AHD / CVI + 8 canale IP de pana la 6MP, 4xSATA COL price VAL 2389.99005 COL priceCurrency VAL RON","Hikvision DVR HDTVI 32 canale Turbo HD Full HD Hikvision DS-7332HQHI-K4 HD-TVI / AHD / CVI + 8 canale IP de pana la 6MP, 4xSATA"
9746845,right,Dymo,COL brand VAL Dymo COL title VAL Dymo 53718 Black On Yellow - 24mm COL description VAL Dymo S0720980 from Dymo Express. 53718 Black On Yellow - Yellow- 24mm. COL price VAL 15.70 COL priceCurrency VAL GBP,Dymo Dymo 53718 Black On Yellow - 24mm
26786850,right,Daniel Wellington horloges,COL brand VAL Daniel Wellington horloges COL title VAL Daniel Wellington Horloge Classic Sheffield Rose DW00100036 COL description VAL Daniel Wellington Horloge Classic Sheffield Rose DW00100036 COL price VAL 135.20 COL priceCurrency VAL EUR,Daniel Wellington horloges Daniel Wellington Horloge Classic Sheffield Rose DW00100036
48791418,right,Asus,COL brand VAL Asus COL title VAL ASUS Dual GeForce GTX 1660 6GB OC Edition EVO 192Bit GDDR5 COL description VAL  COL price VAL  COL priceCurrency VAL ,Asus ASUS Dual GeForce GTX 1660 6GB OC Edition EVO 192Bit GDDR5
96989593,right,SRAM,COL brand VAL SRAM COL title VAL SRAM AM BRAKE PAD GUIDE/TRL STLSIN 1 SET COL description VAL  COL price VAL 25.00 COL priceCurrency VAL USD,SRAM SRAM AM BRAKE PAD GUIDE/TRL STLSIN 1 SET
88855243,right,Gigabyte,"COL brand VAL Gigabyte COL title VAL Gigabyte AMD Radeon RX 5500 XT OC 8GB GDDR6 RDNA PCIe 4.0 Graphics Card COL description VAL EXPERIENCE POWERFUL, ACCELERATED GAMING CUSTOMIZED FOR YOU WITH THE RX 5500 XTThe all new RDNA powered Gigabyte Radeon RX 5500 XT OC provides exceptional performance and High-fidelity gaming. Take control with Radeon RX 5500 XT and experience powerful, accelerated gaming that has been customized for you. The 5500 XT power the wold’s most technologically advanced 1080p gaming systems. The WINDFORCE cooling system with alternate spinning fans allow this card to stay cool and excel amongst the rest. Gigabyte RX 5500 XT OC allows you to utilise PCI-Express 4.0 support, with a throughput of 16 GT/s and enables two times the bandwidth compared to PCI Express 3.0 for even more immersive experiences whilst gaming. The back plate not only provides an aesthetical shape, but also enhances the structure of the graphics card to provide complete protection.1408Stream Processors8GBGDDR6 Memory1647 MHzCore Clock1845 MHzBoost ClockGigabyte\\'s Windforce Cooling Technology2 X 90MM ALTERNATING BLADE FANSThe WINDFORCE 2X cooling system features two 90mm unique blade fans which spin alternately, 3 composite copper heat pipes, heat-pipe direct touch and 3D active fan functionality, together delivering an effective heat dissipation capacity for higher performance at lower temperatures. GIGABYTE turns the adjacent fans in the opposite direction, so that the airflow direction between the two fans is the same, reducing the turbulence and enhancing the airflow pressure.Combining Different Cooling SolutionsUNIQUE BLADE FAN EFFECTIVELY ENHANCES THE AIRFLOWThe 3D Active Fan provides semi-passive cooling, and the fans will remain off when the GPU is in a low load or low power game. It allows gamers to enjoy gameplay in complete silence when the system is running light or idle. The airflow is spilt by the triangular fan edge, and guided smoothly through the 3D stripe curve on the fan surface, effectively enhancing the airflow. The shape of the pure copper heat pipes maximize the direct contact area with the GPU, enhancing heat transfer.Brand New RDNA Architecture with 7nm ProcessREDUCES LATENCY AND PROVIDES HIGHER BANDWIDTHPowered by the groundbreaking 7nm RDNA architecture with Radeon™ Image Sharpening and Radeon™ Anti-Lag technology, Radeon RX 5500 XT GPU delivers extremely efficient, ultra-responsive, high-fidelity gaming for immersive explosions, physics, and lighting effects, bringing realism to life. Take your gaming experience to the next level. You can experience stutter-free, tear-free gaming, reduced input latency and day-0 drivers optimized for new game releases.Featuring GDDR6 Memory and Compatiblity with PCIe 4.0SUPER-FAST PERFORMANCE FOR TODAYS DEMANDING TITLESEquipped with 8GB of advanced GDDR6 memory to provide high bandwidth of up to 224 GB/s, enabling 1080p performance for today’s most demanding games. Radeon RX 5500 XT features PCI® Express 4.0 support, which enables two times the bandwidth compared to PCI Express 3.0. Get ready for the next generation of PC gaming.Superior Gaming Performance with FreeSync MonitorsSMOOTH REFRESH RATE SO YOU CAN GAME AT YOUR BESTPair your new AMD Radeon GPU with a large selection of FreeSync gaming monitors. With such a wide array of monitors equipped with Radeon FreeSync or Radeon FreeSync2 HDR available you can enjoy choosing monitors that are styled and run how you want, but by choosing a monitor with FreeSync and combining it with an AMD card of this caliber the results will be a stutter-free, tear-free and artifact-free smooth gaming experience. COL price VAL 186.048 COL priceCurrency VAL GBP",Gigabyte Gigabyte AMD Radeon RX 5500 XT OC 8GB GDDR6 RDNA PCIe 4.0 Graphics Card
70174967,right,_none,COL brand VAL  COL title VAL Buy Quality Replica Tag Heuer Monaco Steve McQueen Chronograph Watch CAW211P.FC6356 COL description VAL Quality AAA Replica Tag Heuer Monaco Steve McQueen Chronograph Watch CAW211P.FC6356 from online store for sale. COL price VAL  COL priceCurrency VAL ,Buy Quality Replica Tag Heuer Monaco Steve McQueen Chronograph Watch CAW211P.FC6356
8298432,right,Corsair,COL brand VAL Corsair COL title VAL Corsair ML120 Pro LED 120mm Premium Mag-Lev Fan Red COL description VAL Corsair ML120 Pro LED 120mm Premium Mag-Lev Fan Red available to buy online from PC Case Gear – Australia’s Premier Online PC Store. COL price VAL 39 COL priceCurrency VAL AUD,Corsair Corsair ML120 Pro LED 120mm Premium Mag-Lev Fan Red
75596485,right,SHIMANO,COL brand VAL SHIMANO COL title VAL SPD-SL-CLEAT-SET-SM-SH11-(YELLOW)-[6DEGREE] COL description VAL SM-SH11 CLEAT SET(SELF-ALIGNING MODE /PAIR) #42U 98010 COL price VAL 12.0 COL priceCurrency VAL OMR,SHIMANO SPD-SL-CLEAT-SET-SM-SH11-(YELLOW)-[6DEGREE]
43932865,right,Canon,COL brand VAL Canon COL title VAL Canon EF-S 18-135/3.5-5.6 IS USM COL description VAL  COL price VAL 5818 COL priceCurrency VAL SEK,Canon Canon EF-S 18-135/3.5-5.6 IS USM
59141538,right,_none,"COL brand VAL  COL title VAL SEIKO Prospex Automatic Men's 45mm Diver Watch - SPB103J1 – Green Dial COL description VAL A modern classic deserving of the Seiko name adored by so many, the Prospex line of diving watches are highly dependable and stylish while sporting numerous utilitarian design elements.This model features a striking green sunray dial, an automatic movement with optional manual winding function,anda 70-hour power reserve that ensures the watch is always ready to go when you are. The watch also sports bold LumiBrite hands and indexes, for maximum visibility in dark or murky conditions. COL price VAL 7.4E2 COL priceCurrency VAL GBP",SEIKO Prospex Automatic Men's 45mm Diver Watch - SPB103J1 – Green Dial
62274139,right,Evans,"COL brand VAL Evans COL title VAL Evans - Clear EMAD Bass Batter, 20\"" COL description VAL BD20EMADClear EMADBass Batter20 COL price VAL 69.00 COL priceCurrency VAL CAD","Evans Evans - Clear EMAD Bass Batter, 20\"""
51909448,right,Shimano,COL brand VAL Shimano COL title VAL Shimano Shimano PD-R7000 105 SPD-SL PEDAL W/O REFLECTOR W/CLEAT COL description VAL Light and durable- 265 grams per pair. Sealed cartridge axle unit. Carbon fiber reinforced body and stainless steel axle. COL price VAL 149.99 COL priceCurrency VAL USD,Shimano Shimano Shimano PD-R7000 105 SPD-SL PEDAL W/O REFLECTOR W/CLEAT
95251916,right,Cooler Master,COL brand VAL Cooler Master COL title VAL Cooler Master N300 Mesh ATX Case Black NSE-300-KKN1 | PCByte COL description VAL  COL price VAL 79.0 COL priceCurrency VAL AUD,Cooler Master Cooler Master N300 Mesh ATX Case Black NSE-300-KKN1 | PCByte
23055402,right,D-Link,COL brand VAL D-Link COL title VAL Switch D-Link DGS-1210-24 20 p 10 / 100 / 1000 Mbps 4 x SFP COL description VAL Switch D-Link DGS-1210-24 20 p 10 / 100 / 1000 Mbps 4 x SFP COL price VAL 138.87 COL priceCurrency VAL EUR,D-Link Switch D-Link DGS-1210-24 20 p 10 / 100 / 1000 Mbps 4 x SFP
27365404,right,Canon,COL brand VAL Canon COL title VAL Canon EF-S 10-18/4.5-5.6 IS STM COL description VAL  COL price VAL 23126 COL priceCurrency VAL EUR,Canon Canon EF-S 10-18/4.5-5.6 IS STM
39833087,right,_none,COL brand VAL  COL title VAL Cappello New Era Clean Trucker 2 NY Yankees Cap COL description VAL  COL price VAL 2.19E1 COL priceCurrency VAL EUR,Cappello New Era Clean Trucker 2 NY Yankees Cap
12190772,right,HYDRO FLASK,"COL brand VAL HYDRO FLASK COL title VAL HYDRO FLASK HYDRO FLASK 32OZ WIDE MOUTH BOTTLE-BLACK COL description VAL Big enough for a whole day on the river or trails, the Hydro Flask 32 oz Wide Mouth Bottle is made with professional-grade stainless steel and a wider opening for faster fill. The Color Last™ powder coat is dishwasher safe for even more convenience. Cold COL price VAL 44.95 COL priceCurrency VAL USD",HYDRO FLASK HYDRO FLASK HYDRO FLASK 32OZ WIDE MOUTH BOTTLE-BLACK
27074490,right,Corsair,COL brand VAL Corsair COL title VAL CORSAIR Vengeance RGB Pro 16GB (2 x 8GB) 288-Pin DDR4 DRAM DDR4 3000 (PC4 24000) Desktop Memory Model CMW16GX4M2C3000C15W COL description VAL CORSAIR Vengeance RGB Pro 16GB (2 x 8GB) 288-Pin DDR4 DRAM DDR4 3000 (PC4 24000) Desktop Memory Model CMW16GX4M2C3000C15W COL price VAL 83.99 COL priceCurrency VAL USD,Corsair CORSAIR Vengeance RGB Pro 16GB (2 x 8GB) 288-Pin DDR4 DRAM DDR4 3000 (PC4 24000) Desktop Memory Model CMW16GX4M2C3000C15W
12650660,right,Epson,"COL brand VAL Epson COL title VAL Epson Tinte T6037 Light Black, 220 ml COL description VAL  COL price VAL 97.10 COL priceCurrency VAL EUR","Epson Epson Tinte T6037 Light Black, 220 ml"
68891313,right,Western Digital,COL brand VAL Western Digital COL title VAL Western Digital WD My Passport Portable HDD 4TB Black COL description VAL Western Digital WD My Passport Portable HDD 4TB Black – PC Case Gear – Australia’s Premier Online PC Store. COL price VAL 179 COL priceCurrency VAL AUD,Western Digital Western Digital WD My Passport Portable HDD 4TB Black
35809370,right,Hydro Flask,COL brand VAL Hydro Flask COL title VAL Hydro Flask 32oz Wide Mouth Flex Cap Hibiscus COL description VAL  COL price VAL 44.95 COL priceCurrency VAL USD,Hydro Flask Hydro Flask 32oz Wide Mouth Flex Cap Hibiscus
